/* Auto-generated IMA ADPCM audio data for About dialog drone.
   93932 samples at 11025 Hz mono, 8.52s
   Encoded: 46966 bytes IMA ADPCM (4 bits/sample) */

#ifndef DC_ABOUT_AUDIO_H
#define DC_ABOUT_AUDIO_H

#define ABOUT_AUDIO_SR      11025
#define ABOUT_AUDIO_SAMPLES 93932
#define ABOUT_AUDIO_BYTES   46966

static const unsigned char about_audio_adpcm[46966] = {
    0x77,0xF7,0xFD,0xB7,0x70,0xB8,0x98,0x63,0xEA,0x15,0x0A,0xA1,0x08,0x4E,0x98,0x11,
    0x8A,0xE1,0x32,0xDA,0xB5,0x50,0x8A,0x90,0x3B,0x18,0x4B,0x18,0x8C,0xA7,0xA3,0xF2,
    0x11,0x98,0x08,0x00,0x09,0xB2,0x11,0x19,0xD8,0x97,0x82,0x0D,0x32,0xF8,0x20,0x89,
    0x4A,0x38,0x8E,0x04,0x09,0x00,0xE1,0x10,0x88,0xD2,0x21,0x8A,0xA2,0x4A,0xA0,0x94,
    0x9A,0xA5,0x4B,0x39,0x5B,0xBB,0x97,0x80,0x09,0x38,0x0A,0x01,0xF0,0x28,0x80,0x9A,
    0x11,0xD8,0x12,0x8A,0x92,0x06,0xBA,0x18,0xB2,0x62,0x1B,0x0A,0x39,0x5B,0x0A,0x89,
    0x14,0x86,0x9A,0x32,0x9F,0x02,0xB3,0x1C,0x20,0x1E,0x08,0x38,0x29,0x83,0x0F,0x90,
    0x15,0x9A,0x08,0x61,0xC9,0x82,0x3C,0x0A,0x90,0x52,0x1E,0x28,0x2B,0xB3,0x91,0x19,
    0xD9,0x02,0x6B,0xC1,0x21,0x09,0xA1,0x11,0xBD,0x14,0x0E,0x84,0x88,0x29,0xB8,0x03,
    0xB4,0x3B,0x10,0x8B,0xA1,0x07,0x8B,0x70,0x0C,0x20,0x9A,0x8B,0x97,0x91,0x01,0x3F,
    0x08,0x1A,0x28,0xB1,0x4F,0x88,0x81,0x2A,0x19,0x4B,0xA8,0x80,0x93,0x8D,0xB8,0xB6,
    0x32,0x1C,0x80,0x0A,0x18,0x84,0x0F,0x82,0x1A,0x82,0xB3,0x1B,0xC5,0x85,0x3C,0xB1,
    0x28,0x1B,0xE0,0x44,0x0C,0xA2,0x2A,0x93,0xC4,0x4B,0x90,0x81,0xB3,0xA8,0x85,0xA8,
    0x01,0xA3,0x80,0x94,0x20,0x8F,0x10,0x2D,0x2A,0x99,0x91,0x8D,0x91,0x86,0x2B,0x03,
    0xD0,0x80,0x1A,0x1D,0x81,0x00,0x2B,0x3B,0x17,0x8B,0x88,0x1D,0x52,0x9C,0x23,0xDC,
    0x01,0x80,0x38,0x80,0xD8,0x33,0x5A,0xA0,0x2E,0x1A,0x11,0xB1,0x04,0xA8,0x9C,0x05,
    0x6C,0x98,0x19,0x3A,0x90,0x18,0x0A,0x01,0x28,0xD1,0x16,0x1C,0xA9,0x95,0x1D,0xB2,
    0xB2,0x85,0xA1,0x01,0xC2,0xA0,0x60,0x9B,0x13,0x8A,0xA9,0x96,0x20,0x0A,0x10,0x20,
    0x2E,0xA8,0x29,0xA5,0x81,0xF2,0x39,0x94,0x9A,0x33,0xBC,0x12,0x03,0xE2,0xA9,0x8A,
    0xB5,0x13,0x0C,0x48,0x21,0xD8,0xA4,0x29,0xC8,0x38,0xB3,0xE5,0x38,0x08,0xC2,0x5B,
    0x9A,0x11,0xA9,0x98,0x86,0x1D,0x90,0x4A,0xE3,0x12,0x08,0x89,0x20,0x9A,0xA6,0x0B,
    0xA1,0x11,0x80,0x1F,0x28,0x89,0xC2,0x53,0x8A,0x02,0x4A,0x19,0xA4,0xDA,0x97,0x08,
    0x09,0x91,0xC2,0xA3,0x22,0xC8,0x18,0x3D,0xC8,0x23,0x0D,0xA7,0x91,0x18,0x29,0x1A,
    0x89,0x1A,0xD2,0x33,0xAA,0xB2,0xE3,0x3B,0xA1,0x04,0x1A,0xE9,0x22,0x1B,0x0D,0xD4,
    0xA2,0xB3,0x10,0x3D,0x8A,0x91,0x20,0x01,0xA0,0x88,0x70,0xC8,0x07,0x98,0xA2,0x11,
    0x81,0xB2,0xA8,0xC6,0xA5,0x83,0x19,0x8C,0x38,0x3D,0xB2,0xB2,0xB9,0x97,0x80,0x89,
    0x31,0xFA,0xC3,0x10,0x29,0x0D,0x10,0x00,0xC3,0xB2,0x86,0x4C,0x09,0x81,0x18,0xA8,
    0x30,0x1A,0xC4,0xA8,0x14,0xA0,0x99,0xF4,0x21,0x1A,0x8A,0x00,0x99,0x12,0x08,0xF8,
    0x28,0x1F,0x00,0x2C,0x09,0xB1,0xD3,0x14,0x0A,0x01,0x90,0x4A,0xD0,0x81,0x28,0x82,
    0x08,0x5A,0x4A,0x11,0xD1,0x91,0x21,0x1C,0x13,0xAB,0x79,0x7A,0x09,0x29,0x2B,0xD1,
    0xA2,0xD0,0xB3,0x81,0xB0,0xA7,0x88,0xC0,0x03,0x2B,0xE9,0x81,0xB0,0x01,0x19,0x1C,
    0xA3,0x89,0x83,0xF3,0x39,0xC0,0x80,0x99,0xB5,0x32,0x80,0x8A,0x06,0x38,0x7C,0xA0,
    0x38,0x90,0x01,0x00,0x28,0x87,0x3D,0x31,0x3F,0x88,0x90,0x19,0x08,0x5C,0x2A,0x09,
    0x19,0x18,0xA0,0x6A,0xE9,0x81,0x39,0x1D,0x90,0xB2,0xA5,0x2A,0x98,0xA2,0x2A,0xF1,
    0x08,0xB9,0xA4,0x3A,0x09,0x49,0x39,0xD8,0x22,0xC0,0x94,0x12,0x5D,0x09,0x18,0xB3,
    0x97,0x5A,0x88,0x10,0x88,0xC1,0x03,0x29,0x82,0x29,0x90,0x03,0xA3,0xA2,0x9C,0xD5,
    0x84,0xBB,0xB1,0xA3,0xD7,0x19,0x82,0xD8,0x10,0x0B,0x99,0xD9,0x79,0x1D,0x91,0x91,
    0x19,0x80,0x39,0x8B,0x1C,0x08,0x90,0xF3,0x92,0x91,0x38,0x91,0x29,0xF3,0x05,0x1C,
    0x88,0xB2,0x24,0x5A,0x8A,0x85,0x4A,0x90,0x93,0x4A,0x29,0x91,0xC1,0x25,0x09,0x10,
    0x28,0x79,0x0B,0x31,0x0E,0xA1,0x11,0x8B,0xA1,0x48,0x1D,0x88,0xA0,0xE0,0xA1,0x00,
    0xFA,0x00,0x4B,0x1B,0x3A,0xEA,0x93,0xB8,0x92,0xE0,0x10,0x8A,0xD4,0x30,0x8A,0x90,
    0xA4,0xA1,0x1A,0xF3,0x01,0xD2,0x00,0x59,0x2B,0x19,0x29,0xE3,0x10,0x18,0xA1,0x0A,
    0x03,0x09,0x25,0xA4,0x20,0x97,0xA4,0x30,0x8C,0xA5,0x81,0x82,0x01,0x18,0x97,0x59,
    0x09,0xA0,0x92,0x02,0xA8,0x3B,0xC7,0x82,0x98,0x6A,0x08,0x88,0xC1,0x81,0x18,0xB8,
    0x39,0xE2,0xF3,0xA4,0x20,0x0A,0x90,0x98,0x29,0x8E,0xB2,0xB8,0xA1,0xB7,0x28,0x9C,
    0x13,0x9C,0xB5,0x10,0xBB,0xA6,0xA2,0x19,0xB1,0xA2,0x04,0xF2,0x81,0x3A,0x2A,0xBB,
    0x87,0x10,0xA8,0x03,0x1C,0x04,0xF1,0x92,0x00,0x19,0x4A,0x1B,0x22,0x4D,0x19,0xC0,
    0x82,0x5B,0x08,0x5B,0x0B,0x01,0x28,0x2B,0xB4,0x13,0xD3,0x11,0x08,0x11,0xD2,0x19,
    0xB7,0xA3,0x95,0x91,0x82,0xA0,0x85,0xD0,0x82,0x2F,0xA2,0xC2,0x82,0x10,0x8A,0x14,
    0x3F,0xA9,0x12,0x2B,0x09,0x10,0x4C,0x0B,0x21,0x3C,0xBB,0x93,0x0B,0xD9,0xC3,0x1D,
    0xC2,0x82,0x2D,0xC0,0x94,0x98,0x81,0x2F,0x1A,0x98,0xA2,0x80,0x82,0xC8,0x85,0x9B,
    0xC3,0x84,0x88,0xB9,0x05,0x90,0x02,0x3B,0x2D,0xC6,0x80,0x20,0x1C,0x19,0xB0,0x95,
    0x28,0x91,0x20,0xF5,0x00,0x19,0xB1,0x83,0x1C,0xA0,0x16,0x2B,0x4B,0x08,0xE3,0xA3,
    0x01,0x0B,0x03,0x0A,0xE5,0x92,0x50,0x1B,0xA4,0x80,0x89,0x93,0x2A,0x09,0x8A,0x01,
    0x7C,0x98,0x30,0xC0,0x50,0x19,0x09,0x19,0x81,0x71,0x4B,0x0B,0x96,0xA2,0x38,0xBA,
    0xB3,0x82,0x1D,0x4D,0x90,0x00,0x0A,0x10,0xC5,0x20,0x8D,0x90,0x11,0x1B,0x69,0x0A,
    0x1A,0x20,0xF2,0xC2,0x10,0x09,0x93,0x1E,0x5C,0x19,0x18,0xAA,0x03,0xC4,0x18,0x1A,
    0x8B,0x49,0x9B,0xB4,0x38,0x0D,0x7A,0xA8,0xB1,0x11,0xA9,0xF3,0x18,0x98,0x40,0x0D,
    0x11,0x3D,0x08,0xA1,0x90,0x11,0xA8,0x19,0x58,0xD0,0xA3,0x87,0x90,0x91,0x30,0xA9,
    0x92,0x8A,0x28,0xB7,0x69,0x89,0x11,0x10,0xD2,0x82,0xA4,0x2A,0xC7,0x82,0x01,0x0A,
    0xA3,0x95,0x08,0x39,0x29,0x0F,0x98,0x91,0x7A,0x0A,0x90,0x10,0x28,0xE9,0x20,0x0A,
    0x3B,0xB0,0x48,0x3E,0xA9,0x84,0x80,0x3F,0xA0,0xE3,0x93,0x99,0x01,0x91,0x20,0x9A,
    0xC5,0x05,0xAA,0x93,0x00,0x99,0xF7,0x02,0x88,0x88,0x10,0xA1,0x1B,0x31,0xAA,0x11,
    0x9E,0x91,0x93,0x09,0xF9,0x13,0x08,0x18,0xF1,0xA2,0xB6,0xC3,0x92,0x91,0x90,0x51,
    0xD9,0x21,0x3B,0x99,0x92,0x0B,0x5E,0xA9,0x02,0x80,0x39,0x4F,0xB0,0xA2,0x94,0x59,
    0x0B,0x11,0x98,0xC4,0x84,0x88,0x90,0x11,0x29,0xF8,0x91,0x80,0x7A,0x09,0x08,0x00,
    0x28,0xA9,0x58,0x3E,0x19,0x0A,0x29,0xA1,0x38,0x50,0x1C,0x99,0xB3,0x95,0x28,0xA9,
    0x79,0x0A,0x03,0x3B,0x19,0x7A,0x89,0xC0,0x02,0xF2,0x18,0x7A,0x1B,0x88,0x48,0x0A,
    0x09,0xB1,0x10,0xD8,0xB3,0x00,0x1A,0x7C,0xB8,0x03,0x5B,0x09,0x99,0x40,0x9B,0xB7,
    0x30,0x0C,0x02,0x2A,0x80,0x09,0x92,0x29,0xD5,0xC0,0x02,0x2B,0x31,0x9D,0x84,0x3A,
    0xA0,0xF3,0x23,0x8C,0x20,0xC2,0x90,0x28,0x91,0x04,0x2F,0x98,0x29,0xC0,0x80,0xD0,
    0xA2,0xA7,0x80,0x19,0x29,0x99,0xA8,0xA3,0x88,0x3E,0xE3,0x90,0x81,0x92,0xA6,0xB0,
    0x48,0x3A,0x1B,0x9B,0x95,0x80,0xB7,0x84,0x8A,0x21,0x3C,0xA0,0x08,0xD6,0x81,0x30,
    0x0D,0x01,0x29,0x90,0xB4,0x88,0x02,0x49,0x0F,0x80,0x1A,0xA4,0xB3,0x90,0xB5,0xA5,
    0x10,0xA1,0x82,0x90,0xD2,0x01,0x89,0xB7,0x83,0x08,0x2B,0x29,0xF5,0x88,0x88,0xA5,
    0x28,0x89,0x98,0xB5,0x83,0x2A,0x10,0xB8,0x79,0xC1,0xA3,0x30,0x80,0x6D,0x08,0x2C,
    0x0A,0xB2,0x0A,0x12,0x3D,0x0A,0xC5,0x18,0x91,0xC0,0x21,0x99,0xC3,0x40,0x6B,0x9B,
    0x00,0x11,0x4B,0x19,0x6B,0xAA,0xA6,0x91,0x19,0xB3,0x59,0xB0,0x90,0xB4,0x3A,0x11,
    0x2D,0x98,0x29,0x81,0xCF,0x94,0x10,0x88,0x92,0x8C,0xE4,0x84,0x1C,0x29,0x88,0x18,
    0x98,0x98,0xA7,0x93,0x39,0x29,0x09,0x19,0x92,0xF5,0xA2,0x12,0x99,0x85,0x1A,0x80,
    0xC0,0xE3,0x02,0x91,0x49,0xAA,0x01,0xD4,0x02,0x98,0x6A,0x91,0x38,0xA9,0xB5,0x38,
    0x28,0x0B,0x94,0x0A,0x2D,0xB0,0xE0,0xA3,0x6B,0x08,0x98,0x4D,0xB0,0x20,0x2D,0x08,
    0x88,0x39,0xB9,0xD1,0xC3,0x03,0x3A,0x10,0x2F,0x08,0xE0,0x94,0x5A,0x8A,0xA4,0x90,
    0x01,0x09,0x5B,0xA0,0x38,0x89,0xC4,0x40,0x1D,0x80,0x28,0x0A,0xE4,0x10,0xA0,0xB4,
    0x18,0x0A,0x28,0x84,0x1F,0x10,0xA0,0x80,0x84,0x90,0x58,0x2B,0xB8,0x81,0xB1,0x26,
    0x1C,0x91,0x7B,0x09,0x99,0xA0,0xE4,0x11,0x90,0x29,0xD9,0x85,0x19,0x88,0x10,0x81,
    0x30,0x9B,0x11,0xE3,0x21,0x20,0xD8,0xC2,0xA4,0xC1,0x98,0xB1,0x44,0x3C,0x2C,0x29,
    0x0A,0x7B,0x09,0x1A,0x08,0x98,0xB4,0x38,0xD8,0x92,0x23,0xE3,0x12,0x1E,0x80,0x18,
    0xB8,0x97,0x28,0x0B,0x90,0xB7,0x29,0x91,0x08,0x98,0x01,0x3B,0x0F,0x90,0xB3,0x04,
    0x1D,0x28,0x0B,0xC8,0x20,0x4F,0xB8,0x02,0xA0,0x30,0x1A,0x19,0x7A,0x3A,0xD0,0x93,
    0x88,0x19,0x2A,0x13,0x79,0xAC,0x96,0x81,0x4C,0x89,0x19,0xB0,0x52,0x0C,0x19,0x01,
    0x09,0x29,0x59,0x09,0xD3,0x30,0x5B,0x09,0x99,0x86,0x08,0x00,0x2F,0x19,0x99,0x18,
    0x18,0x3F,0x89,0x90,0x91,0x4B,0x0A,0x49,0x9A,0xB0,0xA6,0x2C,0x39,0x2B,0x03,0x3F,
    0x18,0x90,0xB2,0xD2,0xD3,0x83,0x3C,0x20,0x1D,0x09,0x01,0x00,0x6A,0x9A,0xB5,0xC4,
    0xA2,0x38,0x8B,0x06,0x0B,0x91,0x11,0x0B,0x1C,0x92,0xA1,0x7B,0xAA,0x86,0x28,0x2A,
    0xA0,0x21,0xF2,0x21,0x8A,0x90,0x80,0x13,0x3A,0x1B,0xCD,0x14,0x4B,0x0E,0x82,0xD9,
    0x32,0xAB,0x01,0x49,0xA9,0xE5,0x03,0x39,0x3B,0x18,0x6B,0x99,0x82,0x92,0x09,0x28,
    0x2F,0x3A,0x3C,0x1B,0xF8,0x93,0xA0,0x40,0x99,0xA3,0xF1,0x31,0x0C,0x18,0xE0,0x03,
    0x09,0x20,0x2A,0x89,0x41,0x6C,0x0A,0xB0,0x12,0x1C,0xA0,0x22,0x9C,0x33,0x8D,0xC2,
    0x83,0x2A,0xF1,0x81,0x01,0x2D,0xA1,0x2A,0x99,0x49,0x6C,0x8B,0xB1,0x21,0x0C,0x5A,
    0x89,0xA3,0x11,0x0A,0x95,0x49,0x8D,0x84,0x39,0x0A,0x80,0xB6,0x29,0x08,0x01,0x98,
    0xC1,0xE5,0x81,0x29,0x4B,0x98,0xE2,0x12,0x19,0x19,0x6B,0x1A,0x18,0x03,0xA0,0x68,
    0xF1,0xA2,0x82,0x09,0xD3,0x91,0xA1,0x3A,0x0D,0xB2,0x21,0xF0,0x20,0x1B,0x98,0x88,
    0x39,0x0B,0x7A,0xB0,0x39,0xE5,0x81,0x21,0x3C,0xC0,0x81,0xA1,0x00,0x1D,0xA1,0x13,
    0x4C,0x0A,0xA1,0x13,0x1F,0x81,0xA1,0xA6,0x38,0x1C,0x90,0xC0,0x12,0x89,0xB3,0xC3,
    0x28,0x11,0x2F,0x1B,0x50,0xA8,0x20,0xE4,0x38,0x8C,0x94,0xA1,0x84,0x90,0x5A,0x88,
    0xC0,0x94,0x08,0xC0,0x95,0x1A,0x1A,0x4C,0xB8,0x12,0x2A,0x2A,0xB1,0x20,0x3C,0x7A,
    0x29,0x92,0xB2,0x38,0x90,0xC0,0x08,0x50,0x2B,0xC4,0x99,0xE1,0x7D,0x09,0x00,0x89,
    0x10,0xD1,0x92,0x08,0x98,0x69,0x88,0x98,0xB2,0x22,0xD1,0x12,0x00,0xD3,0xC4,0x93,
    0xC9,0x21,0x5B,0x18,0x1B,0xA0,0xB2,0xA2,0xC0,0xA4,0x48,0xE1,0xA4,0x88,0x19,0x99,
    0x88,0xA7,0x3B,0x10,0x8C,0xF8,0x21,0x19,0x08,0x81,0x08,0xA1,0x98,0x11,0xFA,0x26,
    0x09,0xD4,0x81,0x91,0x38,0x1B,0xC5,0x48,0x3C,0x0A,0xA9,0x48,0x2A,0x00,0x4B,0x3C,
    0xE3,0x10,0x80,0x5B,0x38,0x2A,0xA1,0x98,0xC4,0xB1,0x85,0xA0,0x6B,0x19,0x0B,0xF2,
    0x10,0x1A,0xA2,0x39,0x1D,0xB2,0x9A,0xD4,0x92,0x10,0x88,0x38,0x2F,0x1A,0x39,0xA2,
    0x38,0x1D,0x03,0x8B,0xE8,0x00,0x7D,0x09,0x00,0x0A,0xA4,0x19,0xC2,0x92,0x40,0x5B,
    0x9A,0x81,0x91,0xB9,0x87,0xA0,0x20,0xA2,0x09,0xAA,0x02,0x6A,0x50,0x8B,0x49,0xC2,
    0x1A,0x91,0xD3,0x23,0x5A,0x2A,0x0A,0x90,0x1C,0x95,0x4A,0x2D,0xB0,0xE3,0x08,0x90,
    0xA4,0x28,0x1A,0x3A,0xA2,0x4F,0x1A,0xC2,0x13,0x59,0x0A,0x19,0xA0,0x08,0xA4,0x20,
    0x3F,0xC0,0xD2,0x82,0x89,0x11,0xA1,0x18,0x2A,0xE5,0x2A,0x88,0xA2,0x11,0x7A,0xA9,
    0x18,0x22,0x3E,0xA1,0x48,0x08,0xE2,0xA1,0x91,0x00,0x90,0x42,0x8D,0x58,0xB8,0x3A,
    0x4A,0xD8,0x84,0x39,0x8A,0xA8,0x32,0x8F,0x91,0xA1,0x21,0xAA,0xB0,0x1A,0x3E,0x61,
    0x0A,0xF1,0x11,0x08,0x8A,0xA1,0xC3,0x85,0x30,0xD9,0x93,0x93,0xA8,0x84,0x88,0x83,
    0xD0,0xE3,0x91,0x1B,0x86,0x38,0xBB,0x41,0xD1,0x01,0x80,0xD1,0x96,0x01,0x08,0xA9,
    0x03,0x98,0x50,0x0D,0x20,0x99,0x99,0xD1,0xB0,0x17,0x2C,0x99,0x92,0x90,0x4C,0x8A,
    0xD1,0x02,0x20,0xC9,0x20,0x3A,0x19,0x02,0x0D,0x12,0x3D,0x0A,0xC0,0x2C,0x03,0x7B,
    0xA8,0x29,0x90,0x14,0x1C,0xA9,0xA5,0x01,0xB7,0x00,0x88,0x09,0x81,0x88,0x02,0x88,
    0xA1,0x83,0xBE,0x97,0x79,0x98,0x11,0x98,0x48,0x9A,0x0C,0x22,0x98,0x94,0x29,0x29,
    0x6E,0x89,0xE1,0x93,0xA1,0x01,0x0C,0x2B,0xB6,0x92,0x81,0x90,0x89,0x05,0xC1,0x91,
    0x68,0x3D,0x0A,0x82,0x98,0x08,0xA3,0x3A,0x5A,0xA9,0x7B,0x98,0x1B,0xA7,0x00,0x19,
    0xB1,0x91,0xA3,0x9A,0xA0,0x87,0x88,0x10,0x1F,0x81,0x82,0x20,0x2D,0x20,0xC3,0xA9,
    0x87,0x89,0x01,0x1F,0x92,0x28,0xB8,0x92,0xCB,0xA6,0x32,0xD8,0x92,0xA9,0x84,0xC2,
    0x3A,0x1C,0x21,0x1E,0x88,0x29,0x00,0x83,0x1C,0xE3,0xA8,0x31,0x10,0x0D,0x08,0x05,
    0x0B,0x01,0x7B,0x8B,0xA4,0x08,0x92,0x20,0xF4,0x21,0x1C,0x1A,0x29,0x09,0x00,0x5C,
    0xA8,0x83,0x50,0x0F,0x00,0xA1,0x21,0xA9,0xA1,0xB2,0x50,0x93,0x1E,0x09,0x93,0x3C,
    0xB2,0x6B,0x29,0x0E,0x4B,0x81,0x9A,0xB3,0x69,0x1B,0xB2,0xA1,0xB2,0x10,0xD4,0x01,
    0x28,0x0E,0xC4,0x93,0x3A,0xF3,0x28,0x98,0x01,0x98,0x12,0x2D,0x29,0x3A,0x0A,0x82,
    0x1D,0x85,0x4B,0xB9,0x82,0x01,0x1B,0xAA,0x97,0x7C,0x0A,0x11,0x19,0x3A,0xA8,0xC6,
    0x91,0x00,0x29,0x8B,0x93,0x21,0xD9,0x86,0x4B,0x98,0x88,0x90,0x21,0x2C,0xF1,0x00,
    0x18,0x3B,0x81,0x4D,0xC2,0xB2,0x91,0x14,0xAB,0x85,0x00,0x8B,0xA0,0xB7,0x48,0x8A,
    0x1B,0x87,0x1A,0x81,0x89,0x00,0x01,0x19,0xF8,0x84,0xB1,0xA2,0xA2,0x2F,0x28,0x39,
    0x28,0x8C,0xA4,0x28,0xA1,0x3B,0xB1,0x5A,0x80,0x38,0xAB,0x5E,0x01,0x80,0x00,0x8E,
    0xA8,0xC6,0x39,0x3B,0x92,0x88,0xB8,0x30,0x9A,0xA7,0x12,0xDA,0x2A,0xBB,0x07,0x3B,
    0x01,0x09,0xA2,0x7B,0x09,0x2D,0x09,0x94,0x59,0x88,0x2D,0x90,0x80,0x10,0x3C,0xC0,
    0x81,0x22,0x99,0x11,0x9E,0x05,0xB3,0x3D,0xC1,0x81,0xB0,0x62,0x1B,0x89,0x71,0x3A,
    0x19,0xF8,0x10,0x2C,0x90,0xCB,0x33,0x4B,0x3C,0x11,0x20,0x21,0xD3,0xF1,0xA0,0xB8,
    0x01,0x90,0x22,0xCC,0x2A,0x08,0x02,0xC4,0x85,0x82,0x7B,0x98,0x1A,0x11,0x80,0x88,
    0xA1,0x83,0xF8,0x8A,0x91,0x12,0x01,0x81,0x72,0xA1,0x96,0x09,0x1D,0x28,0xD8,0x38,
    0x09,0xB1,0x88,0xC1,0x6B,0x00,0x49,0x03,0x3A,0xEA,0xAA,0x92,0x82,0x7E,0x20,0x29,
    0xAA,0xD0,0x91,0x82,0x81,0x32,0xAA,0x83,0xFC,0x39,0x4B,0xA9,0x89,0xA7,0x00,0x90,
    0xA0,0x4A,0x91,0x88,0x15,0x39,0xA3,0xC0,0xAC,0xA1,0x2B,0x2B,0x64,0xB0,0x02,0x98,
    0x1C,0x8A,0x07,0x06,0x0A,0x28,0xD9,0x91,0xD2,0x20,0x30,0x01,0x90,0x08,0x99,0xA1,
    0xAF,0xA8,0x4B,0x98,0xF2,0x12,0x10,0x99,0x33,0x1A,0xA5,0x48,0x6B,0x08,0x8A,0xA8,
    0xC5,0x80,0xA2,0xD2,0x80,0x80,0xFA,0x28,0x58,0x2A,0x20,0xC2,0xA1,0x86,0x1A,0x19,
    0x3C,0x1B,0x18,0xF8,0x01,0x58,0x2A,0xA8,0xD0,0x03,0x20,0x1D,0x2A,0x88,0x96,0x00,
    0x00,0x39,0x1F,0x89,0xC3,0x00,0x00,0x2A,0x0F,0x90,0x00,0xA3,0x10,0x8B,0x99,0xA2,
    0xBA,0x23,0x22,0x79,0x17,0x1A,0x10,0x2E,0x08,0x98,0x28,0x23,0x0E,0x3C,0x9B,0x88,
    0xC2,0x01,0x79,0x34,0x0F,0x88,0x28,0x2A,0x81,0x08,0x29,0x0C,0xD1,0x20,0x2C,0x08,
    0xB1,0xB5,0x08,0x92,0x31,0x09,0xBD,0x07,0xA1,0x2A,0xFA,0x41,0x18,0xE8,0x82,0xD3,
    0x92,0x90,0x90,0xA1,0x59,0x09,0xC1,0x02,0x19,0x6C,0x2A,0xA1,0x91,0x91,0x19,0xB2,
    0xD2,0x79,0x91,0x0A,0xA8,0x59,0x3A,0x2B,0x11,0xF1,0x01,0x20,0xBA,0x92,0xC7,0x00,
    0xA2,0x4B,0xA0,0xF2,0x6A,0x89,0x19,0x11,0x59,0x9A,0x90,0x82,0x39,0x19,0x0D,0x93,
    0x3A,0xC8,0x43,0x1F,0x00,0x80,0x91,0x92,0xB0,0x38,0x8D,0x88,0xB4,0x78,0x2B,0x2A,
    0x91,0x3C,0x8B,0x79,0x92,0x91,0x3D,0x01,0x19,0x3B,0xF0,0xB3,0x94,0x99,0xA0,0xA3,
    0x98,0x83,0x8B,0x52,0x3B,0x7C,0x1B,0x6D,0x1B,0x00,0xA8,0x28,0xB2,0xC2,0xA4,0x19,
    0x88,0x48,0x1F,0xD3,0x82,0x18,0x2B,0x81,0x91,0x11,0xF1,0x20,0x2B,0x91,0xD3,0x92,
    0x79,0x90,0x89,0x09,0x01,0x48,0x0C,0x89,0xB2,0x6A,0xF3,0x91,0x91,0x10,0x10,0x4B,
    0xA9,0x40,0x3B,0xB5,0x90,0x48,0xA9,0xD8,0xA3,0x81,0x5D,0x0A,0x90,0x80,0x88,0x58,
    0x2D,0x80,0x00,0x88,0x02,0x98,0xDA,0x85,0xA3,0xF3,0x92,0x01,0x0E,0xA3,0x18,0x08,
    0x10,0x4A,0xBA,0x21,0xD0,0x61,0x09,0x1A,0x91,0x22,0x9A,0xF8,0x24,0x3C,0x0D,0xB1,
    0xA5,0x39,0x89,0xA8,0x94,0x10,0xC3,0xA3,0x5A,0x2A,0x11,0x8C,0x01,0x1A,0xF2,0xD3,
    0x30,0x29,0x88,0x29,0x6C,0x99,0x80,0xE1,0x82,0xA2,0x02,0x19,0x1E,0x89,0x12,0x1B,
    0x88,0x30,0x94,0x32,0xCF,0x59,0x20,0x8B,0x49,0x29,0x2F,0x98,0xC1,0x00,0x92,0x18,
    0xE3,0x08,0x89,0x51,0x1C,0xA0,0x21,0x1C,0xE3,0xA0,0x02,0xA2,0x29,0x29,0xA1,0x18,
    0xE8,0x12,0x93,0x8B,0x04,0xE6,0x98,0x85,0x88,0x29,0x10,0xB8,0x34,0xAB,0x93,0x22,
    0x0C,0x29,0x0F,0x94,0x0A,0xA9,0x95,0x29,0xB8,0x84,0xF1,0x11,0x9B,0x92,0x04,0x18,
    0x84,0xA0,0x6E,0x0A,0x89,0x91,0xB2,0x10,0xC4,0x89,0x38,0xF8,0x01,0x09,0x81,0xB9,
    0xD5,0x11,0x88,0x11,0x4C,0x81,0xA0,0x01,0x4E,0x29,0xC8,0xC2,0x04,0x98,0x39,0x19,
    0xF5,0x00,0x00,0x29,0xA0,0x58,0x1B,0x1A,0xA8,0x84,0xB2,0x02,0x88,0x5C,0x89,0xA0,
    0xA4,0xC3,0xB4,0x83,0x19,0xD8,0x83,0x7B,0x88,0x92,0x2A,0xA9,0x08,0xB2,0x15,0x91,
    0xA5,0x29,0xF9,0x41,0x99,0xA4,0x18,0x90,0x2D,0x29,0xAC,0xA4,0x58,0x88,0xB9,0x84,
    0x80,0x4B,0x01,0x3A,0x5D,0x08,0x3B,0x8A,0x81,0x3F,0x90,0x3A,0xA9,0xC5,0x30,0x9B,
    0x0A,0x7A,0xA0,0x1A,0xA5,0xA8,0x11,0x80,0x5B,0x69,0x0A,0x20,0xA0,0x18,0x3C,0xC0,
    0x02,0xC3,0x02,0x6C,0x2B,0x8D,0x85,0x2A,0x29,0xA1,0x8A,0x85,0x90,0x30,0x10,0x1F,
    0x92,0xD9,0x20,0x09,0x2B,0x20,0xE9,0x00,0x20,0xAB,0xA0,0x97,0x11,0x29,0xB8,0xE5,
    0x10,0xC1,0x12,0x90,0x2D,0x20,0x0D,0xA8,0x94,0x29,0x3A,0x8B,0xB9,0xA6,0xB2,0x3B,
    0x03,0x9B,0x78,0x81,0xDA,0x14,0xD2,0x00,0x94,0x1A,0x93,0x09,0x3B,0xC4,0x09,0x33,
    0xA1,0x5F,0x09,0xA8,0x4A,0x4A,0x9A,0x13,0x8A,0x89,0x89,0x16,0x4D,0x1A,0x38,0x2B,
    0x8B,0x01,0x92,0x30,0x90,0xC0,0x30,0xA3,0x0F,0x1F,0x61,0x9B,0x94,0x38,0x0D,0x81,
    0x30,0x2B,0xE2,0x28,0x89,0x1A,0x9A,0x85,0x4C,0x88,0xD1,0x49,0xA0,0xA1,0x10,0x60,
    0x0C,0xB5,0x00,0x18,0x9A,0x95,0x00,0xA9,0x03,0xC8,0x90,0x49,0xF0,0x01,0x18,0xB8,
    0x58,0x1C,0x88,0x88,0x04,0x0B,0xA5,0xA2,0x81,0x08,0xB7,0x94,0x6B,0x0A,0x80,0x29,
    0x1A,0xA0,0x78,0x0A,0x00,0x81,0xC0,0x93,0x6A,0x59,0x8A,0xD3,0x93,0x08,0x4B,0xA8,
    0xB4,0x10,0x2B,0x1B,0x2D,0x91,0xA1,0x32,0xCA,0x10,0xF3,0x92,0xA0,0x59,0x5A,0x19,
    0xBA,0xB3,0xA4,0x6C,0x1A,0xB1,0x3A,0x19,0xBC,0x38,0x2B,0x3B,0x06,0xCA,0x83,0x88,
    0xC2,0x91,0x42,0x3F,0x90,0x28,0x48,0x0A,0x6B,0x18,0x99,0xB3,0x69,0x0E,0x81,0x3A,
    0x39,0xC3,0xB2,0x91,0x18,0xE4,0x80,0x30,0x3A,0xF1,0xA1,0x23,0x1E,0x10,0x92,0x8A,
    0xB7,0x81,0xB8,0x81,0x22,0x2C,0xB5,0x18,0x08,0x0A,0x28,0xF0,0xA4,0x31,0x90,0x3E,
    0x2A,0x89,0x5D,0x80,0x08,0x2B,0xB9,0xA0,0xC3,0xA7,0x80,0x84,0x89,0xB1,0x84,0x1A,
    0xB8,0x96,0x41,0x0B,0x3C,0x4A,0xD9,0x13,0x2B,0x0A,0xE0,0xC4,0xB0,0x95,0xB1,0x81,
    0xB5,0x10,0xA0,0x11,0x2A,0x1C,0x31,0x10,0x2C,0x2F,0x80,0xA0,0x94,0x30,0x8B,0x0B,
    0x95,0x09,0xD8,0x24,0x88,0xB7,0x10,0x09,0x92,0x28,0x2F,0x80,0x80,0xC2,0x38,0x2E,
    0xC1,0x93,0x18,0x1A,0x3D,0xB0,0x2D,0xA1,0x83,0x6B,0x98,0xB3,0x1A,0x12,0x0B,0x2A,
    0xC3,0xA1,0xB7,0x80,0x1A,0x92,0xD5,0x48,0x9A,0x3A,0xE0,0x2A,0x90,0x14,0x8A,0x4A,
    0x48,0x0D,0x92,0x18,0x2B,0x02,0x32,0xC8,0xE5,0x10,0x29,0xA3,0x91,0xA9,0x4C,0xB9,
    0x41,0x2D,0x20,0x3E,0x18,0x9B,0xA1,0x42,0x2D,0x4B,0x00,0x28,0x99,0xC0,0xA5,0x03,
    0xD4,0xB3,0x08,0x5A,0xB9,0x83,0x2E,0xB2,0x84,0x10,0x08,0x8D,0x32,0x0E,0x18,0x93,
    0x3A,0x8A,0x9A,0x0A,0x63,0x09,0x4F,0x9A,0x29,0x8B,0xA4,0x28,0x82,0x00,0x22,0x5D,
    0x2F,0x18,0xA1,0xA2,0x04,0x0C,0x81,0x18,0x7B,0x5B,0x19,0x99,0x88,0x91,0x1A,0xE2,
    0x82,0x94,0x3A,0xB8,0x12,0xBB,0x31,0xD1,0x91,0xB7,0x1B,0xD1,0xA2,0x3A,0x2A,0x88,
    0xB0,0x39,0x1F,0x1F,0x18,0x98,0x81,0x49,0x88,0x92,0xAA,0x64,0x2B,0x08,0xA6,0x09,
    0xC1,0x23,0x3F,0x88,0x10,0xC1,0x95,0x2B,0x89,0x93,0x6B,0x88,0x10,0x8C,0x85,0x8A,
    0x03,0x3B,0x7B,0x1A,0x4B,0x0C,0x81,0x19,0x80,0x18,0x98,0xBB,0x84,0x98,0x5A,0x5F,
    0xA8,0xA3,0x4A,0x19,0x1C,0x01,0x89,0x70,0x99,0x08,0xB1,0x83,0x3A,0xA9,0xA5,0xC3,
    0x99,0x6A,0x8A,0x95,0x88,0x83,0x19,0x30,0xBC,0x11,0x86,0x19,0x12,0x09,0x0D,0xD1,
    0xA4,0x49,0xF1,0x30,0x8B,0x98,0x29,0x99,0x42,0x29,0x9A,0x4F,0x4A,0x0B,0x29,0xA1,
    0x92,0x00,0x81,0x4A,0x1B,0xC1,0x78,0xC0,0x38,0xC0,0xC2,0x3A,0x0A,0x94,0x29,0xE2,
    0x31,0x0C,0x80,0x80,0x08,0x97,0xB1,0xA2,0xB5,0x10,0xF2,0x83,0xB2,0x21,0xF8,0x92,
    0x08,0x2A,0x28,0xB1,0xB8,0x33,0x0C,0xF2,0x22,0x2E,0xA2,0xD3,0x91,0xC3,0x92,0x18,
    0x01,0xD2,0x93,0x80,0xB9,0xB6,0x94,0x20,0x3A,0xBC,0x27,0x8B,0xA1,0x10,0x1A,0x95,
    0xB1,0x00,0x2E,0xA1,0x22,0x2D,0x98,0x01,0xF0,0x80,0x80,0x3A,0x30,0x9C,0xA7,0x82,
    0x09,0xF3,0x02,0x09,0x81,0xA0,0x89,0x99,0x85,0x8C,0x13,0x3F,0xA8,0xC2,0x90,0xE3,
    0x00,0x11,0xF1,0x81,0x01,0x88,0x98,0x72,0x1A,0xB2,0x30,0x1D,0x59,0x0B,0x00,0x10,
    0x0B,0xA2,0x91,0xAB,0x08,0x71,0x3A,0xC9,0x89,0x53,0x3F,0x0C,0x81,0x11,0x2A,0x7B,
    0x0B,0x28,0x1B,0x80,0x08,0x88,0x96,0xF1,0x81,0x1A,0x81,0xC2,0x5A,0x8A,0x81,0x5B,
    0x8A,0xA2,0x01,0x98,0x97,0xA9,0x33,0x0E,0x38,0x8A,0xA4,0x82,0x09,0xA8,0x42,0xA1,
    0xC4,0x31,0xFA,0x83,0x89,0xA1,0x11,0x29,0xF8,0xA6,0x09,0xA2,0x81,0x88,0x04,0x2B,
    0x1A,0x18,0x08,0x50,0x60,0xD0,0x10,0xC8,0x51,0x9A,0x12,0x5B,0x19,0x2D,0xD3,0x88,
    0xB3,0x80,0x81,0x08,0x0D,0xB3,0x90,0x08,0xA7,0xA5,0x39,0x29,0x1B,0x80,0x2A,0x6A,
    0x29,0xD0,0x95,0xA2,0x60,0x1B,0xA9,0x10,0xC0,0x28,0x8A,0x09,0xA1,0x82,0x7B,0x92,
    0x4C,0x8A,0x20,0x1E,0xA1,0x31,0xE9,0xA5,0x11,0x98,0xA9,0xA5,0xA0,0xA5,0xC1,0x18,
    0x91,0x0A,0xC6,0x93,0x90,0x20,0x8B,0x02,0x92,0x98,0x17,0x1E,0xC3,0x03,0x29,0x90,
    0x90,0x21,0xC1,0x1E,0x10,0x3C,0x4C,0x98,0xA2,0xB8,0x94,0x98,0x81,0xF1,0x82,0x88,
    0x3B,0xC6,0x13,0x19,0x1C,0x92,0xE2,0x01,0xC0,0x18,0x18,0x99,0xF2,0x02,0x89,0x94,
    0x88,0x0A,0x83,0x1F,0xE3,0x90,0xA3,0x02,0x2B,0x18,0xF2,0x92,0xE3,0x00,0x18,0x19,
    0x3A,0xA1,0x5C,0x88,0x11,0x1D,0x81,0xD3,0xA3,0xC5,0x00,0xA0,0x95,0x09,0x38,0x1C,
    0x08,0xA9,0x08,0x38,0x81,0xD6,0x81,0x69,0x1A,0x88,0x10,0x0A,0x60,0x0A,0xD2,0x92,
    0xA3,0x84,0x1A,0xC2,0x3A,0x2D,0xB0,0x98,0x82,0xC3,0x91,0xA5,0x78,0x1A,0x00,0x88,
    0x38,0x81,0x7A,0xB8,0x00,0x13,0xB4,0x4D,0x90,0x09,0xC1,0xE3,0x88,0x98,0x91,0x81,
    0xB9,0x79,0x2C,0x80,0x1A,0x7B,0x08,0xB1,0xA1,0x21,0x5D,0x89,0x91,0xC4,0x28,0xB0,
    0xC3,0x89,0x82,0x11,0x88,0xB9,0x17,0x0B,0xF3,0x93,0x28,0x18,0x0A,0x93,0xA1,0x33,
    0xA5,0x4D,0xB1,0x20,0x09,0xF0,0x00,0x19,0xB1,0x71,0x9A,0x02,0x10,0xA8,0x1C,0x2D,
    0x49,0xC9,0xC5,0x01,0x49,0x09,0x4B,0xB8,0x31,0x0D,0xB0,0xA1,0x22,0x0F,0x21,0x0C,
    0x10,0x90,0x19,0x1B,0xF3,0x51,0xAB,0xC4,0x80,0x11,0x88,0x18,0xF0,0x12,0xA9,0x92,
    0xB0,0x04,0x09,0x20,0x3F,0x29,0xB2,0xA8,0xA5,0xB5,0x13,0x2D,0xC2,0x08,0x84,0x88,
    0x19,0xE1,0x50,0x0B,0xB0,0xA2,0x94,0x10,0x3A,0x4B,0x81,0xE5,0x01,0x10,0x99,0x13,
    0x0C,0xA2,0x7C,0x18,0x98,0x81,0xE0,0x84,0x89,0x88,0x2A,0xB8,0x03,0x00,0x5C,0x4A,
    0x90,0x29,0x38,0xCB,0x06,0x1A,0x89,0x39,0x91,0xD4,0x81,0xA0,0x12,0x0E,0xA8,0x09,
    0x98,0xF3,0x01,0x1C,0x4A,0xB0,0xA0,0x85,0x3B,0x91,0x7C,0xA9,0x94,0x91,0x80,0x83,
    0x1D,0x20,0x1F,0x80,0x19,0x08,0x91,0xC3,0x92,0x42,0xF8,0x10,0x29,0x3D,0x08,0x91,
    0xA1,0x32,0x4A,0x1A,0x01,0x0B,0x79,0x1D,0x80,0x89,0xA1,0xA3,0xB6,0xB3,0x63,0xAC,
    0x02,0x28,0xAA,0xD5,0xB3,0xA1,0x28,0xA1,0xA1,0x39,0x6C,0x8B,0x8A,0xC3,0x81,0x2A,
    0xA1,0xA2,0xF2,0x04,0xDB,0x04,0x90,0x18,0x29,0xD0,0xC3,0xA3,0xD4,0x10,0xC0,0x11,
    0x4B,0x1D,0x80,0x18,0x89,0x13,0x1B,0x11,0x11,0xD9,0x25,0xD9,0x12,0x7A,0x8A,0xA2,
    0x94,0xA2,0x00,0x90,0xC3,0x5C,0x0C,0x80,0x08,0x10,0xD8,0x95,0x18,0x10,0xA8,0x04,
    0x09,0x3A,0x49,0x29,0x7B,0x3C,0x39,0x8A,0x90,0xD3,0x88,0x5C,0x1B,0xC2,0x10,0x99,
    0x91,0xA6,0xB3,0x59,0x18,0x3D,0x2B,0xA4,0x09,0x82,0x00,0x58,0x9A,0x5B,0x1C,0xA8,
    0xA3,0x1B,0xE3,0xB1,0x90,0x92,0xA4,0x79,0x2D,0x9A,0x12,0x1A,0x08,0x18,0x88,0xA3,
    0x33,0xDF,0x03,0xB9,0x82,0xC7,0x30,0xA9,0x98,0x85,0xA1,0x42,0x1E,0x80,0x4A,0x1A,
    0x80,0x91,0x69,0x0A,0x81,0x31,0x1F,0x88,0x88,0x19,0xA3,0xB4,0x89,0xB6,0x23,0x3D,
    0x18,0x2C,0x3B,0x8A,0x81,0xE1,0x30,0x09,0x2B,0xC4,0x03,0x8F,0xA0,0x88,0x00,0xE5,
    0xA3,0x2C,0x09,0x82,0x59,0x1B,0x49,0xC0,0x20,0x09,0xB0,0x60,0x2B,0x99,0x42,0x1C,
    0x1F,0x18,0x00,0x89,0x18,0x8A,0x50,0x0B,0x79,0xA8,0x18,0x5B,0x98,0x11,0x98,0x08,
    0x85,0x82,0x8A,0x00,0x18,0x2F,0xE3,0x92,0x91,0x3B,0x08,0xE2,0x97,0xD2,0x11,0x4B,
    0x88,0x90,0x00,0xA8,0x84,0x89,0xB3,0x40,0x1F,0x29,0x91,0x08,0x98,0x49,0x88,0xB1,
    0xC7,0xA1,0x38,0x48,0x98,0xA2,0xC2,0xB1,0x63,0xB0,0x02,0x89,0x9C,0x58,0x2D,0x3B,
    0xA0,0xD8,0x84,0x90,0x82,0x0A,0x0A,0x20,0xC7,0xB2,0x10,0x59,0x2B,0x44,0x9F,0x03,
    0x0B,0x08,0x01,0x0B,0x2C,0x4C,0x98,0x96,0x09,0x3A,0x8B,0x94,0x91,0x3A,0xA9,0x7A,
    0x89,0x92,0xC4,0x32,0xF8,0x83,0x29,0x8E,0x20,0x92,0x40,0x09,0xC1,0xB5,0x81,0x20,
    0x0A,0x82,0xE0,0x03,0x1A,0x90,0x58,0x4B,0xB9,0x82,0xAC,0x18,0x3C,0x9B,0x41,0xAB,
    0xF1,0x81,0x00,0x5C,0x98,0x90,0x09,0x7B,0x3A,0x99,0x12,0x08,0x02,0x7B,0x1A,0xA8,
    0x21,0x10,0x3D,0xB1,0x11,0x0D,0x41,0xCA,0xA7,0x92,0xE2,0x92,0x38,0x0B,0x08,0xB8,
    0x02,0x8B,0xD8,0xE3,0xA2,0x02,0x9A,0x29,0xB8,0x15,0x4F,0x88,0x80,0x81,0x02,0x1A,
    0x06,0x08,0x81,0x69,0x80,0x3A,0x09,0x91,0x09,0x05,0x08,0xF3,0x20,0x3D,0x28,0x9B,
    0x12,0x9E,0x21,0x8D,0x6B,0x89,0x90,0x88,0x39,0x8E,0x81,0x1A,0xBB,0x04,0x19,0x9A,
    0xF8,0x22,0x09,0x39,0x80,0x3E,0x2A,0xB1,0x15,0x8A,0x04,0x7B,0x19,0x2A,0x18,0xC1,
    0x42,0x2A,0x38,0x0B,0xC1,0xB7,0x11,0xC4,0xB3,0x28,0x20,0x2F,0x18,0x1A,0xA3,0x01,
    0x4E,0x0A,0x89,0x8A,0xC2,0x90,0x7A,0xAB,0xA2,0x08,0xB2,0x28,0x9C,0x6B,0xB0,0x48,
    0x5B,0x0C,0xB3,0x82,0x3A,0x93,0xAB,0x80,0x87,0x29,0xB5,0x18,0x3C,0x00,0x83,0x00,
    0x31,0x90,0xC7,0x32,0x59,0x29,0x99,0x92,0xA4,0x91,0x91,0x2E,0x90,0xA5,0xC3,0x29,
    0x8B,0x31,0x2B,0xB9,0x4F,0x99,0x0C,0xD4,0xB3,0x29,0xB8,0xD2,0x82,0xB3,0x1B,0x1F,
    0xB0,0x12,0x0C,0x81,0x0A,0x5B,0x93,0x19,0x10,0x0A,0xE3,0xA7,0x82,0x6A,0x0B,0x11,
    0x10,0x08,0x1E,0x28,0x08,0x93,0x2A,0x92,0xA3,0x41,0x7C,0x89,0x95,0x01,0x3C,0x20,
    0xA1,0xD3,0x03,0x09,0x49,0xA0,0x1B,0x4F,0x2B,0xD8,0xA2,0xA2,0xE3,0x81,0xA8,0x88,
    0xA6,0x1C,0x98,0x11,0x1D,0x89,0x00,0xB0,0x12,0x1C,0x9D,0x01,0x2B,0xD9,0x81,0xB1,
    0xB5,0x92,0x48,0x2D,0xC1,0xA2,0x92,0xA6,0x81,0x0A,0x68,0x98,0x00,0x30,0x1E,0x38,
    0x19,0xB2,0xA7,0x03,0x98,0x85,0xA2,0x93,0x5A,0xD0,0x05,0x88,0x28,0x0A,0x10,0x94,
    0x00,0x8A,0x2A,0xC2,0x62,0x1D,0x80,0x81,0x28,0x0A,0xB4,0xC5,0x81,0x98,0x81,0xF3,
    0x80,0x99,0x03,0x8A,0x89,0xB9,0x0D,0x0E,0xD4,0x90,0x91,0x8A,0x08,0x99,0x20,0x2F,
    0x89,0x19,0xB7,0x92,0x88,0x28,0xB1,0x12,0x3C,0xE9,0x49,0xAA,0xA6,0x18,0x3A,0x1B,
    0x89,0x87,0x2B,0xA1,0xA1,0x20,0x97,0x92,0x6A,0x29,0x00,0x80,0x83,0x2B,0xC3,0x92,
    0xE3,0x11,0x28,0x39,0x3F,0xA2,0x91,0xC4,0xA7,0x38,0xB0,0x93,0x19,0x21,0x1A,0x00,
    0x06,0x9B,0xC5,0x02,0x8A,0x94,0x2A,0xA4,0x4E,0x0B,0x82,0x98,0x91,0x21,0x2E,0xB8,
    0x81,0x6A,0xB0,0x10,0xA9,0x1B,0x8C,0xB0,0xC2,0xE4,0x82,0xA9,0x94,0x1D,0x00,0x81,
    0xA9,0xC4,0xA4,0x3B,0xA9,0x95,0x92,0x09,0x8B,0x4B,0x9A,0x3B,0x5E,0x8B,0x92,0x0B,
    0x20,0x1C,0x41,0x18,0x3D,0x49,0xB1,0xB1,0x87,0x93,0x11,0x9A,0xB5,0x5B,0x2A,0x2D,
    0x00,0x1B,0xA8,0x11,0x1B,0x2F,0x92,0xA2,0xA2,0x73,0x89,0x5A,0x79,0x29,0x29,0xA9,
    0xB3,0x94,0x19,0x4C,0x2A,0x0B,0xE2,0xA2,0x92,0xA0,0xB6,0x92,0x1A,0x31,0x2E,0x89,
    0x11,0xB1,0x06,0x2D,0x89,0x93,0x1B,0x41,0xC8,0x01,0x01,0x9A,0x05,0xA0,0xA1,0xA7,
    0x01,0x81,0xF2,0x00,0x21,0x89,0xC4,0xB2,0x9A,0xB6,0xA1,0x02,0xC0,0x48,0x00,0x9B,
    0xA2,0xB7,0x48,0xB8,0x48,0x1B,0x88,0x88,0x97,0x38,0xAB,0x92,0x1F,0x88,0x98,0x80,
    0x0B,0x58,0x0F,0x90,0x10,0x18,0x29,0x8D,0x04,0x29,0x3D,0x29,0x00,0x23,0x1F,0x90,
    0x80,0x0A,0x02,0xC9,0xD1,0xA7,0x08,0x29,0x9A,0x12,0xC2,0x2C,0xB5,0xD3,0x01,0x40,
    0x2C,0xA2,0xA2,0x88,0xB2,0xA2,0xD5,0xC3,0x30,0x98,0xA8,0x83,0xB9,0x17,0xB8,0x7A,
    0x19,0x99,0x01,0x21,0x3C,0x92,0x0A,0x5C,0x2B,0x39,0x3B,0x9B,0x24,0xB8,0x49,0x18,
    0x8A,0x27,0xBB,0x73,0x0A,0x98,0x20,0x9A,0x32,0x0B,0x0B,0x9F,0x08,0xF3,0xB3,0x5A,
    0xB1,0xC2,0xA2,0xA2,0x7A,0xB0,0x80,0x96,0xA0,0x08,0x88,0x96,0x90,0x90,0x8A,0x0C,
    0x59,0xBB,0x02,0x3E,0x0A,0x1A,0x8B,0xC4,0x04,0x9A,0x30,0xA1,0x08,0xB1,0x44,0x02,
    0xF3,0xA2,0xB0,0x00,0x87,0x8A,0x82,0xC3,0x8A,0xE5,0x11,0x4B,0x88,0x88,0x83,0xD3,
    0x02,0x5B,0x11,0x5A,0x2C,0xB1,0xA2,0x38,0x91,0x4C,0x18,0xB0,0x10,0x01,0xF0,0x05,
    0x0B,0x38,0x5A,0x0A,0xD1,0x31,0x90,0xE5,0x82,0x09,0x80,0x18,0xB0,0x83,0x18,0x3C,
    0x2C,0x31,0x2E,0xA2,0x3B,0xB5,0x94,0x10,0x2D,0x00,0x49,0x0E,0x08,0x09,0x1B,0xA2,
    0x1E,0x18,0xC8,0x39,0xB8,0xB6,0x10,0x9B,0x61,0x0A,0x91,0xA2,0x49,0x08,0xF5,0x08,
    0xA1,0xC2,0x38,0x0C,0xB0,0x84,0x9B,0x12,0x3C,0x9A,0x93,0x1A,0x97,0xA1,0x83,0x81,
    0x84,0x50,0xF9,0x93,0x20,0xAA,0x96,0x09,0x81,0xD1,0x00,0x80,0x20,0x1D,0x98,0x6A,
    0x08,0x89,0x93,0x58,0x08,0x20,0x2F,0x0A,0x92,0x2A,0x99,0x40,0x8A,0x8C,0x03,0x3C,
    0xE8,0x12,0x8D,0x13,0x8B,0x30,0x2A,0x60,0x3E,0xE0,0x91,0x20,0x89,0xB0,0x11,0xC1,
    0xA0,0x00,0x91,0x24,0x2F,0xA1,0x78,0x08,0x19,0x11,0x20,0xC1,0x03,0x1F,0x08,0x80,
    0x39,0x1F,0x00,0xA8,0x88,0x30,0x3B,0x8B,0x61,0x0B,0xA7,0xC2,0x22,0x4A,0x00,0x4B,
    0x1A,0x4C,0x0A,0xE3,0x81,0x08,0x0A,0x88,0x99,0x80,0xA1,0xF3,0xA2,0x61,0x8A,0x29,
    0xA1,0x25,0x8B,0xE4,0x02,0x8A,0x10,0x90,0xA2,0x92,0x1F,0xB3,0x19,0xB0,0xB5,0x89,
    0x95,0x88,0x00,0xB5,0x6B,0xB2,0x59,0x1D,0x80,0x0A,0x81,0x99,0x00,0xAA,0x62,0xAB,
    0xB4,0x28,0xB1,0x00,0x93,0x4B,0x85,0xDA,0xB7,0x03,0x2A,0x2B,0xF0,0x11,0x08,0x1A,
    0x89,0xB3,0x01,0x79,0x9A,0x12,0xC1,0x42,0x39,0x48,0x0B,0xA4,0x6A,0xC2,0xC5,0x01,
    0x0A,0xA3,0x8A,0xA2,0x19,0x80,0x89,0xB1,0x7F,0x98,0x00,0x28,0xB0,0x03,0x99,0xC2,
    0x53,0xF1,0x10,0xC0,0xA2,0x10,0x89,0x88,0x7B,0x0A,0x2A,0x89,0xC3,0x03,0x29,0x8A,
    0x58,0xA9,0x48,0x7C,0x0A,0xA8,0x84,0x1C,0x88,0x80,0x93,0x2A,0x5A,0x88,0xA8,0x45,
    0xA8,0x11,0x80,0x8F,0xC3,0x13,0xF3,0x09,0x01,0x90,0xB1,0x5D,0xE3,0x08,0x93,0xB9,
    0xA0,0x22,0x87,0xA1,0x00,0x49,0x09,0x0F,0x10,0x10,0x8C,0x19,0x80,0xC2,0x19,0x08,
    0xB7,0x59,0x18,0x0D,0x00,0x39,0x48,0x90,0x91,0xA4,0x10,0x10,0xA0,0x5A,0x5A,0x99,
    0x20,0x0C,0x11,0x92,0x2D,0xB1,0x21,0x8D,0xB9,0x24,0xC8,0x0C,0xC2,0x8A,0xA1,0x93,
    0xCB,0xC1,0x7A,0x0A,0x18,0x89,0x21,0x29,0xD2,0x96,0x82,0x81,0x22,0xA0,0x78,0x0A,
    0x80,0x29,0x38,0x2D,0xBA,0x88,0xA4,0xF3,0x89,0xE3,0x80,0xB3,0x8A,0x94,0xA3,0x2A,
    0xF1,0x02,0xC2,0x89,0x03,0x8B,0x02,0xF2,0x38,0x18,0x59,0xE0,0xA2,0x14,0x09,0x01,
    0x00,0x23,0xF2,0x02,0xA3,0x98,0xA3,0x7D,0x0A,0x89,0x30,0x1F,0x09,0x19,0x2B,0xB8,
    0xA1,0xC8,0x30,0xB8,0xD1,0xA5,0x88,0x5C,0x0A,0x88,0xC8,0x11,0x2C,0xB0,0xD3,0x94,
    0x4A,0x19,0xA0,0x92,0x50,0x1A,0x17,0x08,0x19,0x81,0x98,0x06,0x89,0x68,0x0B,0x81,
    0xB1,0x39,0x12,0xF8,0x12,0x39,0xBC,0xA5,0xB4,0x22,0x1D,0xC1,0x28,0x1A,0x1D,0x88,
    0xC2,0x80,0x89,0x4B,0xAB,0xC0,0xD4,0x11,0x09,0xC1,0x82,0x90,0x18,0x51,0x1D,0xB1,
    0x02,0x7C,0x99,0x20,0x1A,0x28,0xA0,0xB3,0x05,0x90,0x21,0x95,0x40,0x29,0x03,0xA0,
    0x17,0x00,0x81,0x00,0xB0,0xB7,0xA2,0x48,0xCA,0x84,0x89,0x2A,0x8A,0xA1,0xA0,0x1F,
    0x80,0xD4,0xB4,0x8A,0x81,0x0A,0x98,0xE4,0x29,0x8C,0xA8,0x5A,0x9A,0x19,0xB0,0x95,
    0x1A,0xA2,0x91,0x70,0x80,0xA3,0x88,0x92,0x3B,0x1E,0x51,0x4C,0x29,0x4C,0x0A,0x91,
    0x40,0x2A,0xA0,0x05,0xC2,0x22,0x0A,0x17,0x2A,0xA8,0x84,0x39,0x18,0x2B,0x03,0xCB,
    0x0C,0x95,0x3A,0xF0,0xA4,0x10,0x99,0x88,0x89,0xC4,0xA1,0x38,0x0F,0x2B,0x08,0x1F,
    0x90,0xA0,0x09,0x8C,0x00,0x88,0xE1,0xD3,0x10,0xA9,0x11,0x00,0x1B,0x19,0x20,0x4D,
    0xA0,0x22,0x79,0xAB,0xB6,0x28,0xA0,0x03,0x10,0x00,0x80,0xA7,0x96,0x39,0x09,0x23,
    0x1A,0x28,0x23,0x4F,0x28,0x28,0xC8,0x5A,0xB8,0x15,0x00,0x81,0x1C,0xA4,0x01,0x89,
    0x80,0x79,0x1A,0x00,0x11,0x1F,0x98,0x88,0xB5,0x0A,0x30,0xEB,0xA3,0xA0,0x08,0xB8,
    0x78,0xB9,0x39,0x9A,0x7A,0xA9,0x92,0x7A,0x0C,0xA1,0x00,0x98,0xE4,0xA3,0x3A,0x89,
    0xD3,0x11,0x99,0x90,0x20,0x9A,0xB4,0x63,0x2E,0x88,0x01,0xB1,0x2C,0xC5,0x11,0x98,
    0xB1,0x84,0x3A,0x09,0x01,0x4A,0xFA,0x93,0xA4,0x21,0x99,0x96,0x19,0x80,0xB7,0x08,
    0x6A,0xA0,0xA1,0x81,0x22,0x19,0x99,0x50,0x3B,0xD9,0x12,0x82,0xF2,0x82,0x41,0x0B,
    0x1A,0x83,0x3E,0x00,0x2D,0xC8,0x02,0x18,0xB1,0x00,0x19,0x9C,0x11,0x83,0x1D,0x3B,
    0xD5,0xB2,0xC3,0x22,0xDD,0x23,0xC8,0x11,0x2D,0x0A,0x81,0x89,0x19,0xC0,0xA9,0x04,
    0x91,0xC1,0x00,0xB1,0x02,0x3F,0xC8,0xD1,0x94,0x08,0x09,0xC1,0x10,0x20,0xAA,0x80,
    0xDB,0x96,0x39,0x00,0x89,0xB6,0x39,0x93,0xF3,0x08,0x40,0xC8,0xA0,0x83,0xA2,0x88,
    0x84,0x39,0xB0,0x19,0x7B,0x12,0x7A,0x08,0x99,0xB6,0x02,0x3B,0xF2,0x21,0x8A,0x1A,
    0x00,0xC3,0x38,0xB8,0xA4,0x0C,0xC5,0x41,0xA9,0xA6,0x82,0x19,0xC8,0x95,0x18,0x28,
    0xB0,0x09,0xD3,0xA3,0x92,0x81,0x29,0xC1,0x2C,0x30,0xC3,0x94,0x88,0xD7,0x94,0x88,
    0x01,0x3C,0x28,0x0C,0x08,0x80,0x4A,0xD1,0x11,0x90,0x8A,0x80,0x13,0x32,0x8F,0x31,
    0x4F,0x9A,0x82,0xC0,0x11,0x9A,0x1A,0x80,0x0F,0x90,0x92,0xC8,0xA2,0x39,0x6D,0x09,
    0x39,0x8B,0x18,0x18,0xD0,0x93,0xB2,0x29,0xBB,0x2A,0x1D,0x19,0x6A,0xD9,0x80,0x40,
    0x3B,0x2E,0xA4,0xB2,0x28,0xC7,0xB2,0x03,0x09,0x30,0x0A,0x8A,0x00,0xA1,0x7A,0x80,
    0x99,0xB5,0x12,0x18,0x34,0x4F,0x99,0x95,0x38,0x99,0x83,0xA8,0x94,0x5C,0x99,0x80,
    0x19,0x18,0x49,0x99,0x3B,0x80,0x7D,0x28,0xE0,0x30,0x20,0x2F,0x98,0x01,0x2A,0x99,
    0xB2,0xA1,0x5B,0x8C,0xA2,0x81,0xA8,0x09,0xA1,0x80,0x60,0xF0,0x82,0x92,0x97,0x1B,
    0x28,0xA0,0x09,0x88,0xC0,0xF3,0x01,0x99,0xA2,0xA8,0x72,0x0B,0x39,0x01,0xF0,0xC3,
    0x83,0xB4,0x98,0x10,0xC8,0x01,0x19,0xCA,0xA1,0xC8,0x43,0xCA,0xA2,0x11,0xF3,0x78,
    0x3B,0x0B,0xB5,0x38,0xA8,0xB3,0xC4,0x11,0x91,0xA8,0x93,0x0B,0x9B,0x86,0x5A,0x18,
    0x4C,0x0B,0x40,0x18,0xC8,0x06,0x98,0xC2,0xA5,0x93,0x08,0x02,0x3B,0x8D,0x82,0x18,
    0xC3,0x01,0x03,0xD1,0x4B,0x12,0x49,0xE0,0x02,0x01,0x2C,0x18,0x18,0xF3,0x31,0x1D,
    0x99,0xB2,0x04,0x2A,0x09,0xF1,0x00,0xA0,0x48,0x2A,0x2A,0x1F,0x08,0x49,0x2C,0x80,
    0x8A,0x19,0x00,0x1B,0x2A,0x6C,0x0C,0xB1,0x84,0xB9,0xB3,0x08,0x15,0x8D,0x19,0xC4,
    0x00,0x11,0xF4,0x08,0x08,0x49,0x9A,0x02,0x28,0x1F,0x91,0xA1,0x92,0xB2,0x19,0x10,
    0x1D,0xD1,0x84,0x18,0x9A,0xB3,0xB5,0x02,0x4D,0x88,0x10,0x2E,0x80,0x29,0x2A,0xD8,
    0xA4,0x88,0x2A,0x1A,0x4B,0x5C,0x8D,0x91,0x00,0xB3,0x92,0x7B,0xB8,0x93,0x01,0x39,
    0x49,0xB8,0x22,0xAC,0x85,0x89,0xA7,0xD3,0x29,0x18,0x1A,0x80,0x96,0x5A,0xA8,0x93,
    0xB3,0x84,0xA9,0x96,0x20,0x0B,0x00,0x20,0x00,0xE0,0xD1,0x82,0xB5,0x00,0x41,0x1F,
    0x90,0x01,0xC1,0x22,0x8A,0x01,0xD0,0x81,0x28,0x0D,0x49,0xAA,0xB4,0x48,0x5B,0xA9,
    0x94,0x28,0x2C,0x00,0x88,0x81,0x2A,0x02,0x9C,0x18,0x99,0xD4,0x18,0xBA,0x00,0x96,
    0x5B,0x09,0x9A,0x60,0xA8,0x23,0x89,0xC1,0x32,0x0C,0x88,0xA2,0x39,0x0D,0xE4,0xA0,
    0x81,0xD8,0x85,0x2E,0x08,0x18,0x2A,0x95,0xF2,0x20,0x89,0x89,0x90,0xA1,0xA9,0x93,
    0x5D,0x3C,0x99,0x90,0x52,0x9C,0x95,0x39,0x3B,0x20,0x18,0x1B,0x9A,0xB6,0x02,0x80,
    0x9D,0x87,0x09,0x39,0x8C,0x20,0x3A,0x80,0x3B,0x7C,0x08,0x01,0x18,0x1F,0x81,0x18,
    0x28,0x5B,0x9A,0x01,0x88,0xB9,0x15,0x8A,0xB2,0x70,0x58,0x2F,0x29,0x98,0x18,0x08,
    0xF0,0x01,0x80,0x88,0x92,0x3A,0x1E,0x88,0x80,0x81,0xE2,0x91,0x40,0xA8,0xE2,0x22,
    0xB9,0x84,0xA0,0x08,0x30,0xF9,0x10,0xA0,0xB1,0x19,0x79,0x1A,0x18,0xF1,0x11,0x09,
    0xC3,0xB1,0x97,0x82,0x2C,0xD2,0x19,0x41,0x0B,0x2D,0x9C,0x02,0x94,0x12,0x40,0x29,
    0x0A,0xB5,0xDA,0x19,0xB8,0x81,0xB2,0xBA,0x4A,0x38,0x07,0x02,0x0A,0x85,0x98,0xA1,
    0x84,0xA4,0x80,0x88,0x41,0xB9,0x10,0xB4,0x2C,0x8B,0x95,0x18,0x70,0x82,0x8B,0xC8,
    0x4B,0x2A,0x98,0x08,0x0A,0xE3,0x9A,0x0A,0xC7,0x25,0x28,0x00,0x0B,0x39,0xBF,0x98,
    0x85,0x31,0x39,0x1E,0x1A,0xDB,0x02,0x02,0x1A,0x40,0x29,0xC0,0xA1,0xA8,0x8B,0xB2,
    0x5B,0x0B,0x2B,0x5A,0xAC,0xF8,0x84,0x85,0x20,0x3A,0xD0,0x29,0x2B,0x8B,0x19,0x7A,
    0x84,0xC1,0x09,0x90,0xC2,0x18,0x05,0x10,0x1A,0x11,0xAD,0xA0,0x80,0x11,0x94,0xA7,
    0xA1,0x91,0x11,0x3F,0x89,0x9A,0x32,0x09,0xAA,0x90,0xA5,0xB4,0x15,0x31,0x89,0x70,
    0x8B,0x2C,0xA9,0xB1,0x50,0x0B,0x28,0xFA,0xC5,0x90,0x10,0x2A,0x19,0x59,0x29,0x10,
    0x3C,0x98,0x20,0xF8,0x90,0xB4,0x11,0x8C,0x10,0x09,0x22,0x3D,0xD3,0x60,0x89,0x09,
    0x38,0x2C,0x59,0x98,0x39,0xAA,0x80,0x11,0x38,0xF1,0x3A,0x8F,0x81,0x30,0x28,0x3E,
    0x3A,0x1A,0x1F,0x81,0x81,0x3B,0x90,0xB8,0x82,0x96,0xA8,0x23,0x2D,0x0C,0xD3,0x81,
    0x10,0x5A,0x0F,0x18,0x28,0x20,0x09,0x4B,0xB0,0xA1,0x94,0xE4,0x12,0x89,0x29,0xC2,
    0x39,0xE8,0x21,0xB0,0xD2,0x01,0x88,0xC1,0x12,0x69,0x19,0x18,0x9C,0x32,0xA9,0xD3,
    0xA1,0xB1,0x96,0x90,0x28,0x1C,0x5D,0x8B,0x30,0x5C,0x89,0x88,0x94,0x93,0xB1,0x00,
    0xD4,0x90,0x90,0xF3,0x83,0x89,0x88,0x00,0x2A,0xA4,0x58,0x88,0x0C,0x68,0x1D,0x10,
    0x3A,0x3B,0x9C,0x11,0x2A,0x21,0x0A,0x2C,0xBB,0x06,0x38,0x4F,0x0A,0xA1,0x38,0x19,
    0xD1,0xB1,0x10,0xF1,0x82,0x00,0x89,0x48,0xB3,0x93,0x80,0xB8,0x95,0x1E,0x38,0xA1,
    0xB8,0x96,0x18,0x8A,0x39,0x3B,0x93,0x4F,0x8C,0x32,0x0F,0x91,0x82,0x2A,0xC0,0x23,
    0xAC,0x01,0xE3,0xA0,0xA4,0x18,0x09,0x83,0x12,0x8F,0x39,0x5A,0x4B,0x8A,0x18,0x08,
    0x12,0xD5,0x90,0x81,0x0B,0x95,0x19,0xAA,0x07,0x88,0x80,0xB5,0x94,0x28,0x98,0xD1,
    0x88,0x28,0xB9,0x7A,0x89,0x09,0x04,0xE1,0x02,0xA0,0xB1,0x00,0xA6,0x08,0x19,0x9B,
    0x23,0xE2,0x59,0x19,0x10,0x80,0x8B,0x83,0xB6,0x8A,0x12,0x9B,0x7E,0x89,0x80,0x20,
    0x1A,0x19,0xE0,0x86,0x4A,0x99,0x20,0xA4,0x1A,0x88,0x91,0x18,0x10,0xC2,0x0A,0x59,
    0xF3,0x18,0xCA,0xA3,0x95,0x81,0xA9,0xA2,0x58,0x28,0xA0,0xB9,0x50,0x0D,0x29,0x1A,
    0xF1,0x90,0xA2,0x28,0x7B,0x90,0x00,0x90,0x11,0x00,0x13,0x9E,0x04,0xE8,0x81,0x80,
    0x18,0x09,0x4C,0x28,0xB8,0x18,0xF8,0x04,0x88,0x99,0xC1,0x84,0x19,0x84,0x92,0x81,
    0x90,0x7A,0x98,0x81,0x1C,0x99,0xB5,0xD6,0x01,0x08,0x88,0x1A,0x93,0x9A,0x19,0x8F,
    0x30,0x05,0x1A,0x28,0xA0,0xA7,0x19,0xA0,0xC3,0xF3,0x10,0x31,0xAB,0x2A,0xAA,0x52,
    0x9A,0xA0,0x40,0x29,0x3C,0x8C,0x82,0xC1,0x13,0x32,0xD0,0xB9,0x24,0x8A,0x1F,0x0D,
    0xC1,0x13,0x0D,0x28,0x19,0x3A,0x21,0xB9,0x58,0x93,0x09,0x01,0x2D,0x4E,0x18,0x98,
    0x59,0x00,0xB9,0x12,0x98,0x19,0xF5,0x32,0x1D,0x89,0x90,0x38,0x99,0x3C,0xB0,0x05,
    0x81,0x03,0x09,0x85,0x9B,0xE0,0xA5,0xC4,0x98,0x84,0xA1,0x2C,0x18,0x19,0xD8,0x94,
    0x81,0x40,0x99,0x1A,0x60,0x89,0x9A,0x50,0x8A,0x48,0x89,0x13,0x39,0x0D,0x00,0x12,
    0xA0,0x5B,0xAC,0x20,0xD3,0xB0,0x92,0xF2,0x96,0xB2,0x18,0xD4,0x01,0x88,0x01,0x3B,
    0x0B,0xC0,0x28,0xB3,0xAC,0x79,0xA0,0x39,0x0D,0x20,0x1B,0x18,0x29,0x0F,0x10,0x28,
    0x08,0x92,0x18,0xF1,0x72,0x8A,0x91,0x82,0xB0,0x03,0x0F,0x19,0x2A,0x2B,0x01,0x9E,
    0x31,0x31,0x0B,0x7B,0xD3,0x01,0xA2,0x21,0x2B,0x29,0x8C,0xA0,0x39,0xAB,0x80,0x0A,
    0x3F,0x1F,0x28,0x9A,0x18,0xC4,0x38,0xC2,0x02,0x98,0xC5,0xC4,0x02,0xC8,0x12,0x9A,
    0xA5,0x19,0x8A,0x82,0xF2,0x08,0x10,0xF0,0x13,0x2A,0x0C,0x94,0x39,0x98,0x59,0x8C,
    0xA2,0x80,0x39,0x18,0x1D,0x3A,0xA2,0x1B,0xC5,0x5D,0x90,0x00,0x5B,0xC0,0x82,0xB1,
    0x31,0x19,0xA2,0x4B,0x80,0x81,0xB8,0x27,0xA9,0x00,0xF1,0x94,0xD1,0xB6,0x82,0x89,
    0x18,0x90,0xA9,0x03,0x8B,0x90,0xC1,0x30,0x1B,0x27,0x18,0x9A,0x95,0x60,0x1B,0x81,
    0xA8,0x3A,0x93,0x8F,0x02,0x99,0x31,0x0F,0x1A,0x83,0x29,0xA9,0x44,0xA9,0x72,0x1A,
    0x08,0xA1,0xD5,0x13,0xC8,0x82,0xB1,0xC1,0xB4,0x80,0xB0,0xA0,0x48,0x2C,0x19,0x29,
    0xA6,0x11,0xD3,0xC4,0xA2,0x01,0x0A,0xF3,0x18,0x2B,0x09,0x9B,0x93,0x6A,0x29,0x8C,
    0x81,0x7D,0x28,0x0B,0x08,0xA4,0x00,0x88,0x30,0x8C,0x02,0xF2,0x39,0x0A,0xA1,0x72,
    0x9B,0x02,0x99,0x22,0x5C,0x0A,0x20,0x1F,0xA0,0x11,0xD0,0x12,0x89,0xA0,0xA2,0xA1,
    0x94,0xB6,0x89,0x49,0x18,0xB1,0x85,0x3C,0xC3,0x91,0xB0,0x07,0x1D,0x18,0xB9,0x13,
    0x0F,0x00,0x28,0x9A,0x80,0xB0,0x15,0x2B,0x88,0x80,0x28,0xF8,0x3A,0xF4,0x81,0x80,
    0x19,0x91,0x8A,0x13,0x94,0x1C,0x6A,0x08,0x92,0x39,0xC1,0x02,0x2F,0x2B,0x92,0x2E,
    0x88,0x91,0x19,0x1B,0x18,0x02,0x91,0x1F,0xA2,0x62,0x80,0x03,0x02,0x2F,0x82,0x38,
    0xAA,0x34,0x8F,0x80,0x09,0x08,0x98,0xC0,0xF2,0x78,0x8A,0x01,0x80,0x89,0xA5,0x08,
    0x19,0xB0,0x92,0xA5,0x90,0x3A,0x6B,0x29,0x3B,0xD5,0x18,0x91,0x30,0x1A,0x40,0x2F,
    0x89,0x18,0xC0,0x30,0x1C,0xB8,0x22,0xAB,0x83,0x81,0xD7,0x91,0xB4,0x03,0xA9,0x15,
    0xD9,0x86,0x0B,0x92,0x29,0x1B,0xA1,0x90,0xE5,0x81,0x82,0xA8,0x83,0x08,0x39,0x8C,
    0x91,0xD5,0x90,0x91,0x91,0x88,0x7A,0xBA,0x83,0x80,0xD1,0x43,0x08,0x38,0x10,0x48,
    0x2A,0x62,0x8D,0x10,0xB9,0xA7,0x18,0xAA,0x95,0x29,0x1B,0xC1,0x30,0x08,0xD5,0x38,
    0xD3,0x30,0x89,0x88,0x70,0x99,0x09,0xB1,0xB3,0x30,0x2E,0xAA,0x08,0xA1,0xE2,0x96,
    0x88,0xC4,0xA2,0x83,0xB9,0x20,0xB7,0x18,0x1A,0x9B,0xA3,0x90,0x29,0xD0,0xD8,0x04,
    0x49,0x3B,0x81,0xF1,0x10,0x7B,0x9A,0x94,0x90,0x80,0x89,0x60,0x9A,0x11,0x89,0xD2,
    0x10,0x92,0x48,0x0C,0x13,0x1F,0x29,0x19,0x08,0x02,0xCA,0x03,0xC0,0x29,0x83,0x9E,
    0x3E,0xD5,0xB4,0x00,0x11,0x8C,0x95,0x18,0x80,0x82,0xC0,0x01,0xD0,0xA4,0x28,0xA8,
    0x98,0x93,0x38,0x0B,0xA6,0x13,0x3F,0x80,0x09,0x81,0x69,0x0A,0x0C,0x13,0x0E,0x81,
    0xA2,0x82,0x9B,0x31,0xD6,0xB0,0x94,0x93,0xE1,0x82,0x10,0xC0,0x83,0xA0,0x29,0x1D,
    0xC2,0x38,0x5B,0x8C,0x91,0x80,0x8A,0x24,0x3B,0x9C,0xA4,0x20,0x8A,0x02,0xA7,0x19,
    0xA6,0xB0,0x03,0x2C,0x0C,0x10,0x3B,0x0A,0x6E,0x89,0x92,0x90,0xA1,0x95,0xA0,0x95,
    0xC3,0x01,0xA0,0x48,0x0A,0x88,0xB4,0x80,0xC9,0x05,0x88,0x00,0xF0,0x00,0x01,0x4D,
    0xA0,0xC4,0x11,0x89,0xA0,0xB3,0x68,0xA9,0x92,0xA4,0x99,0xB5,0x59,0x3C,0xAA,0x30,
    0x1E,0x20,0x8A,0x48,0x80,0x88,0xA1,0x21,0xAA,0xB4,0x90,0x97,0x29,0x3D,0x80,0x8A,
    0x81,0x79,0x98,0x98,0x93,0x2B,0x18,0x9D,0xA2,0x73,0x1D,0x28,0x40,0x8D,0x00,0x88,
    0x80,0x89,0x20,0x7A,0x1A,0x18,0x3C,0x99,0xD1,0x94,0x40,0x0B,0xC2,0xC5,0x12,0x2C,
    0xB1,0x10,0x29,0x0A,0x98,0xB3,0xE8,0x30,0x28,0x0D,0xD1,0xA5,0x13,0x0B,0xB2,0x84,
    0xA3,0x18,0x68,0x1B,0x89,0xA4,0x5C,0xA8,0x18,0x4A,0x2C,0xAA,0x96,0x08,0x89,0x81,
    0xB4,0x01,0x91,0x49,0xE1,0xD3,0x81,0xA1,0xA1,0xD0,0xB5,0x94,0x18,0x89,0x82,0x28,
    0x3A,0xBB,0x06,0x19,0x6C,0x89,0xB3,0xE0,0x01,0x08,0x18,0xAB,0x82,0x12,0x0F,0xB2,
    0x58,0x30,0x2E,0x00,0xA1,0x10,0xB4,0x00,0x3C,0xE2,0xA2,0x80,0xC2,0x19,0x00,0x2E,
    0x00,0x2C,0x53,0x0F,0x00,0x10,0x1A,0xB3,0x00,0xE2,0xA1,0x80,0xB3,0x11,0xAE,0x83,
    0x19,0x2D,0x98,0x02,0x2B,0x09,0x33,0x68,0x9F,0x86,0x88,0x91,0x98,0x91,0xE2,0xA4,
    0x08,0x18,0x1B,0x2A,0x3C,0x59,0xF0,0x20,0x80,0x80,0x00,0xC8,0x95,0x80,0x08,0x80,
    0x28,0x0D,0x80,0x80,0x39,0x99,0x94,0x5C,0x19,0xB3,0x61,0xC8,0x00,0x84,0x80,0x99,
    0xE4,0x94,0x08,0x99,0x03,0x2D,0xB0,0x60,0x2B,0x9B,0x31,0x98,0x6A,0xA9,0x13,0xA2,
    0x09,0x78,0xC8,0x20,0xBB,0x95,0x31,0x2F,0x98,0x30,0x1C,0x08,0xC1,0xB4,0x94,0x81,
    0x90,0xB4,0x91,0x90,0x00,0x49,0x0B,0x2A,0x89,0x7B,0x1D,0xA3,0x19,0x2C,0x91,0x86,
    0xA9,0xC5,0xA5,0x29,0x98,0xB1,0x11,0x8A,0x20,0xA0,0x1E,0xA0,0x96,0x29,0x2C,0xD1,
    0x81,0x80,0x02,0x88,0xC5,0x01,0xB3,0x20,0x4C,0x89,0xB2,0x50,0x0E,0x11,0xD0,0x93,
    0x38,0xB0,0xA3,0x01,0x0B,0x98,0x23,0xA3,0xA7,0x8B,0x7A,0xB3,0x98,0xA4,0x39,0x89,
    0x1E,0x83,0xF2,0x80,0x81,0x2B,0xAC,0x25,0x8C,0x28,0x3B,0x09,0x1A,0x58,0x1E,0xA3,
    0x19,0x2B,0xD3,0x90,0xF2,0x81,0x18,0x1C,0x29,0x08,0xC2,0x38,0xCA,0x96,0xA1,0x82,
    0x18,0xF4,0x01,0xB3,0x11,0x9A,0x13,0x9A,0x6B,0xF1,0x01,0x2B,0xA1,0x81,0x80,0xB3,
    0x69,0xA1,0xA7,0x21,0x2B,0x09,0x38,0x1E,0x99,0x81,0xC2,0x4A,0x09,0x2A,0xAA,0x79,
    0x59,0x1C,0x39,0x89,0x92,0x31,0xA1,0xF2,0xB4,0xA1,0x31,0x1E,0x90,0x4A,0x4B,0x1A,
    0x89,0x81,0x08,0xA1,0xB5,0x34,0x0C,0xA3,0x95,0x00,0xC9,0x81,0xB7,0x19,0xA9,0xB5,
    0x11,0x8A,0x82,0x5B,0x4B,0x39,0x8A,0x81,0x48,0x4A,0xBC,0xA5,0x99,0xC4,0xC2,0x00,
    0xC8,0xB3,0x01,0xC8,0x02,0x98,0x82,0x50,0x2B,0x87,0x5A,0x19,0x28,0x0C,0x81,0x39,
    0x2D,0xA9,0x22,0x2E,0x98,0x01,0x91,0x81,0xA4,0x68,0x98,0xA5,0x41,0x89,0x28,0x3D,
    0xA8,0x20,0x1C,0x98,0xC8,0x00,0x7C,0x0B,0x01,0xB1,0xB1,0x83,0xC0,0xA4,0x96,0x99,
    0xC3,0x18,0x2C,0x00,0x8D,0x6B,0x0A,0x2B,0x2A,0x9A,0xA2,0x13,0x4F,0x90,0xC1,0x22,
    0x2A,0xA9,0x97,0x1B,0x20,0x8A,0xA0,0x97,0x1A,0x99,0x93,0x11,0xF3,0x90,0x04,0xA2,
    0xA0,0x52,0x3C,0x5A,0x09,0x10,0x99,0x3C,0x92,0x0A,0x9A,0x05,0xE9,0x14,0x8C,0x93,
    0x32,0xAB,0xB6,0x80,0x00,0xB6,0x28,0x09,0x08,0x3C,0xC8,0x21,0x8A,0x2B,0x19,0xD7,
    0x80,0x22,0x5C,0x89,0x81,0x2B,0x11,0xB8,0x60,0xD2,0x80,0x90,0x81,0x90,0xE2,0x92,
    0x83,0x8D,0x22,0xBA,0x73,0x2B,0x3A,0x4D,0x19,0x0A,0x42,0x1E,0x88,0x90,0x09,0x99,
    0x91,0x19,0xD7,0x18,0x89,0x93,0x49,0xE0,0x82,0x19,0x0A,0x21,0xB8,0x68,0x88,0xC0,
    0x10,0x98,0xF2,0x02,0xA0,0x21,0x3C,0xE1,0x13,0x90,0x69,0x89,0x90,0x93,0x18,0x95,
    0x18,0x99,0x91,0x20,0x8C,0x97,0x18,0x2B,0x49,0x2A,0x28,0x0B,0x59,0x1D,0x20,0x0F,
    0x88,0xA3,0x39,0x2F,0x99,0xC3,0x18,0x00,0x3A,0x8E,0x91,0x28,0x5B,0x9B,0x02,0x81,
    0x2D,0xBB,0x71,0xA9,0xB2,0x91,0x88,0x59,0xAA,0xB6,0xA3,0x7A,0x5B,0x89,0x81,0x29,
    0x28,0x2C,0xB0,0x91,0x50,0x1C,0x92,0xB0,0x95,0x88,0x21,0x38,0xD8,0xB8,0x07,0x90,
    0x96,0x29,0xA9,0x01,0x18,0x3D,0x09,0x1A,0x00,0x1E,0x01,0x38,0xF9,0x95,0x98,0x92,
    0x82,0x28,0xB5,0x08,0x19,0xB5,0x0D,0x01,0xA2,0x09,0xB0,0x2C,0x7C,0xA0,0x11,0x81,
    0xAA,0x23,0x38,0x70,0x9A,0x39,0x1C,0x00,0xAA,0x82,0xC5,0xB1,0xA6,0xA9,0xA4,0x11,
    0x3F,0x80,0x8A,0x81,0x11,0xA2,0x18,0x89,0xF4,0xB0,0x08,0xB3,0xE1,0x19,0xA1,0x9B,
    0x24,0xF8,0x41,0x0B,0xA2,0x92,0x72,0x0B,0x28,0x28,0x9A,0x88,0x10,0x0B,0x48,0x89,
    0x7D,0x8A,0x22,0xC8,0x07,0x3A,0x98,0x30,0xB4,0x92,0x18,0xA2,0xF2,0x00,0xB4,0x80,
    0x0D,0xA0,0x95,0x0C,0x04,0x2D,0x88,0x30,0x2E,0x80,0x90,0x18,0xB8,0x02,0xE1,0x09,
    0x40,0xF9,0x00,0x08,0x89,0x39,0xD0,0x21,0x19,0x9B,0x96,0x11,0x1B,0x08,0xD8,0x85,
    0x98,0xC2,0x12,0xBB,0x97,0x98,0x21,0x09,0x2B,0x12,0x40,0x4F,0x2A,0x90,0x92,0x39,
    0x58,0x1C,0x1B,0x81,0xC2,0x3B,0xE0,0x83,0x48,0xA9,0x31,0x09,0x88,0x14,0xAA,0xC7,
    0x00,0xB4,0x10,0xB8,0xB0,0x22,0x4B,0x3D,0x0B,0x1B,0x79,0x4A,0x29,0x3B,0xCB,0x13,
    0x16,0x9D,0x04,0x9A,0x39,0x82,0xF1,0xA1,0x82,0x18,0x92,0x39,0x2A,0xE2,0x87,0xC1,
    0x28,0x4C,0xA1,0x08,0x08,0xBA,0x58,0x0A,0x90,0x01,0x9F,0x43,0x8A,0xA4,0x2C,0x98,
    0x94,0xE2,0x22,0x9D,0x03,0x19,0xA1,0x3B,0x3B,0x69,0x0B,0x1D,0x4C,0x19,0x09,0xA3,
    0x03,0xD8,0xAA,0x79,0x82,0x3C,0xA9,0x01,0x80,0x5A,0xB8,0x94,0x82,0xC3,0xA1,0xC5,
    0x90,0x40,0x40,0xCA,0x95,0x18,0xA2,0x01,0x2B,0xA3,0xA2,0x41,0xE2,0x92,0xA1,0xB5,
    0x2A,0x68,0xAC,0x81,0x0A,0x5C,0xA9,0x00,0xA9,0x30,0x1E,0xA9,0xB3,0x31,0xA8,0x80,
    0xC1,0x11,0xB7,0x04,0xA0,0x01,0x81,0x94,0x7B,0x4A,0x11,0xA8,0x4B,0x99,0x51,0x89,
    0x01,0x99,0x92,0xA0,0x2F,0x1B,0x18,0x4E,0x8C,0x18,0x1C,0x98,0x38,0x8C,0xA0,0x68,
    0xA9,0x82,0x29,0x31,0x8B,0x32,0x00,0x87,0x21,0x1A,0xC5,0x92,0x04,0xA1,0x87,0x81,
    0xB8,0xA3,0x33,0xB9,0x87,0xB8,0x81,0x90,0x0C,0xC4,0x09,0x88,0xF1,0xBB,0x13,0xA1,
    0x0D,0xE2,0x88,0x08,0x89,0xC1,0x94,0xB8,0x93,0xD3,0xA3,0x01,0x5B,0x29,0xB2,0x3A,
    0xA5,0x25,0x0C,0x30,0x90,0x82,0x71,0x38,0x89,0x28,0x80,0x36,0x2B,0x94,0x18,0x4A,
    0xC9,0x83,0xF5,0x92,0x90,0x90,0x82,0xF0,0x01,0x88,0xB9,0x98,0x90,0x3D,0x39,0x0E,
    0x2A,0x8D,0x18,0x09,0x08,0x9B,0x0A,0x38,0x08,0x9A,0x78,0xD3,0xB2,0x13,0x3C,0x20,
    0x6D,0x1A,0xA4,0x10,0x7A,0x28,0x20,0x2B,0x58,0x88,0x20,0x59,0x19,0xB1,0x83,0xA3,
    0xB4,0x83,0x23,0x1E,0xA1,0xCA,0x14,0x82,0x8E,0xA8,0x58,0x1D,0xA8,0x00,0x0D,0x88,
    0x99,0xD0,0x91,0x2C,0x98,0x19,0x2F,0x1C,0xA2,0x91,0x2B,0xD1,0x83,0xA8,0x93,0xB4,
    0x28,0x10,0x7B,0xC1,0x02,0x96,0x4A,0xD2,0x91,0x21,0x81,0x4B,0x29,0x0B,0x07,0x3A,
    0xA8,0x97,0x90,0x03,0x3A,0x99,0x93,0x00,0x85,0x3D,0x2C,0xA0,0x97,0x1A,0xA1,0x20,
    0x2C,0x08,0xCA,0x30,0x9C,0x81,0xF1,0x28,0x2C,0x8A,0x81,0x9B,0xA6,0xF0,0x91,0xA1,
    0x82,0x99,0x99,0xB5,0x39,0x0A,0x99,0x93,0x00,0x8C,0x06,0x4B,0xB0,0x10,0x11,0x1D,
    0x0B,0x50,0xC4,0x20,0x2A,0xD3,0x40,0x9A,0x93,0xA3,0x21,0x4D,0x01,0x92,0xA4,0x7B,
    0x09,0x92,0x6B,0x01,0x81,0x2A,0xB1,0x34,0x89,0x81,0x73,0x0C,0x80,0x83,0x5E,0x1A,
    0x18,0x2B,0xA8,0xD0,0xA5,0x01,0xA8,0x91,0x89,0xA1,0xD1,0x31,0x8E,0x18,0x2D,0x81,
    0x1A,0x2C,0x09,0xB2,0x2A,0xC8,0xE6,0x92,0x09,0x89,0x08,0xF3,0x01,0x90,0x19,0x09,
    0x19,0xD5,0x82,0xA8,0xA2,0x21,0xB0,0x7B,0xA0,0xA5,0x00,0x19,0x10,0x18,0x1A,0x91,
    0xD7,0x18,0x85,0x18,0x1A,0x89,0x3A,0x44,0x1E,0x01,0x80,0x0A,0x22,0x89,0x28,0x59,
    0xE8,0x20,0x3A,0x3E,0x82,0x28,0x38,0x1C,0x30,0xD3,0x22,0xB9,0x87,0x19,0x91,0xB1,
    0x94,0x94,0x9A,0x01,0xE8,0x23,0x2B,0x3B,0x9F,0xC3,0x49,0x8A,0x80,0x2E,0x29,0x1D,
    0x80,0x91,0x2C,0xB1,0x00,0x2D,0x4A,0x90,0x19,0xF0,0x92,0x88,0x1A,0x3A,0xDA,0x91,
    0xF3,0x01,0x09,0xA0,0x18,0xC9,0x80,0xA2,0x4A,0x21,0x3C,0x0F,0x01,0x88,0x3C,0x81,
    0x19,0xA9,0xFA,0x07,0x90,0x08,0x11,0x0D,0x02,0xB8,0x32,0xC5,0xA1,0x7A,0x90,0x88,
    0x82,0xB0,0x12,0x09,0x1F,0x91,0x11,0x2B,0x80,0x6A,0x08,0x68,0x40,0x0D,0x91,0x59,
    0xA0,0x01,0x80,0x4B,0x90,0xC0,0x22,0xC1,0x82,0x20,0xBB,0x93,0x92,0x34,0xD7,0x00,
    0x0A,0xA3,0x38,0x2C,0x8A,0x34,0x0F,0x39,0x88,0x21,0xA8,0x13,0x2A,0x19,0x4F,0x61,
    0x8C,0x00,0x29,0x90,0xC1,0x01,0xA9,0xD7,0xA1,0x00,0x91,0x08,0x00,0xEA,0x01,0xD2,
    0x21,0x88,0x8A,0x09,0x11,0x3F,0x2D,0x09,0x4B,0xAA,0x90,0xA8,0x02,0xC4,0xC1,0x38,
    0x89,0x0A,0x05,0xC3,0x8A,0x93,0x0B,0x9B,0x2A,0xB9,0xD5,0x1D,0x80,0x04,0x20,0x40,
    0xF2,0x82,0x81,0x50,0x21,0x1C,0x82,0x4C,0x39,0xA8,0x83,0xD0,0x92,0x41,0x9E,0x85,
    0x18,0x00,0x2D,0x98,0xA1,0x13,0x81,0x18,0xF8,0x95,0x18,0x5B,0x88,0x89,0x28,0xC1,
    0x69,0x88,0x18,0xB8,0x01,0x4B,0x1A,0xA2,0x62,0x9A,0x3F,0xB0,0x80,0x88,0x91,0x0D,
    0x28,0xAB,0x87,0x19,0x89,0x93,0xB8,0x22,0x2C,0x95,0xB2,0xF1,0x02,0x1B,0x8A,0x34,
    0xAF,0x01,0x80,0x2A,0xB1,0x30,0x68,0x1F,0x08,0x90,0x29,0x89,0x28,0x1F,0xAA,0x11,
    0x2C,0xC4,0x18,0x09,0x00,0x29,0xC3,0xA3,0x84,0x93,0x28,0x7A,0x09,0xC2,0x95,0x4C,
    0x9A,0x21,0x3F,0x0A,0x80,0x88,0xA2,0x10,0xA9,0x07,0x99,0x82,0xB3,0x60,0x8A,0x22,
    0xE4,0x10,0x1A,0x13,0x3F,0x0A,0xA1,0x38,0x18,0x0A,0x15,0x18,0x20,0x98,0xC2,0x04,
    0x89,0x24,0xAC,0x00,0xB0,0xC3,0xF3,0x80,0xC4,0x10,0x28,0x2F,0x81,0x00,0x90,0x11,
    0x1A,0x1A,0xB2,0x79,0x9D,0xC3,0x91,0x90,0xBA,0x97,0x0A,0xB2,0xD3,0x92,0x29,0x88,
    0xBC,0x85,0x19,0x1B,0x12,0x7B,0xAA,0x02,0x49,0x2C,0x2D,0xA3,0x39,0x2B,0x28,0x90,
    0x86,0x2B,0x01,0xD0,0x13,0xAA,0x83,0x79,0x1F,0xB0,0x91,0x2A,0x2A,0x89,0x4F,0x0A,
    0x0A,0x11,0xF2,0x11,0x09,0xA2,0x12,0x8C,0x82,0xC9,0x30,0x9B,0xA8,0x39,0x91,0xA2,
    0x72,0x0D,0x1C,0x00,0xD5,0x00,0x88,0x08,0xD8,0x13,0x0C,0x98,0x09,0x52,0xF3,0x10,
    0x58,0x89,0x03,0xA0,0x93,0x31,0x0C,0x14,0x8C,0xB5,0x18,0x3A,0x28,0xF0,0x18,0x82,
    0x5A,0x8A,0x29,0x00,0xA6,0x4A,0x89,0xC3,0x21,0x28,0x49,0x8A,0xAA,0x12,0x5A,0x3B,
    0x3F,0xF2,0x11,0x88,0x90,0x12,0xB6,0x80,0x00,0x00,0xB1,0x88,0xA4,0x0D,0xD8,0x80,
    0x5B,0xAC,0x41,0xAA,0x20,0x3B,0x99,0x27,0x89,0x82,0x00,0x21,0xF1,0x82,0xE1,0x00,
    0xA0,0xB3,0x10,0x5A,0x8F,0x93,0x3A,0x8B,0x48,0x1A,0xA0,0x39,0x38,0xF8,0x48,0xBA,
    0xB4,0xA9,0x13,0x8C,0x82,0x2D,0x88,0x3C,0xA3,0xA1,0x8C,0x44,0x0E,0xA3,0x81,0x38,
    0x8A,0x18,0xC6,0x19,0x28,0x1F,0x80,0x8A,0x21,0x1C,0x21,0x82,0x8B,0x78,0xC2,0x02,
    0xA4,0x24,0x4B,0xAB,0x25,0x99,0x03,0x2C,0x00,0xF3,0x3A,0x10,0xD1,0x01,0x08,0x28,
    0x0C,0x09,0x81,0x98,0xB7,0x9A,0xB4,0x49,0x19,0xB9,0x08,0xE4,0x82,0x22,0x2F,0xB2,
    0x88,0x20,0x1A,0x2D,0x90,0x81,0x11,0xCF,0x04,0xA8,0x5A,0x88,0x1C,0x09,0x91,0x41,
    0x0E,0x08,0x08,0x89,0x92,0x98,0x85,0xA2,0xA1,0x96,0x41,0x2F,0x91,0x81,0x89,0x10,
    0x1A,0x12,0x0E,0x28,0xB9,0xA2,0x80,0x01,0x20,0x8F,0xF3,0x93,0xC2,0xA4,0x91,0x21,
    0x4B,0xA0,0x30,0xF3,0x11,0x2A,0x2F,0x10,0x89,0x48,0x2B,0xB9,0xA3,0xA6,0x01,0x08,
    0xB6,0x10,0x81,0xA9,0x93,0x0B,0x08,0x88,0x0F,0x98,0x6C,0x9A,0x7A,0x09,0x98,0x82,
    0x29,0x30,0xB1,0x5A,0x04,0x3D,0xAA,0xB3,0x80,0x4B,0xBB,0xC7,0x18,0xC0,0x80,0x18,
    0xA0,0x5C,0x29,0x99,0x82,0xE1,0x04,0x18,0xF0,0x11,0x80,0x29,0x1A,0x1A,0x28,0xE8,
    0x10,0x00,0x3D,0xA3,0x18,0xA5,0x4B,0x93,0x00,0x4E,0x09,0x19,0x8A,0x50,0x8D,0xA3,
    0xB8,0x4B,0x83,0x9B,0xB4,0x83,0x93,0x30,0x2A,0x7A,0x92,0x1A,0x23,0xF8,0x91,0xB0,
    0x93,0xE8,0xD8,0x04,0x1C,0x8A,0xA7,0x88,0x28,0x89,0x92,0x10,0x1A,0xAB,0x21,0xA8,
    0xC7,0x49,0x3E,0x99,0x5A,0x00,0x1A,0x01,0x2A,0x88,0x88,0x34,0xA5,0x8B,0x07,0xA9,
    0x91,0x31,0x4C,0x8C,0x08,0xE0,0x02,0x09,0x09,0x10,0x98,0x30,0x20,0x18,0x87,0x5B,
    0x19,0x00,0x0A,0x92,0xC2,0x09,0xF9,0x11,0x01,0x0E,0x4C,0x2A,0x8B,0x30,0xB6,0x19,
    0x49,0xA8,0xC1,0x04,0x2C,0x90,0x19,0x2B,0xA2,0xA0,0x95,0xA9,0x03,0x85,0x4B,0x01,
    0xA7,0x84,0x0A,0xA4,0x80,0xB2,0x35,0x9F,0x28,0x09,0x80,0x89,0x09,0x98,0x7B,0x4B,
    0x88,0xC1,0x40,0xB0,0x18,0xD4,0x93,0x30,0x99,0xA9,0xB7,0x91,0xB3,0x81,0xD2,0xC1,
    0xA5,0x11,0x09,0xB9,0x50,0x00,0xAB,0x85,0x19,0x2D,0x1D,0x90,0xB0,0x14,0x1B,0x09,
    0x4B,0xA8,0x05,0x39,0xB3,0x98,0x44,0x3F,0x2A,0x89,0xA3,0xD1,0x02,0x3D,0x80,0xC2,
    0x91,0xA6,0x1A,0x12,0x0B,0x91,0xA9,0x71,0x1D,0x2A,0x39,0x8A,0xF2,0x11,0xC8,0xA6,
    0x82,0xA0,0x12,0x8A,0xB3,0x12,0x4B,0x98,0x0E,0x50,0x9A,0x08,0x80,0x8C,0xB2,0xBA,
    0xA7,0x91,0x80,0xC5,0xC4,0x81,0x20,0x2B,0x0A,0x38,0x5B,0xF0,0x21,0x2A,0x98,0x08,
    0xB8,0x97,0x29,0x80,0x30,0x09,0x18,0x02,0x09,0x42,0x9C,0x98,0x7A,0x0F,0x91,0x90,
    0xD1,0x01,0xA1,0x01,0x08,0x80,0xA7,0x22,0x08,0x03,0x2E,0xB1,0x42,0x2E,0x99,0x39,
    0xC1,0x8A,0x98,0x91,0x01,0x29,0x7B,0xA0,0x5A,0x89,0xB3,0x15,0x3E,0x0A,0x11,0x0C,
    0x28,0xB2,0xF4,0x82,0x88,0xA0,0x83,0xD0,0x23,0x80,0x8A,0x17,0x18,0x09,0x02,0x2E,
    0xE2,0x18,0x29,0xB8,0xA8,0xA9,0xD4,0xA2,0x21,0x1D,0x81,0xB1,0x10,0x26,0x3A,0x29,
    0x00,0x99,0xA0,0x59,0xA3,0xF9,0xB1,0x4D,0x0A,0xA9,0xC6,0x01,0x98,0x82,0x49,0xD0,
    0x02,0x1A,0xC2,0x91,0xC1,0x31,0x6B,0x1D,0xA0,0x30,0x0F,0x10,0x18,0x88,0xA1,0x58,
    0x10,0xB2,0x11,0x00,0x01,0x8B,0xB4,0xA7,0xA2,0x49,0x8F,0x00,0x08,0x0A,0x18,0x39,
    0x1F,0x39,0x29,0x09,0x02,0x2D,0x80,0xA6,0x01,0xB8,0x95,0x4A,0x0F,0xA2,0x01,0x0B,
    0x18,0xB8,0x81,0x82,0x3D,0x90,0xA0,0x4A,0xF0,0xA3,0x81,0x2A,0x4D,0x9A,0x90,0x11,
    0x2B,0xA8,0x3B,0x07,0x1A,0xD3,0x84,0x93,0x01,0x2B,0x78,0x11,0x89,0x39,0xF0,0xB1,
    0x13,0xAC,0xA7,0xA0,0x98,0x01,0x29,0x3C,0x3A,0x1D,0x33,0x8F,0x22,0x90,0xA2,0xA4,
    0xC3,0x81,0x5D,0x98,0x80,0x01,0xE9,0x82,0x98,0x93,0x88,0x38,0x3D,0x19,0x29,0x79,
    0xA8,0xB5,0x18,0x08,0xB9,0x05,0xC8,0xA7,0x08,0x29,0xF1,0xA4,0x01,0x09,0x28,0x88,
    0x18,0x40,0x2A,0x08,0x91,0xB8,0x14,0x1F,0xA0,0x11,0x0C,0x1B,0x2C,0xD9,0x94,0x09,
    0x11,0x4B,0xB9,0x04,0x40,0x9A,0x24,0xA0,0xC2,0xA1,0x70,0x2A,0x9A,0xF0,0xA4,0x19,
    0x98,0xB3,0x5A,0x99,0xD3,0x20,0x18,0x9B,0x23,0x2B,0xAC,0x20,0x3C,0x13,0xBF,0x95,
    0x08,0xD1,0x00,0x11,0xA8,0x60,0x19,0x6B,0x08,0x20,0x19,0x20,0x49,0xBB,0x33,0x10,
    0xFA,0x29,0x18,0x8E,0x29,0x3D,0x2B,0xC9,0x02,0x5A,0xA1,0x81,0x20,0x0A,0x62,0x3B,
    0x89,0xC0,0xB6,0x09,0xC2,0xA1,0x09,0xF0,0x93,0x90,0x5B,0x08,0x0B,0xA1,0x85,0x29,
    0x8B,0x22,0x0F,0xD3,0x08,0xB1,0x83,0x8D,0xB2,0x31,0x0E,0x01,0x90,0x97,0x10,0x18,
    0x92,0x30,0xB5,0x40,0xB1,0x89,0x28,0xC8,0x16,0x9F,0x92,0x19,0x2C,0x1A,0xA0,0x93,
    0x90,0xB1,0x37,0x89,0xC6,0x11,0x18,0xA0,0x10,0x98,0x21,0x9E,0x91,0x08,0x0D,0x83,
    0x1B,0x01,0x1F,0x92,0x29,0x23,0xD7,0x82,0x20,0x9B,0x20,0xCB,0x85,0x19,0xD8,0x92,
    0x81,0x3D,0x40,0x8B,0xB5,0x80,0x82,0x23,0x18,0xF1,0x03,0x98,0x80,0x82,0x0C,0xD3,
    0x1B,0x58,0xDA,0x90,0xB3,0x30,0x2C,0xE0,0x10,0x93,0x81,0x94,0x90,0x01,0xA9,0x64,
    0xBB,0xB4,0xC5,0x10,0x1A,0xB9,0xA5,0x09,0xA3,0x81,0x89,0x91,0x15,0xE1,0x12,0x4C,
    0x9A,0xA8,0x29,0xF2,0x88,0x18,0xC2,0x00,0xAB,0x17,0x99,0xA3,0x97,0x18,0x30,0x1B,
    0xC4,0x03,0x19,0xB1,0xB1,0x95,0xE2,0x88,0x30,0x99,0x18,0x9B,0x84,0x4B,0xB9,0x51,
    0x9B,0x97,0x08,0xB2,0xB7,0x01,0xA0,0x22,0x8D,0x8A,0x82,0x2C,0x39,0x0D,0xA1,0xD3,
    0x12,0x2B,0xAA,0xB3,0x51,0x1A,0x2B,0x8A,0xA7,0x9A,0xB3,0x29,0xAF,0xC3,0x38,0x2C,
    0x38,0x0A,0xB7,0x51,0x1A,0xB2,0x12,0xA8,0x7A,0x59,0x8A,0x01,0x90,0x18,0x89,0xB3,
    0xC1,0xD4,0x22,0x8D,0xA2,0x3A,0x81,0xC0,0x51,0xD9,0xA4,0x11,0x8A,0x04,0x79,0xAA,
    0x01,0xA1,0xA2,0x4A,0xD2,0x22,0x9D,0x22,0x8B,0x11,0x83,0x1F,0x80,0x1A,0x6E,0x88,
    0x88,0x81,0x80,0xB1,0xB2,0x01,0x90,0xD2,0x22,0xF0,0x11,0xD8,0x42,0x1A,0xF1,0x30,
    0x0B,0x28,0x2A,0x19,0xB4,0x84,0xA8,0x82,0xF3,0x20,0xCA,0x23,0x9A,0x2B,0x93,0x1E,
    0x98,0x96,0x08,0x0B,0x80,0xA7,0x80,0x38,0x1B,0xB4,0x28,0xB0,0x33,0x0B,0xAB,0xB4,
    0x6B,0x1B,0xEB,0x97,0x10,0x9A,0xB1,0xA1,0xA7,0xA1,0x10,0x4A,0x29,0xD9,0x82,0x7A,
    0x0A,0x28,0x08,0x91,0x38,0x2F,0x91,0x29,0x91,0x90,0xA2,0xB7,0x84,0x88,0xA0,0x40,
    0xF1,0x39,0x29,0x0B,0xA2,0xB1,0x4A,0x7B,0x0B,0x12,0x99,0x1B,0x38,0x12,0x9F,0x97,
    0x1A,0x92,0xB1,0x80,0x19,0xD4,0x91,0x92,0x2B,0x1F,0x11,0x09,0xF1,0x82,0x91,0xC1,
    0x90,0x79,0xA8,0xA8,0x23,0x92,0x8B,0x06,0xB8,0xD4,0xB5,0x1A,0x1B,0x09,0x70,0x4A,
    0x18,0x50,0x91,0x80,0x89,0x0A,0x0E,0x1C,0x10,0xC8,0x5A,0x8A,0x19,0x85,0x80,0x82,
    0x99,0x2A,0xA2,0x48,0xA7,0x02,0x18,0x20,0x1B,0xD9,0x09,0x40,0x8B,0x1C,0xA4,0xB2,
    0x07,0xB8,0x00,0x8A,0x97,0x18,0x08,0x4B,0x1A,0x12,0xC1,0x8D,0x21,0x96,0x00,0xAB,
    0xB8,0xAB,0xE0,0x22,0x07,0x18,0x00,0xA8,0xB9,0x90,0x34,0xA4,0x01,0x11,0x9C,0x1E,
    0xAB,0xC1,0xA2,0x09,0xA2,0xB5,0x12,0x0E,0x9B,0x83,0x70,0x14,0x98,0xA0,0x91,0x3F,
    0xA8,0xA1,0x85,0x18,0x10,0x3A,0x0F,0x29,0xAB,0x62,0x39,0x10,0x0A,0x0A,0x1A,0x1E,
    0x29,0x14,0x11,0xA1,0x9C,0xA8,0x3A,0xC1,0x09,0x0F,0x2A,0x2C,0x4D,0x09,0xB2,0x24,
    0x49,0x99,0x81,0x86,0x29,0xA9,0xB2,0x19,0xD8,0xF1,0x02,0x99,0xB2,0xA0,0x2C,0x01,
    0xB2,0x07,0x82,0x18,0x91,0x82,0x8C,0x82,0xF7,0x81,0x20,0x0B,0x82,0xC8,0x92,0xB6,
    0x80,0x81,0x7B,0xA8,0xA1,0x04,0x28,0x9B,0x0A,0xB4,0x97,0xB3,0x11,0xA9,0xAB,0x4C,
    0x2C,0xB1,0x23,0x0A,0x8E,0xF2,0x01,0x81,0x80,0x22,0x89,0x19,0x48,0x90,0x7A,0x1A,
    0x38,0x3D,0x98,0x18,0x08,0x0F,0x2A,0x48,0x0A,0x81,0xF5,0x28,0x01,0x99,0x80,0x82,
    0x30,0x3A,0xC9,0x88,0xB8,0x89,0x7E,0x19,0x19,0x29,0x29,0x3D,0x8A,0xA4,0x89,0x91,
    0x96,0xA9,0x83,0x28,0xD5,0xA3,0x82,0x19,0x1F,0x99,0x5A,0x89,0xB0,0x22,0x3E,0x0B,
    0x95,0x21,0x09,0x4C,0xA8,0xB2,0x07,0xA9,0x83,0xB1,0xF0,0x82,0x10,0x88,0xA0,0x78,
    0x1C,0x29,0x08,0x89,0x38,0xC1,0x88,0x48,0x1A,0x33,0xF0,0x88,0x08,0x9A,0x97,0x98,
    0x00,0xD3,0x11,0x92,0x2D,0x1C,0x08,0x10,0xD3,0xA2,0x21,0x89,0x84,0x68,0x8C,0x88,
    0xE2,0xB3,0x84,0x91,0x8A,0x93,0x2B,0x01,0x8E,0x70,0x2C,0x09,0x82,0xA0,0xA4,0x93,
    0x91,0x80,0xB8,0x18,0xC3,0x90,0x88,0x0E,0xC0,0xE2,0x34,0xD9,0x81,0xC2,0x81,0x40,
    0x2C,0x0A,0x91,0x18,0x2A,0xB5,0x8A,0x98,0x11,0xF3,0x42,0x0D,0x18,0x4A,0x08,0x80,
    0xC2,0x82,0x93,0xF2,0x01,0x28,0x0A,0x10,0x3A,0x8D,0x5A,0x89,0x92,0xB0,0x4B,0xB7,
    0x90,0xA8,0x83,0x11,0x94,0x23,0x1F,0x3A,0xC8,0xA6,0xA2,0xB2,0x90,0x8A,0x83,0x0F,
    0xB3,0x03,0x89,0xC0,0xA9,0x17,0x5B,0x0B,0x90,0x82,0x5B,0x18,0x8B,0x18,0x39,0xA0,
    0x78,0x1A,0x2C,0x5C,0x29,0x8B,0x10,0x21,0x6A,0x4D,0x89,0xA1,0x29,0x01,0x08,0xC8,
    0x91,0x4A,0x1A,0x2D,0x18,0xC0,0xF3,0x13,0x89,0x91,0x00,0x02,0x28,0x6A,0x0E,0x01,
    0x90,0x20,0x5C,0xAA,0x90,0xC9,0x24,0xA2,0xB8,0x12,0x03,0xB5,0x0B,0x7B,0x82,0xC2,
    0x49,0x98,0xA9,0xC0,0x13,0x08,0xA1,0x92,0x4C,0xAD,0x68,0x80,0x01,0x88,0x78,0x8B,
    0x02,0xA0,0x90,0x03,0x8C,0x89,0xF1,0xB3,0xC8,0x4A,0x00,0x08,0x2D,0x1A,0x29,0x18,
    0x1F,0xB0,0x16,0x1C,0x01,0x90,0x19,0xC0,0x02,0x82,0xF4,0x03,0x1B,0x90,0x83,0xC0,
    0x10,0x51,0xCA,0x91,0x32,0x99,0x51,0xC9,0x81,0x81,0xD2,0x8A,0x22,0xD2,0x93,0x0A,
    0x5D,0xA9,0xA4,0x03,0x88,0xB1,0x01,0xDC,0x81,0x68,0xAA,0x94,0x4C,0x18,0xAB,0x92,
    0x95,0xA9,0x38,0xE1,0x08,0x80,0xA9,0xA4,0x85,0xBB,0x05,0x80,0xC8,0x52,0x1C,0x81,
    0xB1,0x32,0x48,0x3E,0x19,0xA8,0x30,0x0C,0x09,0x02,0x80,0xF2,0x31,0x0A,0xBC,0x84,
    0x90,0x84,0x3E,0xB8,0x05,0xA2,0x6B,0x3A,0x89,0x4A,0x08,0x5A,0x1A,0x0B,0x31,0x8E,
    0x90,0xA5,0xA1,0x32,0x9C,0xA4,0x21,0xB0,0x00,0x03,0xA1,0xD0,0xB2,0xA3,0xD9,0x90,
    0xB4,0xB9,0x1B,0xA7,0x30,0x19,0x2D,0x02,0x5E,0x28,0xCB,0x86,0x81,0x88,0x81,0x99,
    0xAB,0x05,0xD4,0x90,0x88,0x0A,0x10,0x9C,0x41,0x48,0x9A,0x18,0x92,0xF8,0x03,0x28,
    0x1A,0x92,0x9F,0xA5,0x82,0x80,0x1A,0x92,0xD2,0xC2,0x50,0xA2,0x92,0x19,0x28,0x4A,
    0xC2,0x24,0x0B,0x90,0xCA,0x91,0x4A,0xB9,0xD3,0x03,0x8A,0xA0,0x1C,0x7F,0x08,0x1A,
    0x81,0x91,0xB1,0xA6,0x02,0x98,0xE8,0xC4,0x80,0x98,0x82,0xA1,0x9A,0x03,0x0F,0x29,
    0x10,0x08,0x5C,0xA8,0x91,0x90,0x91,0x40,0xC0,0x89,0xF2,0x18,0x29,0x8A,0x63,0xE1,
    0x92,0x81,0xA3,0x02,0x11,0x2D,0x30,0xC1,0x19,0x79,0x8A,0xA0,0x7B,0xB9,0x01,0x80,
    0xB2,0x70,0x0B,0xA3,0xA1,0x81,0x34,0xE3,0x12,0xA0,0xA2,0x2A,0x12,0xA0,0x2D,0xBD,
    0xC5,0x28,0x2A,0x81,0xD3,0x03,0x08,0x3E,0x20,0x88,0x02,0x9A,0x10,0xF0,0x2A,0x9A,
    0x60,0xAD,0x91,0x90,0x20,0x1B,0x12,0x70,0xA8,0x93,0x90,0x97,0x69,0x09,0x88,0x18,
    0x1F,0x80,0x99,0xA1,0x59,0x0F,0x08,0x09,0x90,0x01,0x80,0x83,0xA1,0x18,0x87,0x28,
    0x91,0x39,0x6A,0xAA,0x10,0x82,0xA0,0x18,0x8F,0x82,0x2F,0x11,0x3B,0x00,0x85,0x5B,
    0x19,0x09,0x14,0xA8,0x08,0x97,0x1D,0xB0,0x11,0x2B,0x1B,0x89,0xA9,0x39,0x12,0x18,
    0x37,0x2F,0x2C,0x80,0x28,0x18,0xB2,0xBA,0x89,0xA6,0x0E,0x08,0x28,0xAE,0x00,0xD1,
    0xB1,0x10,0x38,0x0B,0x44,0x8F,0x80,0x93,0x30,0x88,0x4A,0x98,0xB1,0x81,0x11,0x18,
    0xF4,0x7A,0x09,0x89,0x11,0x19,0x82,0xB0,0x10,0x6B,0xD2,0x04,0x08,0x28,0xF9,0x81,
    0x82,0x18,0x3C,0xB9,0x02,0x8D,0x23,0x5B,0x1D,0xC3,0x69,0x29,0x0A,0x01,0x92,0x04,
    0x8A,0x08,0xA2,0x08,0x81,0x1A,0xF5,0x80,0xB0,0x00,0x7A,0x9D,0xA3,0x80,0x08,0x2C,
    0x84,0x91,0x98,0xE5,0x83,0x18,0x39,0x9A,0x14,0x1B,0xC8,0xD3,0x6A,0xA8,0x90,0x08,
    0x0B,0xD3,0x92,0x80,0xB4,0x01,0xBA,0x51,0x3F,0xB0,0x08,0x49,0x1A,0x0A,0xA8,0x70,
    0x88,0x10,0xF3,0x92,0x02,0x09,0x62,0x19,0x08,0xB1,0x38,0x70,0xA8,0x80,0x01,0x1D,
    0xC5,0x09,0x00,0xC8,0x92,0x10,0x1A,0xF2,0x82,0x92,0x41,0x0A,0x08,0x09,0x00,0x5A,
    0x9C,0x85,0xD9,0xA2,0x38,0x1A,0xFB,0x95,0x0A,0x18,0x81,0x1A,0x92,0x29,0x59,0x1F,
    0x90,0xA3,0x5A,0x2B,0xB1,0xC4,0xA1,0x88,0xB3,0x1B,0x82,0xF2,0xA0,0x73,0x29,0x19,
    0x19,0x92,0xD3,0x49,0x08,0x99,0x19,0xA0,0x3C,0xF0,0xE3,0x20,0xA8,0x85,0x2A,0x1B,
    0x21,0x48,0x89,0x04,0x18,0x1E,0x83,0xB8,0x15,0x9A,0x79,0xB0,0xA8,0x95,0x09,0x49,
    0x1A,0xA9,0x38,0x3A,0x84,0x95,0x1C,0x00,0x1C,0xA0,0x89,0xB5,0x18,0x6D,0xA9,0x93,
    0x2A,0x09,0xC3,0x23,0x9E,0x01,0x22,0x8B,0x17,0x1A,0x82,0xD1,0x85,0x88,0x80,0x18,
    0x29,0xB0,0x9C,0xA2,0x08,0x5A,0x0A,0x18,0x0F,0x88,0x33,0x3F,0x1D,0x01,0xA9,0x82,
    0xC8,0xD2,0xA1,0x08,0x12,0xCF,0x48,0x98,0x80,0x90,0x99,0x30,0x9A,0x12,0x31,0x02,
    0x98,0xF6,0x84,0x38,0x3A,0x0D,0xA3,0xC5,0x29,0x28,0xA8,0x58,0x19,0x90,0xB8,0x06,
    0x88,0x32,0xB8,0x3A,0x83,0x2F,0x41,0x9D,0x81,0xD7,0x01,0x89,0x00,0x88,0x90,0x01,
    0x0F,0x20,0x9A,0x96,0x38,0x1C,0x10,0x99,0x80,0x92,0xC0,0x49,0xB8,0x82,0x8C,0x11,
    0x6B,0x4C,0x0A,0x19,0x79,0x1B,0x01,0x19,0xC0,0x04,0xB0,0xA3,0x82,0xB1,0xA7,0x10,
    0xB9,0x6A,0x1D,0x81,0xE2,0x21,0x99,0x80,0x11,0x8A,0x04,0xBA,0x50,0x09,0x3D,0xC1,
    0x20,0x0A,0x08,0xB9,0xE0,0xA7,0x91,0x28,0x2B,0xE3,0x92,0x88,0x12,0x3C,0xB1,0x08,
    0x19,0x81,0xC8,0xA7,0xB2,0x5B,0x09,0xA9,0xC4,0x30,0x2A,0x80,0xB4,0xF3,0x94,0x81,
    0x81,0xD2,0x51,0x1B,0x0A,0xC0,0x23,0xA9,0x4A,0xA1,0x99,0x4C,0x80,0x2B,0x00,0x50,
    0x4C,0x1D,0x13,0x0A,0x01,0x6B,0x0A,0x92,0x2B,0x92,0x5C,0xA8,0x4B,0xBA,0xD5,0x94,
    0x10,0x98,0x20,0x89,0x58,0x4A,0x8A,0x01,0x6A,0x8A,0x88,0x30,0x2B,0xC1,0xA1,0xE3,
    0x91,0x29,0xF0,0x12,0xC8,0x94,0x98,0x41,0x09,0xD1,0x02,0x1A,0x3B,0x1A,0x3F,0xB8,
    0x81,0xCB,0xB4,0x11,0xA9,0x93,0x87,0x49,0x8A,0x90,0xA6,0xA4,0x00,0xB0,0xA5,0x91,
    0x92,0x38,0x9A,0xC4,0x89,0x20,0x8E,0x21,0xA9,0x41,0x3B,0x80,0xF1,0x87,0x00,0x1A,
    0xA0,0x83,0xC0,0x02,0x3D,0x1C,0x98,0xB0,0xB7,0x19,0xB0,0x95,0x90,0x01,0xB2,0x39,
    0xA2,0x68,0x2C,0xCB,0x52,0x2C,0xA0,0x80,0xB2,0x22,0x1F,0xD1,0x20,0x1A,0x91,0x80,
    0xA0,0x41,0x89,0xA5,0x28,0x08,0x7A,0x1C,0x00,0x99,0x94,0x2A,0x9B,0x11,0x0D,0x40,
    0xA9,0x32,0x1C,0xA2,0x28,0xA3,0x17,0x5A,0xF2,0x21,0x0B,0x92,0x09,0x1A,0xD2,0x21,
    0x0E,0x99,0x94,0x91,0x49,0x3D,0x89,0x90,0x33,0x99,0x61,0xD8,0x22,0xAA,0x84,0x08,
    0x8A,0x02,0x8E,0xC2,0xA2,0x79,0x09,0x39,0x2D,0xB1,0x21,0x18,0x80,0x11,0xC5,0xA1,
    0x6A,0x89,0x08,0x98,0x99,0x80,0xA2,0x8F,0x21,0xA1,0xB6,0x1A,0x80,0xA3,0xA0,0x96,
    0x29,0x80,0xB8,0x3F,0xA2,0x29,0x1E,0xA8,0x39,0xD0,0x7A,0x89,0x93,0x90,0x31,0x5B,
    0x28,0x18,0x80,0x15,0xCB,0xA5,0x91,0x90,0x91,0xC8,0xA2,0x79,0xDC,0x85,0x08,0x80,
    0x10,0x89,0x01,0x5A,0x88,0x30,0x1E,0x88,0x92,0x99,0x93,0xB1,0xC2,0x4B,0xAB,0x2B,
    0xF2,0x92,0x98,0x38,0x2C,0x8B,0x83,0x78,0x5A,0x0C,0x81,0xA0,0x2C,0xB2,0x89,0xC2,
    0xA0,0x30,0x0D,0x52,0x9A,0x94,0x58,0xB9,0xA5,0x20,0x29,0x99,0xA4,0x32,0x8F,0x38,
    0x98,0xB2,0xB6,0xB0,0x02,0xC0,0x41,0x00,0x0C,0x12,0xF4,0x11,0x01,0x3B,0x48,0x2C,
    0x89,0xD0,0x94,0x90,0x08,0xF3,0x19,0x88,0x19,0x31,0x8A,0x7B,0xA1,0x00,0x49,0x18,
    0x19,0xB2,0x21,0x0F,0x04,0xA0,0x91,0x84,0x8A,0x8A,0x08,0x04,0x29,0x0F,0x80,0x58,
    0x1D,0x81,0x91,0x11,0x91,0xCB,0x40,0xA9,0xBA,0x15,0x1E,0x2F,0x98,0x38,0xA0,0xE2,
    0xA3,0x11,0xA0,0x91,0x91,0x95,0xA0,0x29,0xA8,0x01,0x3F,0x5B,0x80,0xF8,0x92,0x01,
    0x0A,0xA2,0x33,0x2E,0x18,0x3A,0x28,0x97,0x19,0x11,0xA0,0x98,0xB2,0x51,0xB0,0xF0,
    0x91,0x20,0x8A,0x2F,0x81,0xC4,0x29,0x20,0x1B,0xBA,0x87,0x08,0x19,0x89,0x18,0x0F,
    0x80,0x92,0x2E,0xA8,0x40,0x8D,0x00,0x98,0xA0,0x95,0xC0,0xC3,0x21,0x19,0x1A,0x09,
    0xB5,0x30,0xBF,0x94,0x01,0x08,0x3A,0xC2,0xA8,0x05,0x88,0x10,0x92,0xAA,0xA7,0x01,
    0x94,0x40,0x8A,0x8C,0x23,0x99,0x20,0xB1,0xC7,0x94,0x09,0x18,0x58,0x2A,0x1C,0x79,
    0xA8,0x02,0x2B,0xD3,0x82,0x89,0xC6,0x00,0x1A,0x10,0x28,0x9C,0x23,0xD0,0x90,0x20,
    0xC2,0x01,0x68,0x8D,0xA4,0x38,0x90,0x80,0xA1,0xC2,0x7B,0x88,0x09,0x48,0x98,0x0B,
    0x4A,0x88,0xB4,0x1A,0x01,0x5A,0x9B,0x01,0x6D,0xB9,0xA3,0x20,0xBC,0x83,0xA0,0xF3,
    0x41,0x9A,0x02,0x2B,0x00,0xE0,0x7B,0x09,0x11,0x99,0x81,0xC0,0xD2,0x05,0x89,0x08,
    0xA0,0x12,0xB8,0xB5,0x70,0x09,0x08,0x80,0x18,0xD5,0x04,0x90,0x08,0x08,0xA2,0xEA,
    0x62,0xD8,0x92,0x81,0x19,0x88,0x91,0x00,0x08,0x09,0xA4,0x3F,0x88,0x2B,0xA1,0x80,
    0x52,0x0E,0x1C,0x23,0x9E,0xB3,0x39,0x08,0xF0,0x01,0x18,0x0A,0x98,0xD2,0x11,0xD1,
    0x02,0x1A,0x10,0xF0,0x01,0x08,0x00,0xBA,0x24,0x1C,0x89,0x95,0x01,0x31,0xD8,0x30,
    0xF4,0x20,0xA0,0x38,0x3A,0x99,0xE5,0x30,0x98,0xA1,0x20,0x0D,0x20,0x9B,0x04,0xA3,
    0xB8,0x70,0x4B,0x0B,0x04,0x2B,0x90,0x28,0xF4,0xA2,0x21,0x1B,0x91,0xB0,0x18,0xD1,
    0x38,0xC5,0x88,0x81,0x21,0x3F,0x1B,0xF2,0x02,0xA0,0x11,0x09,0x19,0xA4,0x6B,0xD8,
    0x92,0x00,0x90,0x81,0xD3,0x80,0x10,0xB9,0x06,0x1E,0x00,0x82,0x1D,0x81,0xB8,0x10,
    0x4F,0x2B,0x9A,0x82,0x99,0x85,0x80,0x2A,0x80,0x7A,0x88,0x2B,0x79,0x98,0x93,0x39,
    0x80,0xC1,0x92,0x3A,0x2F,0x2B,0xA0,0x39,0x18,0xB0,0x3A,0xB7,0x02,0x32,0xCA,0x71,
    0x19,0x20,0x0D,0x03,0x99,0x8A,0x13,0x0B,0x98,0x3C,0x2F,0x0B,0xB8,0x79,0x18,0x9F,
    0x97,0x90,0x00,0x28,0x2C,0x3B,0x98,0x1A,0x18,0xAC,0x02,0x09,0x1C,0xE5,0x00,0x91,
    0x19,0x20,0x3B,0xF5,0x30,0x88,0x2A,0x00,0x9A,0xA4,0x18,0x98,0x8A,0x32,0xE7,0x00,
    0x90,0x82,0x89,0x48,0x8A,0x7B,0x81,0x28,0x8A,0x63,0x2A,0x1A,0xF3,0x00,0x98,0xB1,
    0x11,0xF4,0x00,0x91,0x81,0xA0,0x71,0x0B,0x48,0x90,0xB4,0x88,0x30,0xA9,0x41,0x0B,
    0x0D,0x29,0xB3,0x12,0x2D,0x3A,0xB8,0x11,0xF0,0x61,0x1B,0xC1,0xB4,0x12,0x2B,0xC0,
    0xB2,0x45,0xAA,0xC9,0x11,0xA3,0x02,0xAC,0x4A,0xF2,0x4C,0x18,0xA8,0x48,0x9A,0x32,
    0x1B,0x98,0x2A,0x0A,0x97,0x20,0x2F,0x08,0xA9,0x35,0x1F,0x08,0x09,0x4A,0x90,0xB0,
    0xB1,0x82,0x72,0x29,0x1D,0xA1,0x09,0x03,0x0C,0x09,0x95,0x8B,0x93,0x89,0x81,0x2B,
    0x12,0x79,0x89,0xB0,0xC7,0x52,0x0A,0x82,0xA1,0xA4,0x81,0x22,0x0B,0x18,0xB1,0xF3,
    0x58,0xAA,0x88,0xB5,0x18,0x80,0xA1,0xF5,0x08,0xA2,0x09,0x2B,0xE2,0x40,0x0A,0x29,
    0x3B,0xC8,0xB2,0x49,0x80,0xA6,0x2A,0x81,0x01,0x90,0x43,0xC2,0xB7,0x02,0xC8,0x93,
    0x93,0x29,0x1D,0xA3,0xD8,0x68,0x8C,0x98,0x82,0x8B,0xA2,0xF2,0x20,0x1A,0xB1,0xA1,
    0xD5,0x91,0xA1,0x30,0x59,0x8A,0x39,0x49,0x9A,0x92,0x51,0xB8,0x29,0xB3,0x17,0x29,
    0x04,0x4C,0x08,0x20,0x09,0x95,0x99,0x04,0x99,0x19,0xB8,0x38,0xFC,0x3C,0x90,0x8A,
    0x08,0xAC,0xA1,0x15,0x0D,0xAB,0x86,0xB0,0x80,0xD4,0x91,0x08,0x1B,0xA2,0x02,0x5B,
    0x9A,0x04,0x98,0x59,0x4D,0x90,0x84,0x08,0x69,0x0A,0x40,0x1A,0x00,0x80,0x90,0x91,
    0x6B,0x19,0xD2,0x82,0x18,0xA4,0x10,0xA2,0x78,0x5B,0x1C,0x98,0x93,0xAB,0xA4,0x10,
    0x8C,0x89,0x49,0xAC,0xD3,0x00,0xC0,0x2A,0x10,0x5C,0x1A,0x98,0x18,0xD2,0xA3,0xB3,
    0xB3,0x92,0xA1,0x05,0xCC,0x86,0x28,0x39,0x10,0x2E,0x20,0x48,0x5C,0x09,0x81,0x00,
    0x4A,0x91,0xD2,0x11,0x18,0x2A,0x8C,0x19,0xF3,0x83,0x8A,0x80,0xB8,0x68,0x8A,0x10,
    0x39,0xE8,0xA0,0xE5,0x10,0xA9,0x81,0x18,0x2D,0x0A,0xB8,0x81,0xC2,0xE0,0x93,0x80,
    0x92,0x19,0x49,0x83,0x9B,0xB7,0x95,0xC4,0x11,0xA0,0xB3,0x94,0x08,0x08,0x22,0x5B,
    0x08,0x18,0xA5,0x82,0x82,0x64,0x1B,0x58,0x89,0x01,0x83,0x2B,0x23,0x9F,0xC3,0x82,
    0xA9,0x58,0xB8,0xC3,0x38,0xA8,0xB8,0x2A,0xF0,0x09,0xA9,0xCA,0xD2,0xB2,0x0C,0xC1,
    0xC1,0xA9,0xB5,0x1D,0xA8,0xA3,0xB1,0x38,0x19,0x9D,0x31,0x09,0xB1,0x23,0x8F,0x12,
    0x7A,0x8C,0x02,0x19,0x3C,0x20,0xA8,0x7B,0x02,0x00,0x01,0x59,0x28,0x97,0x80,0x31,
    0x82,0x1C,0x22,0x50,0xF0,0x23,0x09,0x19,0x89,0x80,0x4A,0xA3,0x58,0x2B,0x6A,0x8A,
    0x39,0xA3,0xB2,0xA6,0x01,0x8C,0x31,0x3F,0x8A,0x88,0x18,0x1F,0xA8,0x19,0x2B,0x5A,
    0xD8,0xB8,0x92,0x81,0xDA,0x92,0x20,0x4F,0x1E,0x88,0x00,0x88,0x80,0x1B,0xA0,0xB1,
    0x86,0x1A,0xB8,0xA4,0x93,0x6F,0x89,0x80,0x28,0x3A,0x3B,0x09,0xA2,0xAA,0x25,0x09,
    0xC8,0x71,0x98,0x81,0xA2,0x93,0x2A,0x21,0x7B,0x11,0x80,0x10,0x78,0xA1,0x92,0xD4,
    0x41,0x1C,0x91,0xA2,0x82,0xB4,0xD3,0x20,0x91,0x88,0x31,0x10,0xF8,0xB4,0x95,0x18,
    0x80,0xD3,0x28,0x18,0x9A,0x10,0x7A,0x2E,0xB0,0xA2,0x00,0x9A,0x86,0xC8,0x81,0x1A,
    0x08,0x1C,0x80,0x29,0xAA,0x18,0x3F,0x2F,0x2A,0x0A,0x5A,0xC9,0x81,0xA2,0x01,0x4D,
    0x8A,0x18,0xC1,0x98,0x93,0xD2,0x00,0x89,0xC2,0xA1,0xC3,0x22,0xB9,0x97,0xB1,0x40,
    0x81,0xC0,0x83,0xB3,0x28,0x1B,0x7A,0x38,0x4F,0x1C,0x08,0x29,0x2E,0x80,0x19,0x81,
    0xD2,0x21,0x88,0x12,0x3B,0x92,0xB4,0x4B,0x03,0x09,0xDA,0x16,0x0A,0xE2,0x81,0xA2,
    0x91,0xA1,0x22,0x1E,0x09,0xC6,0x02,0x88,0x80,0x69,0xC8,0x12,0x0A,0x18,0x20,0xE9,
    0x22,0x99,0xA2,0x82,0x41,0x2B,0x88,0x50,0x98,0xC5,0x83,0x79,0x89,0xD1,0x10,0x28,
    0xC9,0xB4,0x93,0xA0,0x19,0xA1,0x80,0x01,0x79,0xAD,0x10,0x88,0x2C,0x20,0x4C,0xC1,
    0x39,0x0B,0xF2,0x92,0x3A,0xA0,0xAA,0x34,0x0F,0xB8,0xA3,0x21,0x8C,0x8A,0x93,0xAB,
    0x87,0x81,0x88,0x96,0xC0,0x21,0x81,0x1A,0xA7,0xA0,0x81,0xF3,0x28,0x80,0x09,0xA0,
    0xA9,0x98,0xC6,0x81,0x31,0xF1,0x02,0xA0,0x40,0xB0,0x42,0x19,0x1D,0x01,0x2B,0xA0,
    0xC7,0x12,0x9A,0x80,0x4C,0x1A,0x28,0x49,0xA9,0xA3,0x41,0xB0,0x21,0x51,0x91,0x9A,
    0x91,0x71,0x4D,0x1A,0x08,0x89,0x89,0xE4,0x11,0x00,0xC3,0xA1,0x31,0xF0,0x21,0x08,
    0x4A,0x88,0x3B,0x4F,0xC8,0x92,0x20,0xB0,0x19,0xBA,0x22,0x3C,0x98,0xA7,0xD1,0x02,
    0xB0,0x62,0x2D,0xB1,0xA2,0x89,0x00,0xC8,0x92,0x3E,0x88,0xAB,0xB1,0x18,0x3A,0xD9,
    0x33,0xF0,0x80,0x82,0x4A,0x91,0x28,0x7A,0xCA,0x41,0xB8,0x91,0x12,0xA8,0x0B,0xF0,
    0x41,0x1B,0x28,0x18,0x0A,0x33,0x09,0x7C,0x48,0x29,0xD0,0x01,0x50,0xBB,0x84,0x20,
    0xE2,0x10,0x19,0x09,0x94,0x20,0x3A,0xF2,0x94,0x10,0x89,0x96,0x39,0x8A,0x01,0x5A,
    0x8A,0x91,0x79,0x09,0x1A,0x90,0x20,0x39,0x9B,0x97,0x13,0x0C,0x00,0x51,0x09,0x29,
    0x8F,0x12,0x8C,0xD3,0x10,0x8A,0x90,0x91,0x08,0xEA,0x02,0xA1,0xA2,0x8B,0x68,0x0E,
    0x50,0x8B,0x01,0x99,0x2E,0x88,0xD3,0x80,0x08,0xA8,0x08,0x0A,0xD9,0x86,0x29,0x1B,
    0xD2,0xA2,0x60,0x89,0x82,0x10,0x8F,0x92,0x10,0x90,0x9A,0x87,0x89,0x09,0x82,0x28,
    0x5B,0xE2,0x21,0x1B,0xA9,0x85,0xF3,0x21,0x89,0x80,0x88,0x30,0x1A,0xBB,0x94,0x4C,
    0x89,0xA2,0x12,0x80,0xC8,0xB7,0x91,0xD5,0x84,0x19,0x29,0x89,0x1A,0x6A,0x2C,0xF2,
    0x81,0x90,0x08,0x28,0x19,0x2B,0xB3,0x58,0xBB,0x96,0x11,0x39,0x89,0x90,0xB7,0xA2,
    0x11,0x38,0x9C,0x83,0x39,0x1F,0x81,0x98,0x61,0xA8,0x01,0x3A,0x23,0xB8,0x7D,0x29,
    0xA9,0x11,0x0A,0x11,0x4A,0x1E,0x88,0x09,0x41,0xFC,0x23,0xB0,0x00,0x19,0xB1,0x07,
    0x0B,0x91,0xD2,0x80,0x00,0xE3,0x38,0xF1,0x81,0x18,0x99,0x11,0x19,0x48,0xC1,0x98,
    0x96,0x49,0x1A,0xB1,0xB7,0x80,0xA8,0xA2,0x81,0xB2,0xF1,0xA2,0x7A,0xA9,0x00,0x01,
    0x01,0xCB,0x96,0x10,0x9A,0x82,0xA8,0x63,0xCC,0xA3,0x10,0x88,0xB8,0x00,0x30,0xDA,
    0x5B,0x84,0x4C,0x8A,0x48,0x19,0x88,0xB2,0x33,0x8C,0x30,0x6D,0x0D,0x81,0x90,0x10,
    0xA0,0x08,0xB3,0x4A,0xA6,0x83,0xC9,0x04,0x91,0x31,0x1F,0xA2,0x92,0x01,0x2C,0x9B,
    0x14,0xCA,0x02,0xE1,0x30,0xB9,0x02,0x60,0x2B,0xB8,0xA4,0x93,0x81,0x0D,0x24,0xBA,
    0xF2,0x00,0x00,0xF3,0x88,0x01,0x9A,0x01,0x0D,0x95,0x98,0x21,0x29,0xAA,0x15,0x1C,
    0x81,0xB0,0x86,0x88,0x0D,0x12,0x8A,0x1A,0x10,0x8F,0x14,0x98,0x28,0x3D,0x08,0x49,
    0x09,0x63,0x1F,0x3A,0x80,0xD2,0xB0,0x30,0x82,0x99,0x09,0x88,0x8C,0x08,0x87,0x08,
    0x89,0x94,0x31,0x8F,0x11,0x99,0x32,0xC0,0x82,0xBA,0xDB,0x04,0x42,0xB9,0x1B,0x90,
    0x4A,0x9B,0x16,0x20,0x22,0x28,0x38,0xA7,0x4D,0x81,0x28,0x00,0x8B,0x3F,0x2A,0x90,
    0x88,0x99,0x1D,0xB3,0xB9,0xE3,0x60,0xA9,0xA1,0x02,0xB8,0x98,0xA7,0x12,0xD8,0x99,
    0x00,0x38,0x9A,0x01,0xEA,0x16,0x8A,0x84,0x4B,0xA1,0x22,0x8C,0x33,0x8A,0xA2,0xC6,
    0x01,0x88,0x6B,0x8B,0x81,0xE9,0x20,0x8C,0x08,0x8A,0x92,0xC4,0x82,0x19,0x6B,0x88,
    0x91,0x78,0x90,0x08,0x98,0x82,0x3D,0x82,0x4D,0xB0,0x31,0x29,0xA2,0x40,0x13,0x7B,
    0x98,0x20,0xB0,0x41,0x3D,0x88,0x3B,0x8F,0xB1,0x19,0xA0,0xE1,0x08,0x5B,0x0B,0x19,
    0x2D,0xA9,0x95,0xA9,0xA2,0x02,0x30,0x1F,0x19,0xB2,0x3C,0x2B,0x20,0x3B,0x8F,0xA5,
    0x88,0x03,0x08,0x12,0x61,0x0A,0x84,0x50,0x18,0x0B,0x84,0x98,0xB9,0x63,0xA8,0xB7,
    0x2A,0x20,0x8B,0x98,0x14,0x2E,0xA1,0x91,0xB2,0x5B,0xA0,0xD3,0x88,0xE1,0x20,0x2E,
    0xB8,0x18,0x29,0x1D,0x1A,0x39,0x9A,0x01,0x3D,0xB1,0x11,0x2D,0x94,0xA8,0x21,0xD3,
    0xB3,0x61,0x0A,0x92,0x81,0x97,0x2A,0xA2,0x04,0x91,0x97,0x58,0x08,0x08,0x11,0xA1,
    0xA5,0x18,0x90,0xA1,0xB4,0x39,0x8C,0xE5,0x81,0x28,0x0C,0x98,0x01,0x2D,0x80,0x0C,
    0x08,0x1C,0x98,0xC1,0x3A,0x9A,0x89,0x1D,0x0C,0x91,0xB2,0x7B,0x9A,0xA4,0x19,0x7A,
    0x89,0x01,0x08,0xB2,0x42,0x8A,0x10,0xD7,0x83,0x19,0xB3,0x98,0x24,0x69,0x0C,0x01,
    0x19,0x50,0x1A,0x39,0x11,0x01,0x28,0xA5,0xB0,0x04,0x92,0x3A,0x8F,0x82,0x19,0xA3,
    0x2D,0x1D,0xA0,0x09,0x4B,0x8C,0xC8,0x93,0xA9,0xB8,0xD0,0xC9,0xF2,0xA2,0x8A,0x2D,
    0xB1,0xC2,0x80,0x1A,0x88,0xA0,0x0A,0xA7,0xA0,0x51,0x2B,0x0B,0x00,0x5C,0x90,0x48,
    0x99,0xA5,0x31,0x4A,0x2D,0xD1,0x12,0x10,0x09,0x11,0xB2,0x15,0x32,0x29,0x94,0xD5,
    0x84,0x91,0x01,0x19,0x30,0x69,0x3B,0x3F,0x00,0x29,0x08,0x18,0x2D,0x10,0x99,0x83,
    0x2C,0x30,0xAF,0x03,0x1B,0xF8,0x03,0x99,0x1A,0xD8,0xB2,0x90,0xB4,0x99,0xB3,0x2D,
    0x99,0xC0,0x19,0x01,0x0F,0x19,0x38,0x9F,0xB3,0x03,0x0D,0x80,0xB9,0xA2,0x03,0xF8,
    0x01,0xE4,0x10,0x80,0xA8,0x84,0xA2,0x39,0x09,0x94,0x90,0x84,0x20,0x6C,0x2C,0x98,
    0x02,0x2B,0x82,0x0B,0x50,0xC0,0xC3,0x68,0x18,0x5A,0xD1,0x12,0x89,0xC3,0x30,0x28,
    0x8B,0x12,0x30,0x1F,0x28,0xA1,0x79,0x19,0x20,0x3F,0x09,0x98,0x83,0x11,0x90,0xB1,
    0x88,0x78,0x9A,0xA3,0xD2,0xC1,0x08,0xB8,0x70,0x8A,0x92,0x18,0x0A,0x4B,0x3E,0xC3,
    0xB3,0x3E,0xA0,0x08,0x09,0xB0,0xD3,0xF3,0x29,0x98,0x88,0x91,0x81,0x39,0xE8,0x18,
    0x29,0x7D,0x1B,0x2A,0x3A,0xD9,0x02,0x80,0xA1,0x5B,0xBB,0x82,0x11,0x8B,0x06,0x8B,
    0x30,0xB9,0x68,0x69,0x09,0x1A,0x09,0x24,0x0F,0x80,0x02,0xA0,0x89,0xE4,0x81,0x02,
    0x09,0x02,0x39,0x0C,0x10,0x95,0x72,0x2E,0xA0,0x81,0xB2,0x11,0x3A,0xD8,0xA3,0x88,
    0xB0,0x17,0x0A,0x00,0x6C,0x88,0x08,0x31,0x0D,0x82,0xD3,0x08,0x69,0x1B,0xB3,0x91,
    0x28,0x0A,0xB0,0x2A,0x44,0x9A,0x89,0x45,0x0A,0x78,0x1C,0x91,0x03,0x0E,0x08,0xB6,
    0x80,0x81,0x19,0xA1,0x09,0x1B,0x10,0x39,0xBE,0x93,0xA7,0x38,0x8C,0x20,0xE5,0x80,
    0x98,0xA4,0x88,0x90,0x00,0xA8,0x1A,0x1A,0xC9,0x10,0xB3,0x2E,0xB2,0x81,0x83,0x3F,
    0x81,0x2D,0xD9,0x85,0x8A,0xA2,0x12,0x8B,0xA1,0x4C,0x91,0xB8,0x97,0x29,0x18,0x01,
    0xB1,0x41,0x78,0xD8,0x02,0x00,0x89,0x40,0x1C,0xA2,0x89,0xC3,0x32,0xC9,0x22,0x4A,
    0x3C,0xC0,0x97,0x38,0x08,0x88,0x81,0x60,0x8C,0x82,0x3D,0xA0,0xA2,0x90,0x69,0x9A,
    0x02,0x19,0x91,0x7A,0xB0,0x92,0x93,0x38,0x9F,0x84,0x98,0x59,0x2C,0x1C,0xB1,0x22,
    0x1F,0x08,0xB8,0x12,0x28,0x0D,0x94,0x09,0xB1,0x84,0x0A,0xA0,0xA7,0x38,0x1E,0x90,
    0x29,0x89,0x18,0x1B,0x19,0x9C,0x40,0xB1,0x10,0x29,0xC9,0x93,0x79,0x89,0x6A,0xB8,
    0xA5,0x39,0x8F,0x92,0x81,0x0A,0x88,0x08,0x89,0x51,0x18,0x08,0x13,0x8F,0x02,0x88,
    0xF3,0x83,0x81,0xA8,0xB9,0x14,0x90,0xC6,0x10,0x00,0xD0,0x11,0x70,0x8A,0x92,0x84,
    0x1B,0x92,0x02,0xD3,0x14,0x1A,0xB9,0xA5,0x82,0x7A,0x09,0x39,0x08,0x2D,0x91,0x97,
    0x08,0x01,0x90,0x92,0x22,0xCA,0x23,0x3A,0x0E,0x0A,0x90,0x3F,0x01,0x1D,0xD1,0x01,
    0x2A,0xC0,0x22,0x1A,0xA8,0x00,0x3E,0xA2,0x8A,0xC7,0x08,0x08,0xB8,0xC1,0x85,0x89,
    0x18,0xF0,0x91,0x21,0x2E,0x81,0x98,0x50,0x0B,0x5A,0x88,0x80,0x89,0xC3,0x00,0x88,
    0x08,0x95,0x8C,0x90,0xB4,0xC1,0xB2,0x06,0x90,0x18,0xF1,0x02,0x48,0x0D,0x00,0x09,
    0x3A,0xB1,0x99,0x40,0xD9,0xA3,0x2A,0x90,0x08,0xA1,0xA7,0x28,0xC9,0x20,0xE2,0xA1,
    0x6B,0xA8,0xA1,0x14,0x1A,0x0B,0x20,0xD1,0xE4,0x38,0x09,0x19,0x00,0x19,0x7A,0xB0,
    0x04,0xA2,0xE2,0x03,0x98,0x20,0xC3,0x3A,0xC1,0x04,0x1A,0x0A,0xA7,0x88,0x38,0x12,
    0x5B,0x79,0xDA,0x83,0x81,0x2A,0x6C,0x99,0x31,0x09,0xCA,0x13,0xD8,0x94,0x00,0x89,
    0xA2,0x01,0x80,0xAA,0xA7,0x80,0x08,0xC2,0x5C,0x18,0xD9,0x05,0x1A,0x99,0x11,0xC0,
    0x11,0xF0,0x82,0x18,0x19,0x90,0x08,0x13,0x3F,0x8B,0xC3,0x08,0x31,0x0F,0x02,0x2A,
    0xA8,0x21,0x2F,0x88,0x3A,0xAB,0xB2,0x17,0x8A,0x49,0x1B,0x99,0x18,0xB0,0x7B,0xB0,
    0xD1,0x97,0x00,0x99,0x00,0xB4,0x00,0x1A,0x88,0x09,0x03,0xF3,0xD2,0x21,0x98,0xB8,
    0x14,0x39,0x8C,0x33,0x69,0x8C,0x6A,0x88,0x0A,0x11,0x3A,0xB8,0x42,0xA0,0xC6,0x19,
    0x81,0xA5,0x89,0x39,0x82,0xB8,0x30,0x48,0x98,0xB4,0x8A,0x13,0x3E,0x89,0xB2,0x9A,
    0x27,0x3B,0xD2,0xC1,0x88,0x69,0x39,0x0C,0x89,0x20,0xE1,0x94,0x1A,0x3A,0x2D,0x81,
    0x3D,0x88,0xA8,0x95,0xB9,0x12,0x92,0xF1,0x02,0x2B,0xA2,0x28,0x38,0xB1,0x0F,0x00,
    0xF9,0x12,0xB4,0x08,0x1B,0x18,0x84,0x1E,0xA1,0xA1,0x52,0x02,0xD8,0x09,0xAA,0x53,
    0x8F,0xAB,0x33,0x83,0x26,0x40,0x4A,0xA9,0xAB,0xE2,0x2A,0x2B,0x91,0xA0,0xB9,0x3B,
    0x71,0x04,0x00,0x01,0xD3,0x09,0x38,0x21,0x1C,0x97,0x90,0x31,0xBA,0xCC,0x01,0x20,
    0x40,0xA9,0x86,0x19,0x42,0x89,0x8F,0x19,0x89,0x00,0x98,0x38,0x7B,0xD8,0x91,0x5A,
    0x30,0x29,0xD2,0xC0,0x19,0x88,0x19,0x71,0x19,0x91,0xB1,0xAD,0x18,0x92,0xA3,0x86,
    0x82,0xD1,0x28,0x0D,0x91,0x19,0x1D,0xC2,0x80,0xA3,0xD0,0x10,0x91,0x15,0x5B,0x28,
    0xA1,0xF8,0x10,0x0A,0x0A,0x84,0x38,0xA8,0xB5,0xA2,0x09,0x79,0x2A,0x2A,0xD3,0x10,
    0xA1,0xF3,0x00,0x39,0xA9,0xA6,0x92,0xC0,0x84,0x2A,0x88,0xA0,0x90,0xB0,0x87,0x89,
    0xAB,0x15,0x02,0x93,0x10,0x29,0x8F,0x06,0x88,0x0E,0x80,0x88,0x00,0x91,0x8B,0xA3,
    0xC1,0xC8,0x92,0x78,0x1A,0x10,0x60,0x0A,0xD3,0x01,0x0B,0xB3,0xD0,0x12,0xB2,0xF0,
    0x03,0x09,0x11,0x99,0x5A,0x00,0x8A,0x93,0x7A,0x1B,0x95,0xE0,0x00,0x01,0x30,0x1B,
    0x89,0x2C,0x1C,0x39,0x2D,0xA0,0xA7,0x00,0x9A,0xA1,0x05,0x99,0x11,0x19,0xB8,0x68,
    0xC5,0xB1,0x02,0x11,0xB9,0x43,0x8C,0x98,0x88,0x8B,0x6B,0x81,0x30,0x2C,0xB5,0xA2,
    0x02,0x3A,0xF5,0x81,0x11,0x2D,0x81,0xC8,0xA4,0x01,0x2B,0x7A,0xA9,0xD3,0x91,0x10,
    0x80,0x21,0x9A,0x60,0x19,0xA8,0x28,0x2D,0xB2,0xB4,0xA8,0xE1,0x28,0xB0,0x82,0x80,
    0x12,0x2C,0x83,0x4A,0x78,0xC2,0x80,0xB9,0xA3,0xD1,0x30,0xD2,0x38,0x3F,0x2B,0x8B,
    0x14,0x29,0xC8,0xA1,0xA0,0x70,0x5B,0x88,0x0A,0x2A,0x32,0x0F,0x49,0xA1,0xC1,0x18,
    0x92,0x3A,0x2E,0x89,0x18,0x02,0xB7,0x01,0x0D,0x80,0x08,0xA5,0x90,0xA0,0x81,0x41,
    0xB3,0xF8,0x94,0x91,0x3A,0x3A,0x1A,0xA8,0x3A,0xD2,0x0A,0x95,0x09,0xB4,0x81,0x5C,
    0xA0,0xB4,0x21,0xB0,0x28,0x8C,0xC2,0xE4,0x91,0xB8,0x23,0x0C,0x08,0x09,0x87,0x00,
    0x09,0x01,0xA1,0xF4,0x18,0x81,0xC3,0x93,0x1A,0x8C,0x18,0x80,0x15,0x8A,0x10,0x08,
    0x1C,0x87,0x8A,0x26,0xC8,0x10,0x1C,0x01,0xD9,0x94,0x91,0x08,0x2B,0xA2,0x4A,0xA0,
    0x3A,0xE4,0x20,0x1F,0x80,0x28,0xB2,0x93,0x2B,0x6C,0xB0,0x28,0x21,0xFA,0x94,0x80,
    0x88,0x21,0x1D,0x3A,0x3A,0xC9,0x33,0xB8,0xF9,0x83,0x49,0x89,0x02,0x05,0xAA,0x33,
    0x1E,0xA8,0x02,0x91,0x22,0x4F,0xAC,0x94,0xA0,0x90,0xA1,0x96,0x88,0x01,0x09,0x03,
    0x0A,0x3E,0xB0,0x31,0x1D,0xA6,0xC0,0x0A,0x83,0xB1,0x08,0x25,0x0E,0x98,0x81,0x11,
    0xB0,0xC3,0x11,0x92,0x68,0x3B,0x28,0x8F,0x91,0x88,0x00,0xC6,0x11,0x1E,0x92,0x08,
    0x88,0x81,0x12,0x0C,0x82,0xA8,0xA9,0x40,0x7D,0x99,0x20,0x18,0x01,0x8D,0x58,0x99,
    0x92,0x0B,0xB2,0x78,0x1A,0x9A,0x80,0xB0,0xA7,0x10,0xB4,0xC3,0x20,0x40,0x0F,0x20,
    0x98,0x18,0xC0,0x91,0x80,0xB4,0xF0,0x11,0x2A,0x28,0x3A,0xAB,0x83,0xB4,0x8D,0x43,
    0x2D,0x88,0x40,0xEA,0x21,0x80,0x88,0x00,0x09,0x99,0xC0,0x62,0xF3,0x08,0xC1,0x01,
    0x20,0x1D,0x99,0xA2,0x87,0x82,0x0B,0x82,0x49,0xB0,0x18,0x78,0xA9,0x08,0x28,0xA9,
    0x0A,0x5E,0x98,0xA1,0xA8,0xE1,0x82,0x80,0x28,0x4B,0xA5,0x09,0x50,0x88,0x90,0x43,
    0xAB,0x23,0xA4,0xA6,0x0A,0x20,0x19,0x9A,0x13,0xD9,0x16,0x0C,0x28,0x80,0x09,0x10,
    0xD3,0x0E,0x10,0xA0,0x90,0xC1,0x2B,0x92,0x29,0xA8,0xFA,0x92,0x60,0xBA,0x32,0x30,
    0xE1,0x80,0x7E,0x08,0x09,0x00,0x38,0x1A,0x09,0x21,0x90,0x09,0x10,0xF3,0xD1,0x08,
    0xA0,0x2C,0xA9,0xF2,0xB2,0x29,0x8A,0xC9,0x14,0x1A,0x10,0x49,0x0C,0x0A,0x48,0x92,
    0x09,0xA2,0x3A,0x06,0xF0,0x21,0x28,0x2A,0x10,0x25,0x89,0x91,0x13,0x91,0x78,0x92,
    0x5B,0x29,0x6D,0x89,0x28,0x1A,0x8A,0x2B,0xA1,0x0F,0xEA,0x90,0x00,0x2C,0x19,0xF0,
    0x90,0x84,0xB0,0x00,0x39,0xC0,0x12,0x0E,0x02,0xA0,0x2A,0x12,0x82,0x0F,0x21,0x3E,
    0x00,0x18,0x4A,0xD2,0x81,0x93,0x92,0x01,0x51,0x59,0x1A,0x10,0x08,0x23,0xDA,0x13,
    0xD9,0x94,0xC0,0x00,0x1C,0xF3,0x88,0xA0,0x89,0x29,0x3C,0x0B,0x2A,0x3C,0xF9,0x01,
    0x98,0x01,0xF8,0xA3,0xA1,0x08,0x2A,0x3B,0xA0,0xC2,0xB5,0xB5,0x28,0x90,0xB5,0x86,
    0x81,0x21,0x08,0x04,0x07,0x3B,0x20,0x3A,0xA1,0x50,0x4A,0x09,0x1A,0xA0,0x01,0x95,
    0x88,0x88,0xD0,0x84,0xB0,0x89,0x43,0xD0,0x28,0x19,0x1F,0x1F,0x88,0xA1,0x9A,0x99,
    0x98,0x9C,0xB1,0xA7,0x90,0x18,0x0B,0x01,0x4A,0x2B,0xF4,0x00,0x92,0x19,0x68,0x8A,
    0xA3,0xC1,0x01,0x39,0x2F,0xB2,0x01,0x30,0x6C,0x2A,0x90,0x05,0x91,0xA2,0x51,0x09,
    0x88,0x06,0x08,0xA1,0x80,0xD0,0x93,0xB1,0xA4,0x10,0xB9,0x87,0xB9,0x24,0x09,0x8A,
    0xE8,0x22,0xBB,0x1E,0x29,0x8A,0xAC,0xA0,0x2C,0xE9,0xD4,0x91,0x90,0x38,0x8B,0x00,
    0x1C,0xB4,0x00,0x90,0xD4,0x81,0x19,0x29,0x18,0x0D,0x19,0x7A,0x2B,0x09,0x91,0x84,
    0x49,0x00,0x42,0x89,0x97,0x48,0x00,0xB3,0xA4,0x82,0x06,0xD1,0x02,0x90,0x18,0x29,
    0x2A,0x03,0x18,0x49,0x82,0x6D,0x00,0xB0,0x85,0x19,0x08,0x99,0x19,0xA7,0x8C,0xA5,
    0xA0,0x1A,0x4A,0x1B,0x0A,0x6C,0x2C,0x98,0x08,0xB2,0xB1,0x88,0x94,0x8D,0xA1,0x29,
    0xB3,0x8F,0x88,0xD2,0xB8,0x18,0x3A,0x2D,0xC1,0x08,0xF3,0x58,0x89,0x90,0x11,0x0A,
    0x90,0x1A,0x51,0xC0,0x29,0x1B,0x6A,0xA9,0xA3,0x02,0x52,0x8D,0x43,0x8C,0x02,0x28,
    0x88,0x70,0xC0,0x82,0x4A,0x02,0x0C,0x20,0x0A,0x5E,0x09,0x80,0x01,0x12,0x3D,0x38,
    0x2D,0xA3,0x81,0x10,0x78,0x0B,0x28,0x2A,0xA1,0xC2,0x39,0xC8,0xC5,0x02,0x4C,0x0A,
    0x91,0x49,0xAA,0x14,0xAA,0xA1,0x12,0x9A,0x29,0x9F,0xC5,0x11,0x0D,0x98,0x91,0x0A,
    0xD1,0x69,0x2B,0xA8,0x91,0xD1,0x14,0x89,0x1A,0x00,0x2B,0x3B,0x1D,0xB1,0xF3,0x80,
    0x19,0x09,0x98,0xD1,0xA7,0x01,0x88,0x10,0x3F,0xB2,0x10,0x2B,0x10,0x0A,0x7B,0x29,
    0x90,0x5A,0xCB,0x95,0x90,0x80,0x31,0x0D,0xA3,0x08,0x12,0x7C,0x88,0xA1,0x11,0x80,
    0x99,0x40,0xD0,0x86,0x2B,0x99,0x30,0x98,0x19,0x81,0x50,0xB9,0xB4,0xA2,0x37,0x2D,
    0x88,0x82,0x8A,0x03,0xC0,0x70,0x99,0x92,0x0A,0x01,0x88,0x00,0xB1,0x79,0x01,0x2B,
    0x79,0xB2,0x30,0x3C,0xC0,0xD3,0x82,0xA8,0x00,0xF1,0x91,0x81,0xD8,0x10,0x80,0xE3,
    0x08,0x3A,0x89,0x1B,0x97,0x09,0x29,0xA0,0x5A,0xD8,0xC6,0x01,0xB8,0x19,0x80,0xE2,
    0x10,0x91,0x10,0xA8,0x39,0xE4,0xA3,0xA5,0x91,0x48,0x0E,0x38,0x09,0x39,0xD9,0x92,
    0xA2,0x2A,0xA4,0x99,0x97,0x2B,0xA2,0x80,0x28,0xC2,0x01,0x19,0xD2,0x81,0xF3,0x82,
    0x28,0x89,0x2F,0x2B,0x00,0xB9,0x97,0x90,0xB3,0x85,0xC1,0x01,0x94,0x98,0x39,0xC0,
    0x82,0x80,0x0A,0xA6,0xA0,0xC3,0x24,0x0B,0x48,0x8A,0x69,0xA0,0x12,0x7C,0x2A,0x00,
    0x1A,0x69,0x0B,0x08,0x10,0x80,0x98,0x2F,0xB0,0x81,0x91,0x50,0x8C,0x82,0x09,0x68,
    0x39,0x0A,0xA9,0xC7,0x01,0x2A,0x2C,0x28,0x8C,0x82,0x9A,0xA1,0x88,0x7B,0x9B,0x84,
    0x5C,0x1B,0x19,0x39,0xD2,0x08,0x30,0x99,0xA0,0x39,0xA0,0x1F,0xF4,0xB3,0x88,0xA2,
    0x81,0xB5,0x90,0x85,0x2A,0x2A,0x28,0xAA,0xC3,0x78,0x1D,0xB2,0x10,0x29,0x1C,0x98,
    0x08,0xA2,0x08,0x01,0xC8,0x70,0xE1,0x84,0x18,0x08,0x80,0x98,0x24,0x1F,0x10,0x39,
    0xAB,0x2A,0x39,0xC8,0x96,0x29,0x92,0x93,0x90,0x97,0x01,0x93,0x40,0xF4,0x82,0x00,
    0x1A,0x00,0x89,0xB1,0x02,0x1B,0xF6,0x10,0x08,0xA9,0x50,0x1B,0x4B,0x6A,0x1A,0x3A,
    0x8B,0x84,0x3A,0x9A,0x79,0x1B,0x8A,0x3A,0x0A,0x2D,0x28,0xCB,0x84,0x2B,0x4A,0x2D,
    0x00,0xA2,0x19,0x2F,0x89,0xC2,0xB1,0xB2,0x96,0x18,0xC9,0x83,0x7B,0x1A,0x1A,0xA1,
    0x02,0xC9,0x15,0x90,0xA2,0x21,0x0C,0xC4,0x29,0x2C,0x80,0xD2,0xA8,0xC3,0x28,0x4A,
    0x2B,0x12,0xA9,0x7C,0x09,0x92,0xA2,0x68,0xA1,0x80,0x5B,0x19,0x19,0x4C,0xB8,0xC0,
    0x94,0x08,0x90,0x01,0x7A,0x1A,0x1A,0x19,0x04,0xA0,0x02,0xB5,0x91,0x91,0xA7,0x3B,
    0xB3,0xD2,0xA2,0xD8,0x03,0xC3,0x02,0x20,0x1D,0x30,0x2E,0x59,0x89,0x92,0x2C,0x1A,
    0xA0,0x08,0x49,0x3B,0x9D,0x0A,0xA4,0x01,0x8B,0x09,0xA7,0xB3,0xB3,0x17,0x99,0x04,
    0x3A,0x1D,0x29,0xA9,0xA5,0xC0,0x19,0xA0,0x39,0x8D,0x83,0x42,0x9A,0x32,0xA8,0x97,
    0x38,0x58,0xC0,0xB1,0x16,0x0A,0x89,0xA4,0xC2,0xC3,0x09,0x4D,0xB8,0x82,0x39,0x0B,
    0xB8,0x52,0x99,0x31,0x10,0x5B,0x8A,0xC6,0x09,0x80,0x81,0x1F,0xC1,0x98,0x11,0x1E,
    0x81,0xA1,0x19,0xC3,0x11,0xB0,0x92,0xA6,0xB8,0x22,0x6B,0xB9,0x02,0x58,0x8C,0x88,
    0x29,0x09,0x3B,0x78,0xA8,0x82,0x94,0x51,0x0A,0x12,0xB7,0xB1,0x01,0x69,0x9A,0x88,
    0x81,0x1B,0xE1,0x4A,0xA8,0x95,0x39,0x2A,0x11,0x9A,0xA6,0x94,0x38,0x39,0xE1,0x88,
    0xB4,0x40,0x3D,0xB0,0x28,0x1A,0x0A,0x98,0xA3,0xF3,0x89,0x72,0xAB,0x04,0xB3,0x79,
    0xA8,0x21,0x98,0x29,0x1C,0x81,0x1B,0x88,0xCA,0x97,0x00,0xA0,0x03,0x4A,0x89,0x39,
    0xA2,0x1A,0x3C,0x80,0xF8,0x11,0xC9,0x00,0x98,0x0A,0xF4,0x4A,0x19,0x8D,0x01,0x91,
    0x38,0x2C,0x28,0x94,0x81,0x99,0xC5,0xB2,0x94,0xB9,0x89,0xF2,0x29,0x0A,0x82,0x19,
    0x7A,0x5B,0x88,0x50,0x4A,0x6B,0x0A,0x91,0x81,0x18,0x88,0xC6,0x82,0x00,0xB8,0x81,
    0xC0,0x96,0x99,0x91,0x90,0x88,0x02,0x81,0x38,0x86,0x29,0x2F,0x90,0x2A,0x0B,0xB8,
    0xA1,0xF1,0x2B,0x5C,0xB0,0x98,0x86,0xE1,0x01,0x08,0x98,0xA6,0x00,0x1B,0x90,0x08,
    0x20,0x89,0x4C,0x81,0x9C,0xA4,0x38,0xD8,0x83,0xB1,0x94,0x4C,0xA1,0x06,0x08,0x02,
    0xA0,0x3B,0xC1,0x01,0x2D,0x2A,0x0E,0xB3,0x2A,0xC0,0xC3,0x21,0xB2,0x85,0x80,0x5E,
    0x80,0x4A,0x18,0x1C,0x08,0xA1,0x11,0x4C,0xA1,0x59,0x9B,0xB3,0x28,0xF2,0x80,0x80,
    0x28,0xB0,0x30,0xD4,0x60,0x09,0x88,0x80,0x00,0x3E,0x19,0xA0,0x90,0x3C,0xCB,0x17,
    0x99,0x95,0xA1,0x10,0x0A,0x10,0x83,0x1E,0x3A,0x88,0x1B,0x2F,0xB2,0x29,0x1B,0xD5,
    0xC2,0x00,0x19,0xC1,0x13,0x2F,0x09,0xA0,0x48,0xC1,0x20,0x4A,0x2A,0x8A,0xA0,0x31,
    0x9D,0xA1,0xB6,0x10,0xC0,0x82,0x94,0x89,0xB6,0x85,0x2B,0x98,0x02,0x20,0x91,0x83,
    0xA8,0xA3,0x78,0x39,0x29,0x6C,0xB1,0x98,0x7A,0x9A,0x95,0x0A,0x91,0xA8,0x38,0xB9,
    0x7A,0xA0,0x23,0x8D,0xC8,0x84,0xA1,0xB8,0x87,0x2E,0x99,0x92,0x98,0x23,0x8B,0xC1,
    0x22,0x99,0x49,0x1F,0x80,0xC2,0x02,0x88,0xB1,0xA7,0xC3,0x10,0x2A,0x38,0x0D,0x81,
    0x08,0x12,0x9F,0xA3,0x93,0x02,0x19,0x88,0x87,0xAA,0x83,0x96,0x8A,0x02,0x0B,0xA4,
    0x4A,0x3D,0x89,0x39,0x4B,0x8D,0x02,0x5B,0x18,0x2D,0x82,0x4A,0x2B,0x80,0x10,0x3D,
    0x0A,0x10,0x00,0x08,0x7A,0xE3,0x20,0x8B,0x02,0x2F,0x08,0xC0,0x04,0x98,0xA8,0x48,
    0xB8,0x21,0x89,0xAA,0x72,0x0A,0x99,0x71,0x1D,0x80,0x81,0x3C,0x81,0x2B,0x08,0x92,
    0x18,0x1B,0x0F,0x42,0xB1,0x5D,0x19,0x9B,0x30,0x88,0xD2,0x28,0xD9,0x82,0x08,0xD5,
    0x80,0x98,0x04,0xC2,0x2A,0x2C,0x79,0x89,0x22,0x1F,0x89,0x11,0x18,0x90,0xAB,0x03,
    0x93,0xE2,0x04,0x2B,0x1A,0xA3,0xA9,0x7B,0x28,0x3E,0x81,0x19,0x1D,0x81,0x18,0x22,
    0xBA,0xF0,0x94,0x08,0xC4,0x19,0x11,0xB9,0x21,0x7A,0x2B,0x20,0x8E,0x01,0x2C,0x09,
    0xA0,0x20,0xD8,0x88,0x22,0x2F,0x28,0xBB,0x61,0x0A,0x80,0x6B,0x2B,0x08,0xB3,0xAB,
    0x86,0x1B,0x92,0x92,0x2A,0x94,0x19,0x5B,0xB4,0xA0,0x58,0x98,0x3C,0xA9,0x84,0x7C,
    0x00,0x19,0x2A,0x89,0x4C,0x18,0x99,0x84,0xD0,0x83,0x89,0x00,0x4B,0xF3,0x10,0x00,
    0x18,0x09,0x90,0x19,0x20,0xFB,0x42,0x4C,0xA8,0x80,0x91,0x09,0x1D,0xF3,0x85,0x2A,
    0x0A,0xA2,0x01,0xE1,0x02,0xA8,0x93,0xD3,0xB3,0x02,0x2C,0x20,0x9B,0x7C,0x29,0x1C,
    0x00,0x4C,0x1A,0x08,0x0A,0x11,0xA4,0x1A,0x0A,0xA9,0x7C,0x88,0xB8,0x85,0x80,0xC8,
    0xB2,0xC5,0x22,0x0E,0x00,0x11,0x2A,0x2B,0x49,0x0A,0x19,0x3B,0x4A,0x03,0xAB,0xA7,
    0x29,0xDA,0x05,0x0B,0x69,0x19,0xB2,0xA8,0x38,0x90,0x00,0x3D,0xAA,0x87,0x3A,0xA0,
    0xCC,0x87,0x08,0x10,0xAA,0xA4,0x43,0x8B,0xE3,0x3A,0x90,0x94,0x9A,0x11,0xD8,0x06,
    0x8A,0xB3,0x95,0x9D,0x33,0x99,0xA2,0x18,0xBB,0x83,0x9A,0x78,0x01,0xD9,0x22,0xB8,
    0x11,0x9D,0x80,0x82,0x45,0x09,0xD1,0x21,0x08,0x82,0x0D,0x33,0x6B,0x1B,0x01,0x3D,
    0xA0,0x01,0x19,0x6D,0x89,0x1A,0xB3,0x0A,0x0F,0xC1,0x22,0xAA,0xA2,0x10,0x89,0x0B,
    0xF0,0x00,0x0A,0xB5,0x03,0x29,0x49,0xC3,0x29,0x3F,0x81,0x92,0xB0,0x25,0x99,0x95,
    0x88,0xB2,0x83,0x2F,0x82,0xF4,0x01,0x89,0xA1,0x11,0x9A,0x83,0x2B,0xB9,0x91,0xE3,
    0x99,0x29,0x2B,0x5F,0x30,0x1F,0xA0,0x01,0xB8,0x96,0x90,0x93,0x81,0x2A,0x01,0xBA,
    0x78,0x29,0x89,0x97,0x80,0x30,0xCB,0x93,0x82,0x08,0x7C,0x09,0x89,0x19,0x3A,0x9D,
    0xB1,0xB4,0x88,0x11,0xF0,0xA2,0xD2,0x80,0xC0,0xA3,0x11,0x99,0x18,0x30,0x8F,0x83,
    0x6A,0x8A,0x11,0x92,0xA7,0x38,0xC0,0x12,0x1B,0x02,0x14,0x3D,0x0A,0x95,0x19,0x08,
    0x08,0x8A,0x87,0x18,0x88,0x10,0x9F,0x03,0x0B,0x7B,0x1A,0x0A,0x91,0x82,0x2E,0x0A,
    0x91,0x09,0xB8,0x52,0x8E,0xA1,0x90,0xB8,0x21,0x4E,0x98,0x09,0x10,0xF1,0x81,0x29,
    0x89,0xB2,0x91,0x36,0x0C,0xD2,0x82,0x21,0x4D,0x80,0x21,0x2A,0x60,0x1B,0xC3,0x02,
    0x90,0x52,0x2C,0xA2,0xB3,0xB2,0x18,0x19,0x90,0x07,0xAA,0x20,0x2B,0x3F,0xBA,0x7B,
    0x89,0x0A,0x01,0x1D,0x09,0x29,0x0F,0xE0,0x82,0x80,0xD2,0x38,0x99,0x91,0x99,0xC2,
    0x83,0x88,0x59,0x19,0x0A,0xA2,0x3B,0x29,0x79,0x01,0xB1,0x13,0xA2,0x6C,0x88,0xA4,
    0x84,0x83,0x94,0x04,0x9B,0x07,0x29,0x1B,0xA2,0x06,0x8A,0x03,0x88,0x5A,0x2D,0x28,
    0x1C,0x5A,0x09,0x89,0xA9,0x94,0xAB,0x5C,0xA0,0xB1,0x80,0x4A,0x8F,0xA2,0xB0,0x88,
    0x10,0x90,0x28,0x1B,0x1F,0x5C,0x8C,0x81,0x10,0x0A,0x09,0x93,0x0E,0xD3,0xB3,0x08,
    0x92,0x92,0xE2,0x97,0xA0,0x93,0x8A,0x94,0x23,0x3E,0x29,0x3C,0x09,0x93,0x4A,0x08,
    0xA2,0x50,0x18,0x3A,0xC1,0xA4,0x39,0x6A,0x80,0xA2,0x85,0xC2,0x69,0x0A,0x81,0x99,
    0x95,0x19,0xA3,0x90,0xA2,0x6A,0x1E,0x01,0xB0,0xA5,0x80,0x29,0x89,0x00,0xCA,0x39,
    0x91,0x4F,0x1A,0xA0,0x1D,0xD1,0x18,0x2C,0xC2,0x00,0x0A,0xA8,0xB4,0xC8,0x95,0x19,
    0x09,0xA1,0x94,0x90,0x3B,0xE8,0xB6,0x02,0xB1,0x20,0xD4,0xA3,0x02,0x1C,0x90,0xA3,
    0xB5,0x10,0x00,0x8A,0x43,0x8F,0x20,0x19,0x20,0x4B,0x0B,0x49,0x80,0x6B,0x19,0x00,
    0x22,0x3F,0x5A,0xA0,0x18,0x80,0xA1,0x60,0x29,0x4D,0x2A,0x00,0x4C,0x0B,0x82,0x80,
    0x02,0x88,0x3B,0xC7,0xB1,0x49,0x2A,0x39,0xC8,0x95,0x2A,0x90,0x20,0xAB,0x95,0x3B,
    0x1D,0x28,0x30,0x0E,0x0B,0x8A,0xD3,0x93,0x89,0x29,0x1F,0x80,0x99,0xA0,0xF0,0x10,
    0x0A,0xC9,0x83,0xD8,0x18,0xD0,0x02,0x01,0x1F,0x18,0xB2,0xB2,0x01,0x49,0x3A,0x18,
    0x0A,0xF2,0x01,0xE3,0x28,0x1D,0xC3,0x02,0x09,0x99,0xB6,0x93,0x21,0xDB,0x02,0xC2,
    0x21,0x19,0xA9,0x42,0x3F,0x91,0x83,0xA0,0x82,0x11,0x40,0xBA,0x69,0x8B,0x5A,0xA2,
    0xC3,0x32,0x4D,0x1D,0x10,0x29,0x9B,0x20,0xE3,0xB4,0x02,0x98,0xF4,0x12,0xB2,0x01,
    0x89,0xB5,0x12,0x1A,0x2B,0xB3,0x50,0x88,0x6B,0xB0,0xC3,0x03,0x18,0x0F,0xB5,0xA0,
    0x01,0xA0,0x19,0xD1,0xA2,0x69,0x0A,0xA1,0xD3,0x02,0x28,0x9C,0x93,0xB0,0x12,0x2F,
    0xA8,0xA3,0x85,0x5B,0x1A,0x38,0xAA,0x7B,0x3A,0x0C,0x09,0x9B,0x28,0x2E,0x99,0x2C,
    0x00,0x4A,0x2D,0x39,0x0D,0x10,0x89,0x02,0x9B,0xB3,0x6C,0x8A,0x13,0x0E,0x28,0x08,
    0x80,0x7A,0x08,0x8A,0x85,0x29,0x1D,0x08,0x38,0x8A,0x93,0x30,0xD9,0x16,0x1A,0x48,
    0x28,0xF1,0x83,0x28,0x1B,0x91,0x10,0x2A,0x81,0x71,0x9A,0x82,0x91,0xA5,0x82,0xF5,
    0x31,0x89,0x8A,0x39,0x8C,0x8B,0x95,0xC8,0xC3,0x01,0xC0,0x94,0x28,0x88,0x4F,0x98,
    0x28,0x2A,0x0D,0x28,0x0A,0xB4,0x10,0x98,0x22,0xF3,0x03,0x20,0x1F,0x98,0x90,0x19,
    0x88,0x0C,0x58,0xE1,0x28,0x1A,0x29,0x8A,0x04,0x59,0x1E,0x80,0x80,0x99,0x01,0x1C,
    0x28,0xD3,0x28,0xA8,0x2A,0x98,0x07,0x29,0x0D,0xA5,0x08,0xAA,0x83,0x0E,0xA1,0x96,
    0x09,0x81,0x39,0x3C,0x58,0x0B,0xB0,0x07,0x09,0x98,0x32,0x8F,0xA2,0x12,0x98,0x28,
    0x3D,0x39,0x7B,0x19,0x0A,0x10,0x2A,0x8A,0x40,0x8F,0x82,0x18,0xA8,0x59,0x2A,0x29,
    0x7C,0x09,0x90,0x12,0x1C,0x90,0x01,0x8B,0x87,0x18,0xB3,0x08,0x40,0x3B,0x79,0x98,
    0xB2,0x02,0xA8,0xB8,0x90,0xBD,0x22,0x1A,0xC2,0x0C,0xD4,0x10,0x6E,0x88,0x88,0x10,
    0x1A,0xA8,0x91,0x0B,0x81,0x7C,0x80,0x1C,0x80,0x11,0x4E,0xA0,0x98,0x12,0xB8,0x81,
    0xC0,0x91,0x11,0xAB,0x17,0xAB,0xB6,0x14,0x3D,0x91,0xC0,0x11,0xC1,0x92,0x08,0x98,
    0x18,0x82,0x31,0xBF,0xA5,0x38,0x2A,0xB6,0xA0,0x83,0xD0,0xD1,0x00,0xC8,0x82,0x88,
    0x20,0x8F,0xA2,0x11,0x2B,0xC6,0xA2,0x90,0x83,0xC0,0xA1,0xC2,0x21,0x1A,0x32,0xAC,
    0xB6,0x31,0x28,0xC1,0xC3,0x93,0x92,0xD0,0x92,0x80,0x9B,0x62,0x3B,0xF8,0x84,0x48,
    0x8A,0x97,0xA0,0x01,0xA1,0xA3,0x1B,0x10,0x88,0x21,0x18,0xBC,0x05,0x7D,0x1A,0x83,
    0xB9,0x03,0x90,0xD8,0xC3,0x10,0xB9,0x32,0x49,0xF8,0x00,0x7A,0x09,0x81,0xA1,0x11,
    0x98,0xB4,0x98,0x90,0xD1,0x61,0x98,0xA0,0x30,0x5D,0x8A,0x94,0xA8,0x12,0xA9,0xC4,
    0x88,0x80,0x8A,0x6D,0x09,0xB0,0x11,0x59,0x8A,0xA7,0x98,0x02,0x0A,0x92,0x0A,0xD2,
    0x10,0x59,0xB0,0x01,0x29,0x7C,0xA8,0x95,0xB1,0x01,0x89,0xA1,0x9A,0x98,0xC1,0x4D,
    0xC2,0x90,0x29,0x59,0xAA,0x97,0x80,0x10,0x98,0x81,0x99,0x89,0x12,0x2E,0xB7,0x00,
    0x29,0x29,0xF1,0x96,0x90,0x10,0x98,0x21,0x8B,0x88,0xA2,0x3B,0x97,0x3A,0x4B,0x29,
    0xD4,0x03,0x09,0x4A,0x88,0x48,0x1D,0x88,0x90,0x18,0x14,0x1F,0x08,0x28,0xB8,0x34,
    0xAA,0x19,0xB2,0x3A,0x0F,0xC0,0x80,0x2B,0x02,0x1F,0x2B,0x6B,0xB1,0x28,0x10,0x1E,
    0xA2,0x00,0x9B,0x92,0x29,0x0C,0x35,0x1F,0x19,0x19,0xB5,0x10,0x20,0x0F,0x01,0x88,
    0x98,0xA0,0x29,0x0C,0x53,0x1F,0x08,0x18,0xA2,0x59,0x90,0x99,0x85,0x09,0x89,0xA3,
    0x2A,0x2B,0x95,0x6E,0x1A,0x3A,0x90,0x28,0x92,0x8E,0x83,0x00,0xB9,0x88,0x09,0xC9,
    0x47,0x0E,0x00,0x00,0x18,0x80,0x20,0xC9,0x13,0x18,0x9A,0x08,0x1F,0x20,0x7A,0x3D,
    0x0A,0x00,0x81,0x00,0x03,0xAE,0x31,0xB8,0xC2,0x01,0x0C,0x88,0x32,0x4E,0x2D,0x18,
    0x80,0xB1,0x24,0x8C,0x11,0x8A,0xB5,0x98,0x4A,0x08,0x7A,0x88,0xA1,0x81,0x81,0xA7,
    0x10,0x9A,0x10,0x18,0xE9,0x88,0x0C,0xC0,0xB5,0x12,0x2E,0x2A,0xA0,0x84,0x28,0xA9,
    0x18,0xB1,0xD2,0x22,0x0F,0x28,0x2B,0x98,0xA5,0x38,0xE1,0xC5,0x83,0xB0,0x30,0x99,
    0xC2,0x01,0x0C,0x11,0x4B,0xE2,0x10,0x28,0xD1,0xA6,0x10,0x90,0x1A,0x92,0xE3,0x01,
    0x0A,0xA1,0x31,0x5C,0x0B,0x01,0xB8,0x97,0x10,0xA9,0x81,0xD3,0x08,0x08,0xBC,0x94,
    0x5A,0x6B,0x9A,0x10,0xC2,0x83,0x3A,0xAB,0x83,0xB4,0x99,0x40,0x8D,0x38,0x4B,0x08,
    0xD1,0x01,0xD5,0x03,0x18,0xAA,0x00,0x10,0x99,0x22,0x9F,0x19,0xD5,0x21,0x0B,0xA2,
    0xB7,0x83,0x39,0xB8,0x92,0x21,0xC9,0x69,0xA9,0x22,0x19,0x7C,0x0A,0xB0,0xB6,0x93,
    0x20,0xF8,0x92,0x82,0x99,0x80,0x99,0x30,0x2C,0x11,0x8D,0x94,0xD4,0x93,0x38,0xB9,
    0x95,0x92,0x99,0x41,0x0D,0x29,0x39,0x4D,0x99,0x91,0xB4,0x21,0x3B,0xD0,0x00,0x80,
    0x90,0x69,0x1E,0x08,0x19,0x38,0x9C,0x21,0xD3,0x01,0x10,0xF1,0x11,0xA0,0xC2,0x48,
    0x8A,0x91,0x31,0xD2,0xA0,0x93,0xB7,0xA4,0x00,0xC0,0xA3,0x11,0xCA,0x6B,0x0B,0x98,
    0x31,0xBA,0xB4,0xB2,0x96,0x18,0x4B,0xD2,0x20,0x1A,0xA1,0x39,0x3F,0x1B,0x4B,0xF2,
    0x92,0x01,0x29,0x09,0x19,0xC6,0x20,0x1A,0x90,0x3B,0x2B,0x08,0x3F,0xE2,0xA2,0x13,
    0x4B,0x3A,0x1B,0xC4,0x31,0x0A,0x5B,0x2C,0xA8,0x38,0x5B,0xC1,0x91,0x48,0x29,0x3F,
    0x0A,0xB3,0x18,0x19,0xB8,0x3C,0xD8,0x93,0x4B,0xD2,0xB2,0x01,0x20,0x2D,0x2B,0xC2,
    0x50,0x89,0x99,0x1B,0xE5,0x82,0x39,0xA0,0x19,0x08,0x32,0x3E,0x0C,0xA5,0x08,0x01,
    0x89,0xC9,0xC5,0x01,0x5A,0x89,0x18,0xA8,0x04,0x3A,0x1B,0x84,0x3B,0xB3,0x82,0x1D,
    0x97,0x88,0x7B,0x08,0x2D,0x88,0x82,0x98,0x39,0x82,0x1B,0xD2,0x83,0x9F,0xA5,0x28,
    0x1A,0xB1,0x7B,0x0A,0x82,0x39,0x3D,0x29,0x3C,0x91,0x81,0x8D,0x04,0x9A,0x81,0xB6,
    0x39,0x0A,0xA2,0xB0,0x58,0x10,0x0B,0xB6,0x21,0xAC,0x03,0x0A,0x4B,0x80,0x4F,0x0A,
    0x81,0xB0,0x82,0x31,0x1D,0x93,0x82,0xEC,0x24,0x8A,0x28,0x21,0x2F,0x1B,0x30,0x9B,
    0x01,0x10,0x1A,0xF9,0x95,0xC9,0x21,0x2B,0x1E,0x91,0x2A,0x8B,0x32,0x1E,0x08,0x82,
    0x3B,0xD3,0x04,0xFA,0x03,0x08,0x0A,0x11,0x3D,0x9A,0x32,0x0F,0x08,0x93,0x80,0x01,
    0x23,0xFB,0x41,0x8A,0x2D,0xA2,0x91,0xC0,0x52,0x1C,0x88,0x93,0x48,0x89,0x84,0xE8,
    0x41,0x0A,0x1A,0xA3,0xB1,0xC2,0x41,0x8D,0x81,0xA3,0xA0,0xA2,0x41,0xFA,0x68,0x0A,
    0x0B,0x82,0x80,0xD8,0x50,0x9A,0x81,0xB4,0x92,0x98,0x83,0xF9,0x50,0x8A,0x00,0x00,
    0x88,0xD1,0x22,0xAA,0x94,0x01,0x94,0xAB,0x26,0xBB,0x7B,0x88,0x98,0x12,0x89,0xC0,
    0x21,0xA9,0x84,0x21,0x00,0x1C,0x52,0xE8,0x78,0x09,0x1A,0x10,0x90,0xC8,0x51,0x8B,
    0x20,0x00,0x80,0x1E,0x10,0xB8,0x7F,0x89,0x88,0x00,0x80,0x89,0x10,0xB0,0x52,0x09,
    0x82,0x3F,0x80,0xB1,0x5A,0xA1,0xA8,0x40,0x80,0x0A,0x2C,0xC0,0x03,0x20,0xB4,0x1E,
    0x13,0x9B,0x38,0xF1,0x08,0x29,0xA1,0xA8,0x82,0xD9,0x97,0x11,0x91,0x2D,0x11,0x8A,
    0x6A,0xC1,0x08,0x82,0x20,0x8B,0x11,0x8B,0x32,0xC4,0x87,0x9D,0x94,0x90,0x3A,0x8A,
    0x1D,0x18,0xC2,0xA0,0x3A,0xC8,0x13,0xC3,0x97,0x1B,0x01,0xA0,0x18,0xA4,0x0D,0x93,
    0x91,0x88,0x19,0xE9,0x14,0xB5,0x03,0x0E,0x83,0xB8,0x82,0xC3,0x3E,0x18,0x88,0xC1,
    0x02,0x2E,0x81,0xB5,0x12,0x8C,0x04,0x98,0x00,0x82,0x0D,0x91,0x02,0xE0,0xA1,0x28,
    0x3A,0xF5,0x93,0xA8,0x12,0x99,0x38,0x0A,0x9F,0xA5,0x10,0x8A,0x08,0x99,0x13,0xA6,
    0x19,0xE8,0x94,0x90,0x3A,0x38,0x9F,0x83,0x01,0x89,0x49,0x0C,0x82,0xA5,0x48,0x9A,
    0x30,0x1A,0x3F,0x09,0x8B,0x94,0x01,0x8A,0x5B,0x99,0xC3,0x87,0x29,0x98,0x48,0x90,
    0x4B,0x28,0xAC,0x95,0x01,0x89,0x18,0x89,0x92,0x87,0x3A,0x9B,0x00,0x81,0x2D,0x3B,
    0xBE,0x97,0x28,0xA8,0x00,0x90,0x92,0x45,0x1F,0x08,0x08,0x81,0x2A,0x28,0xCB,0x84,
    0x10,0xC0,0x09,0xB2,0x91,0x54,0x3C,0x89,0x08,0x82,0x2A,0x9A,0xFA,0x93,0x10,0xA2,
    0x8D,0xA3,0xA1,0x74,0x0A,0xB1,0x21,0xC2,0x3C,0x18,0xDB,0x06,0x3A,0x08,0x08,0xA8,
    0x23,0x6C,0xD8,0x02,0x88,0x19,0x3D,0x1A,0xCA,0x94,0x3D,0x19,0x8A,0x88,0x14,0x3F,
    0x0A,0x01,0x80,0xE2,0x30,0x9B,0xA2,0xB3,0x48,0x18,0x99,0xB0,0x47,0x3D,0x99,0x00,
    0xA2,0xC4,0x3B,0xA0,0x00,0xA2,0x62,0x08,0xDA,0x95,0x00,0x29,0x1D,0xB3,0x12,0xA0,
    0x7C,0x98,0x91,0xA3,0x10,0x8A,0xC0,0xD3,0x02,0x5C,0x1B,0x01,0x09,0x80,0x49,0x1E,
    0x90,0xA1,0x1A,0x08,0x98,0x83,0xF5,0x81,0x39,0xF2,0x00,0x8A,0x18,0x89,0x82,0x30,
    0x0B,0x53,0x5C,0x09,0x80,0x79,0x8D,0x02,0xC0,0x82,0x80,0xB2,0x22,0xF2,0xD3,0x00,
    0xC1,0x21,0xB9,0x83,0x21,0x8B,0x87,0x98,0xA3,0x10,0x0C,0x92,0xE4,0x39,0x98,0x32,
    0xF9,0x23,0x2D,0x00,0xBA,0x11,0x90,0x1B,0x99,0xA4,0x97,0x39,0x88,0x18,0x08,0xF3,
    0x20,0x0E,0x11,0xC8,0x82,0x38,0x98,0x93,0xA0,0x41,0x9F,0x01,0xB1,0x21,0x4C,0xA3,
    0x09,0x3B,0x93,0x92,0xEA,0x28,0xD4,0x3B,0xA8,0x53,0x1A,0x3B,0xC6,0xA3,0x59,0x0D,
    0x81,0xC1,0x81,0x20,0x29,0xA4,0x91,0x29,0xAA,0xA8,0x97,0x88,0x00,0xF2,0xA0,0xA5,
    0x81,0x20,0xD9,0x96,0x1B,0x09,0x90,0xB2,0x05,0x08,0x38,0xBC,0x91,0x92,0x4C,0x1B,
    0xB8,0xB6,0x03,0x09,0x59,0xE1,0x94,0x20,0x88,0x89,0x80,0xB1,0xB2,0x28,0x4F,0x19,
    0x1A,0x4B,0x29,0x7B,0x98,0xA2,0x92,0x22,0x0F,0x29,0x89,0x99,0x78,0x90,0x61,0x88,
    0x4B,0xF3,0x99,0x4A,0x91,0x19,0x01,0xA1,0x44,0x89,0xD1,0x99,0x88,0x41,0xF0,0x90,
    0xA8,0xA1,0xB1,0x13,0x12,0x79,0x88,0xA7,0x90,0x00,0x91,0xA4,0x09,0x58,0x08,0xD1,
    0x00,0x1B,0x13,0x2F,0x01,0x01,0xA8,0x12,0xAF,0x98,0x12,0x89,0x60,0xD3,0x18,0x19,
    0x0B,0x49,0xA9,0x02,0x23,0x18,0xAF,0x89,0x28,0xC1,0x5F,0x11,0x00,0x1A,0x8D,0x2A,
    0x08,0x91,0x15,0x91,0x3A,0x3D,0x9A,0xD9,0x28,0x09,0x0B,0x70,0x0C,0x18,0x81,0x1C,
    0x20,0x23,0x3A,0x98,0xBE,0xA4,0xE0,0x83,0x93,0x81,0xF2,0xA4,0x93,0xC9,0x10,0x0A,
    0x81,0x24,0x89,0xA1,0x97,0xD1,0x00,0x00,0x02,0x90,0x01,0xAC,0x09,0x42,0x2C,0x1B,
    0x4C,0x2B,0x19,0xC1,0xBA,0x95,0xC5,0x91,0x41,0x80,0x00,0x88,0xA1,0x20,0xD2,0x01,
    0x1E,0x0B,0x3A,0xB1,0xD0,0xA8,0x13,0xC3,0x97,0xE3,0x28,0x80,0x0A,0x00,0x92,0x39,
    0x95,0xA1,0x3A,0xF4,0x18,0x38,0x0F,0xA2,0x11,0xA1,0x28,0x9A,0x97,0x08,0xA9,0xA0,
    0xA7,0x81,0x28,0x82,0x1A,0xAC,0xF3,0x11,0xA1,0x00,0x82,0x9F,0x29,0x19,0x19,0xA7,
    0x00,0x18,0x08,0xD1,0xB2,0x85,0x18,0x3A,0x59,0x3A,0x1A,0x2F,0x2C,0xC8,0x01,0x01,
    0xD2,0x81,0x93,0x81,0x5A,0xB8,0x11,0x8A,0x4E,0x4A,0xB8,0x20,0x3B,0x4A,0x29,0x02,
    0xD0,0x18,0x8A,0xC6,0x00,0xA8,0x11,0x1C,0x81,0x23,0x3A,0xFB,0x95,0xB0,0x91,0x98,
    0x93,0xA1,0x29,0x1F,0x20,0x4B,0x39,0x3F,0x5B,0x99,0xC1,0x40,0x89,0x94,0x28,0x00,
    0xD9,0x90,0x89,0x10,0x28,0x00,0xC7,0xA1,0x82,0xA7,0xB2,0x10,0x29,0xBA,0xC1,0x33,
    0xB5,0xB9,0x20,0x48,0x08,0x3A,0x1F,0x08,0x2C,0x1B,0xA7,0x89,0x21,0x5B,0x2C,0x92,
    0xA1,0x3A,0xB9,0x04,0x8B,0xA7,0x20,0x1A,0x2B,0x58,0xB0,0xAB,0x83,0x61,0x1F,0x29,
    0x1A,0x11,0x6C,0x88,0x18,0x09,0x18,0x80,0x0A,0x2E,0x91,0x88,0x58,0xD1,0x18,0xAB,
    0x10,0xA3,0x0D,0x32,0x0E,0x09,0x86,0xB8,0x31,0xF5,0x10,0x08,0x90,0xAA,0xB3,0x85,
    0x49,0x1A,0x1A,0x10,0x4B,0x4C,0x2B,0x98,0x09,0x30,0x7A,0x2C,0x18,0x11,0x1A,0x2C,
    0x19,0x18,0x98,0xF8,0x68,0x19,0x0B,0x90,0xB4,0x48,0x19,0x0A,0x01,0xC4,0x6B,0x28,
    0x8B,0x39,0x81,0x78,0x8B,0xE8,0x01,0x98,0x18,0x13,0xEA,0x02,0x1A,0xA3,0xB8,0x82,
    0x09,0x7B,0x1E,0x90,0x94,0x09,0x43,0x4C,0x8A,0x81,0x1B,0xA5,0xB8,0x10,0x91,0x48,
    0x1C,0x20,0x3C,0xA1,0x00,0x7D,0xA9,0x31,0xA0,0x92,0x08,0x8C,0x31,0x39,0x2F,0xD1,
    0x28,0x1C,0x01,0x3B,0xF3,0x01,0x31,0x8A,0x3B,0xF0,0x82,0x1B,0x98,0x03,0x11,0x39,
    0x38,0x6A,0xA9,0xD1,0xB4,0x98,0x79,0x09,0xB0,0x6B,0xB8,0x21,0x2A,0xA1,0x68,0x2A,
    0xB9,0xB2,0x27,0x1A,0x2B,0x6A,0xAA,0x95,0x89,0x2A,0x0B,0x40,0x2A,0x88,0x20,0xFD,
    0x14,0x08,0x2D,0x09,0x0B,0x20,0x3D,0x89,0x91,0x19,0x41,0x8A,0x00,0xD1,0x82,0x96,
    0x2B,0x2B,0xD1,0x14,0x88,0xB0,0xB7,0xA3,0x91,0x30,0xB9,0x96,0x09,0x23,0x2E,0xA9,
    0x92,0xC4,0x2A,0x91,0xC0,0x08,0xA4,0x50,0x19,0xB9,0x02,0x22,0x3F,0xE0,0xA0,0xA3,
    0x08,0xB3,0x11,0xE9,0x32,0x91,0xA9,0x04,0xCE,0x14,0x1B,0x18,0x8D,0x08,0xA5,0x91,
    0x39,0x0A,0x49,0x91,0x2A,0x8A,0xC2,0x55,0xB8,0x92,0x4D,0x09,0x19,0xB1,0x12,0x1A,
    0x78,0x0A,0xA3,0x01,0xB8,0x79,0xD1,0x80,0x18,0x3F,0x88,0xA0,0x38,0x82,0x39,0xA1,
    0xC2,0x19,0xE1,0x94,0x10,0x7A,0x0B,0x1A,0x00,0x19,0x4E,0x91,0x28,0xA0,0x38,0x8A,
    0xA6,0x49,0x91,0x69,0x9B,0x88,0x2A,0x19,0x1F,0x00,0x08,0x29,0x20,0x80,0x2E,0x19,
    0x41,0x7B,0x9B,0x5B,0x8A,0x11,0x0A,0x28,0xB0,0x13,0x6F,0x0A,0x09,0x28,0x2B,0x3A,
    0x0D,0x8B,0xA4,0x93,0x1D,0x92,0x90,0x94,0x40,0x8A,0x02,0x09,0x20,0x40,0xBC,0x3A,
    0xA1,0x41,0xFB,0x15,0xA1,0xA3,0x01,0x21,0x0A,0xB7,0x32,0x0F,0xA0,0x19,0x9B,0x34,
    0x8F,0x93,0xC3,0x80,0x80,0xB1,0x18,0xC5,0x49,0x88,0xA8,0xB1,0xC2,0x16,0x8C,0xA2,
    0x21,0xF1,0x18,0x91,0x98,0x20,0x0A,0xF4,0x82,0x8A,0x98,0x93,0x8A,0x13,0x1D,0x00,
    0x18,0x72,0x9B,0x91,0xA3,0x12,0x7B,0x9D,0xB4,0x84,0x98,0x12,0x1A,0xA3,0x38,0x78,
    0xD1,0x29,0x08,0xE1,0x00,0xA8,0xA5,0x59,0x89,0x28,0x80,0xD2,0x58,0x18,0x89,0x49,
    0x0B,0x11,0xBB,0x10,0x03,0x2F,0x8A,0x81,0x21,0xD2,0x5A,0x21,0xE2,0x28,0x4A,0x1C,
    0x89,0x09,0x31,0x0F,0xB1,0x02,0x91,0x9B,0x70,0x90,0x81,0x3C,0x3A,0x9B,0x82,0x5B,
    0x6A,0x8D,0x03,0xB0,0xA3,0x09,0xB0,0x24,0xB1,0x1D,0x48,0xF2,0x18,0x19,0x19,0xF8,
    0x84,0x09,0x80,0x88,0xB1,0x07,0x08,0x19,0x08,0xF1,0x82,0x19,0x80,0x0A,0x7A,0x89,
    0x28,0x3A,0x88,0x70,0x89,0x18,0x18,0xF2,0x01,0x1A,0xB2,0x91,0x5C,0x1A,0x0B,0xA1,
    0x31,0x5D,0x88,0x0A,0x04,0x99,0x3A,0x1C,0xB4,0x81,0x4F,0x19,0x8A,0x88,0x39,0x18,
    0xC3,0x9B,0x15,0x0C,0x0B,0xE1,0x94,0x00,0x3E,0x08,0x89,0x18,0x99,0x25,0xA8,0x99,
    0x52,0xAA,0x02,0xD1,0x60,0x99,0x90,0xA5,0xB4,0x2A,0x80,0x30,0x90,0xB9,0x53,0xB3,
    0x4D,0x99,0x20,0xF3,0x91,0x81,0x92,0x8D,0x83,0x40,0x88,0xE1,0x02,0xA2,0x2A,0xA8,
    0xA0,0x97,0xF1,0xA4,0x81,0x8A,0x12,0xB8,0x87,0x98,0x00,0xB3,0x98,0xC3,0x93,0x91,
    0xD0,0x4A,0xB2,0xF8,0x21,0x88,0xA4,0x00,0x09,0x85,0x9A,0xA4,0x80,0xD3,0x81,0x3C,
    0xE3,0xA1,0x39,0xA1,0x02,0xD1,0x92,0x82,0x8B,0xF4,0x91,0x11,0x2C,0x0B,0xD7,0x91,
    0x38,0x88,0x10,0xD1,0x11,0x00,0x88,0x09,0xC4,0x40,0x0B,0x2A,0xA4,0x8B,0x60,0x80,
    0x6A,0xA8,0x18,0x12,0xAA,0xD3,0xA4,0x93,0x3C,0x2C,0xA1,0xC9,0x04,0x00,0x39,0xD1,
    0x81,0x21,0xCB,0xA4,0xA0,0x02,0x3F,0x9A,0x94,0xAA,0x30,0x01,0x49,0xF0,0xA4,0x10,
    0x88,0x0A,0x91,0x68,0x0D,0x08,0xB2,0x0B,0x48,0x39,0x2D,0xD4,0x00,0x11,0x1B,0x09,
    0x92,0x68,0x2F,0x1A,0xA2,0x2A,0x4A,0x29,0x1A,0xC3,0x30,0x4A,0x89,0xB1,0x49,0x3A,
    0x0F,0xB1,0x85,0x1C,0x18,0x92,0x18,0xC5,0x30,0xA9,0x83,0xB1,0xC2,0x34,0xAF,0x02,
    0x49,0x0E,0x18,0x81,0x80,0xA2,0x2C,0x48,0x89,0xA2,0xD3,0x48,0xCA,0x92,0x61,0x0F,
    0x28,0x08,0x2A,0x80,0x09,0x81,0xA0,0xB5,0x39,0x4A,0x8B,0xA5,0x58,0x9B,0x01,0x58,
    0x29,0x80,0x3B,0xB4,0x80,0xB3,0x31,0x3B,0xFA,0x00,0x30,0x9E,0x21,0x4A,0x3C,0x98,
    0x5B,0x90,0xC0,0x21,0xE3,0x3A,0xF9,0x92,0x39,0xAA,0x4A,0x92,0x19,0x01,0x0F,0x00,
    0xD5,0x00,0x28,0x2D,0xA0,0x10,0x28,0x0D,0x19,0x83,0x18,0xB1,0x11,0x3A,0xD2,0x2A,
    0x96,0xB9,0xB3,0x87,0x29,0x1B,0x9A,0x24,0x3C,0x7A,0x1B,0x00,0x90,0x18,0x95,0x2C,
    0xBA,0x83,0x5D,0xC8,0x20,0x29,0x90,0x30,0x2F,0xA0,0x58,0x1C,0x00,0x8A,0xB1,0xC4,
    0x31,0x9A,0x4B,0x80,0xC5,0x30,0x89,0x91,0x83,0x2D,0x4A,0x89,0xA0,0xC4,0x01,0xA2,
    0x3D,0x2A,0xB5,0x81,0x18,0x29,0x80,0x3A,0x39,0xDC,0xC6,0x18,0x88,0xD2,0x5B,0x10,
    0x1A,0x4A,0x2B,0x4A,0x0B,0xA1,0x70,0x9C,0x93,0x39,0x0C,0xA1,0x2B,0x96,0x80,0x82,
    0x19,0x98,0x02,0x8F,0x84,0xE1,0x30,0x1B,0x5B,0x89,0x99,0x05,0x89,0x30,0x9A,0x94,
    0x10,0x88,0x20,0xD8,0x91,0xB8,0x02,0xB5,0xF9,0x85,0x80,0x01,0xF0,0x93,0x18,0x1A,
    0x4A,0xD8,0x82,0x88,0x90,0xB5,0xB8,0x87,0x11,0x0A,0xB2,0x93,0x80,0xB1,0x06,0xD0,
    0x81,0xA2,0xB0,0x87,0x0C,0x02,0x18,0x3B,0xF3,0x21,0x3B,0xD8,0x11,0xE2,0x10,0x8A,
    0x92,0x82,0x9C,0x32,0x08,0x5A,0x09,0x39,0xA8,0xC6,0x5A,0x99,0x3A,0xC0,0x10,0xA0,
    0xC9,0x04,0x20,0x99,0xD6,0x92,0x90,0xA3,0x5A,0x89,0x3A,0xC9,0x94,0x82,0xF8,0x84,
    0x28,0xC0,0x02,0x48,0x1A,0xA8,0x30,0xBA,0x4A,0x99,0x81,0xA3,0xFB,0x14,0x3C,0x00,
    0xA0,0x20,0xF3,0x28,0x1A,0xF1,0x08,0x80,0x88,0x93,0xD8,0x22,0x29,0xC9,0xA7,0x81,
    0x98,0x90,0x59,0xD0,0x18,0x98,0x80,0xB2,0x29,0x5F,0x19,0xA1,0xD3,0x01,0x00,0xA0,
    0x39,0xC3,0x2A,0xF3,0x00,0xA2,0x99,0x48,0x40,0xA9,0x93,0x68,0xD1,0x10,0x19,0xC2,
    0x89,0x92,0x80,0xC5,0x00,0x4D,0x18,0x90,0x91,0x28,0x38,0x08,0x4E,0x99,0x08,0x80,
    0xF2,0x83,0x99,0x6A,0x4A,0xB0,0x82,0x4A,0xC1,0x22,0x2E,0xB2,0x1A,0xA1,0x91,0x00,
    0xB1,0x7F,0x19,0x28,0x0A,0x08,0x93,0xA2,0x1C,0xB4,0x1C,0xD3,0xB0,0x04,0x3B,0x2F,
    0x00,0x29,0x89,0x90,0x84,0x00,0x0D,0x83,0x1C,0x99,0xA3,0x5C,0x3B,0x2C,0x90,0x31,
    0x0F,0x00,0xB1,0x61,0x0E,0x01,0x98,0x91,0x29,0x19,0x0A,0x69,0x88,0x81,0x18,0x19,
    0x13,0x08,0xF3,0x04,0x1D,0x20,0xAA,0x93,0x41,0x1F,0x80,0xB2,0xA3,0xE1,0x03,0xA1,
    0xF1,0x84,0x89,0x59,0xB9,0x01,0x80,0x99,0x02,0xC0,0xA3,0x2A,0xA5,0x10,0xD1,0xA4,
    0x81,0x2E,0xB1,0x08,0xE1,0x92,0xD2,0x93,0x81,0x8B,0x03,0x91,0xE2,0xA2,0x82,0x4D,
    0x3B,0x1C,0xB1,0x39,0x69,0x99,0x01,0xA8,0x87,0xA0,0xB2,0x03,0x1C,0xC2,0x89,0x4A,
    0xD0,0x18,0x48,0xB8,0x20,0xC6,0x20,0x81,0xA2,0x00,0x1B,0x31,0xAF,0x03,0x82,0x1F,
    0xA4,0x39,0x90,0xB3,0x7B,0x80,0x28,0x2A,0x99,0x19,0x3E,0x09,0x91,0x1B,0x97,0x3D,
    0x88,0xD2,0x82,0x91,0x7A,0x09,0x91,0x28,0xA8,0x38,0xB1,0xF2,0x82,0x90,0x99,0x21,
    0xF1,0xA3,0x2B,0xC4,0x95,0xB1,0x28,0x4A,0x8C,0xB3,0xB5,0x08,0xA1,0x1A,0xC1,0x32,
    0x1A,0x3C,0x29,0xF1,0x06,0x2A,0xAB,0x40,0x91,0x2B,0x5A,0xBC,0x95,0x00,0x00,0xB2,
    0x89,0x87,0x10,0x0A,0xC5,0x81,0x28,0xD1,0x82,0xA0,0xA5,0x29,0xA1,0x90,0xA3,0xB7,
    0x4A,0x99,0x93,0x80,0x8A,0xA2,0x62,0xFB,0x82,0x92,0x8B,0x30,0xE0,0xB3,0x2A,0xB1,
    0x82,0x20,0xA8,0x26,0x1E,0xA0,0xC2,0xA3,0x00,0x1D,0x1C,0x28,0x0A,0xF3,0x81,0x08,
    0x4A,0x90,0xE2,0x21,0x2A,0xD0,0x93,0x19,0x9A,0x02,0xC0,0x52,0x1C,0x1A,0x22,0xD0,
    0x06,0x09,0x9A,0xA5,0x10,0x3E,0x90,0x08,0xF2,0x10,0x08,0x92,0x7B,0x88,0x18,0x10,
    0x1B,0x08,0x30,0x8A,0x51,0x1F,0x00,0x09,0x19,0x42,0x1E,0xA0,0x01,0x98,0x91,0x21,
    0x99,0x01,0x70,0x8F,0x11,0x3A,0xDA,0x21,0x2B,0x89,0x22,0x0A,0x13,0x0C,0xD2,0x03,
    0x6C,0x0B,0x29,0xB8,0xA6,0x28,0x9C,0x95,0x09,0x80,0x48,0x99,0xA0,0x12,0x2D,0x91,
    0x0B,0x0C,0xB4,0x6A,0xB0,0x03,0x59,0xAA,0x2B,0x49,0x97,0x90,0x19,0x82,0x3C,0x9D,
    0x02,0xC0,0x21,0xD3,0x80,0x84,0x2B,0x91,0xD3,0x95,0x80,0xC1,0x38,0x94,0x2C,0x00,
    0xE0,0x02,0x19,0x1A,0x11,0x88,0x91,0xAB,0xA3,0x97,0xD9,0xA7,0x00,0x8A,0xC3,0x02,
    0xF2,0x19,0x10,0xA8,0x83,0xE1,0x91,0x81,0x21,0xC0,0x99,0x92,0x21,0xF1,0x85,0xC8,
    0x18,0x2A,0x38,0xA8,0x03,0xDB,0x49,0x3B,0x1A,0xF4,0x20,0x98,0x08,0x1C,0xA7,0x01,
    0x1A,0x08,0x28,0xB2,0x93,0x0B,0x5F,0x90,0x81,0x1B,0x08,0x0D,0x94,0x21,0x2A,0xA1,
    0x5F,0x88,0xA1,0x10,0xE0,0x01,0x18,0x48,0x80,0xC9,0x03,0x6A,0xC8,0xA3,0x81,0x10,
    0x4B,0x9A,0x15,0x1E,0x29,0xD1,0x94,0x89,0x01,0x19,0x8A,0x96,0xA1,0x10,0x4B,0xE8,
    0x12,0x09,0x29,0xE3,0x0A,0x94,0x18,0x7B,0xA9,0x11,0xA1,0x01,0x8A,0x08,0xA1,0x88,
    0x7A,0x7B,0x8B,0x81,0x1A,0x19,0x28,0x1D,0x01,0x5B,0x1A,0x98,0x22,0x8F,0x59,0xA0,
    0xA2,0x3C,0x10,0x3D,0x09,0x01,0x2E,0x92,0x6B,0x90,0x89,0x93,0xA1,0x19,0x4F,0xA8,
    0x11,0x19,0x09,0xB2,0xA4,0x14,0x2B,0xD2,0x3A,0x90,0xE4,0x02,0xB0,0x98,0x79,0xA9,
    0x30,0x5B,0xC0,0xA1,0x82,0x01,0x2D,0x9A,0x14,0xB8,0x59,0x9A,0x92,0xB1,0x7A,0x3B,
    0x00,0x4C,0xC8,0x20,0x19,0x18,0x1C,0xA0,0x58,0x8B,0x14,0x0B,0xA0,0x0A,0x04,0x2E,
    0x89,0xA4,0xC0,0x20,0x10,0x8A,0xF0,0x93,0x14,0x1B,0x1C,0xA9,0x33,0x2F,0xB2,0x82,
    0x9B,0x83,0x1A,0x97,0xD3,0xB4,0x31,0x9C,0x32,0xBB,0x72,0x09,0xC1,0x21,0x99,0x6D,
    0x18,0x98,0x93,0x98,0x10,0xF2,0x01,0x21,0x0D,0x88,0xA4,0x91,0xA0,0x80,0x4A,0xC2,
    0x7B,0x1A,0x09,0x18,0x81,0x4B,0x1B,0x4B,0x18,0x3C,0x19,0xD2,0x9A,0xA7,0x3A,0xA1,
    0x83,0xAA,0xD4,0x86,0x98,0x68,0x8B,0x32,0xF0,0x20,0x98,0x1A,0x19,0x00,0x2B,0x08,
    0xF3,0x88,0xC4,0x03,0x88,0x9C,0x11,0xA5,0x0A,0x90,0x1B,0x94,0x18,0x2B,0x92,0x0A,
    0x78,0x1F,0x91,0x40,0x19,0x19,0x33,0xF2,0x81,0x90,0xA6,0x81,0xB1,0x84,0x19,0x89,
    0xB4,0x30,0x0A,0x91,0xF9,0x3A,0x3B,0xC9,0x22,0xBC,0xD6,0x91,0xC1,0x11,0x89,0x10,
    0x90,0x2C,0x1A,0xD3,0xB3,0x22,0x52,0xB9,0x84,0x0B,0x95,0x49,0xB0,0x96,0x3A,0x21,
    0x8E,0x80,0x93,0x08,0x89,0x80,0x11,0x9F,0xA5,0x19,0x1D,0x90,0x1A,0x00,0x1C,0xD1,
    0x90,0x30,0xD2,0x38,0x2B,0x18,0x05,0x6B,0x1A,0x82,0xE9,0x85,0x18,0xB0,0x86,0xA0,
    0x11,0x4A,0x00,0xA8,0x11,0xA1,0x21,0x7A,0xB9,0x94,0x1B,0x09,0x4B,0xD9,0xC3,0xA8,
    0xA0,0x11,0xA9,0xF0,0x18,0x80,0xA9,0x01,0xFC,0x01,0x7B,0x99,0x28,0x18,0x88,0x1A,
    0x29,0xD3,0x32,0x0E,0x41,0x5B,0x09,0x01,0x3B,0xC2,0x95,0x08,0xA1,0x34,0x1D,0x89,
    0x02,0xA2,0x79,0x2B,0x90,0x83,0x4A,0x0A,0x3F,0xAA,0x93,0x00,0x9A,0x40,0x0E,0x88,
    0x80,0x1B,0xD4,0x2A,0xB8,0xB3,0x21,0xAD,0x20,0x9B,0x81,0x6F,0x1B,0x90,0x21,0x1E,
    0x30,0x1C,0x19,0x00,0x59,0x90,0x12,0x9A,0x14,0x2A,0xC2,0x85,0x6A,0x89,0x91,0x92,
    0xB4,0x04,0x9A,0x94,0x11,0xA1,0x31,0x8C,0xE3,0x82,0xB9,0xC4,0x82,0x89,0xBA,0x93,
    0x91,0x3C,0xAF,0x21,0x91,0xF3,0xD1,0x18,0x88,0x4B,0x3C,0xD8,0x11,0x89,0x19,0x18,
    0xE2,0x94,0x89,0x11,0x20,0x8A,0xA4,0x11,0x1D,0xA7,0x19,0xA2,0x82,0x48,0x0C,0x21,
    0x91,0xB2,0x59,0x22,0x23,0x4C,0x0C,0x93,0xB3,0x32,0x4E,0x1A,0xD2,0x82,0x18,0x10,
    0x3E,0xB8,0x4C,0x28,0x09,0x8A,0xA0,0xC9,0xA2,0x9F,0x92,0xC8,0xE4,0x92,0x88,0x19,
    0x09,0xE0,0x02,0x19,0x98,0xC0,0x49,0x1B,0x2A,0x2C,0xE1,0x21,0x99,0x28,0x89,0x80,
    0x31,0x9F,0xA3,0x33,0x1B,0xA3,0xA3,0x70,0xF3,0x20,0xA3,0x40,0x4E,0x09,0x38,0x1A,
    0x91,0x29,0xA7,0x84,0x08,0x29,0x98,0x92,0xC3,0xB5,0xA2,0x02,0x4A,0x99,0x94,0x38,
    0xDA,0x78,0x89,0x94,0xA1,0x81,0xA0,0xD2,0xA2,0xB3,0xA0,0xB7,0x80,0x3C,0x88,0x1C,
    0xBA,0x13,0x4C,0xB8,0xA9,0x4A,0x0D,0x09,0x6A,0xBA,0x38,0x88,0x18,0x99,0xC4,0x20,
    0x8F,0x91,0x82,0x81,0x49,0xA9,0x28,0xF1,0x92,0x10,0x5D,0x2B,0x09,0x00,0x88,0x20,
    0x3F,0x00,0x94,0xB3,0x18,0x10,0xC2,0xA3,0xA4,0xB4,0x62,0x4A,0x4B,0x59,0x8A,0xA0,
    0x31,0x29,0xB2,0x93,0x59,0x4E,0x99,0x38,0xB1,0x01,0xA7,0xA1,0x20,0x29,0x4D,0xA9,
    0x83,0x01,0x81,0x9C,0x95,0x59,0x0A,0x4C,0x99,0x18,0x98,0x81,0x89,0xA0,0x0C,0x8F,
    0x11,0x90,0x20,0x2F,0xE1,0x81,0xB0,0x83,0x2B,0x5B,0xBA,0x82,0x0A,0x93,0xCB,0x00,
    0xB5,0xA5,0xD5,0x29,0x98,0x92,0xD8,0x84,0xA9,0x03,0x89,0x10,0x10,0xF8,0xB4,0x20,
    0x7A,0x1A,0xB1,0x20,0x3C,0x19,0x2B,0x00,0x2E,0x02,0x8D,0x12,0x19,0xBA,0x92,0x04,
    0x7B,0x18,0xAB,0x97,0x18,0x88,0x18,0xD2,0x18,0x52,0x2C,0x80,0x19,0xA0,0x98,0x44,
    0x99,0x33,0x1F,0xA8,0x13,0x8E,0x11,0xD9,0x31,0x0B,0x29,0xC2,0xB4,0x2A,0x20,0x90,
    0x87,0xB1,0x29,0xC6,0x92,0xA0,0x84,0x9A,0x23,0x89,0x21,0xA8,0xA2,0x2F,0x2B,0x60,
    0x99,0xF4,0x01,0x88,0x91,0x18,0x88,0xE0,0x84,0x90,0x10,0x19,0xD8,0x38,0x2A,0x32,
    0x4D,0x1F,0x08,0x88,0xA0,0x20,0x1A,0x1F,0x91,0xA0,0x93,0x1A,0xF0,0xA2,0x59,0x08,
    0xB1,0x18,0x92,0x88,0xA0,0xC6,0x82,0x7B,0x09,0x19,0x00,0xA0,0x0A,0x12,0x1A,0x07,
    0xC8,0x19,0x93,0x0C,0x92,0xA8,0xE2,0x31,0x9B,0x05,0xB0,0xB4,0x98,0xC4,0x13,0x94,
    0xD0,0x22,0xA0,0x01,0x09,0xE4,0x91,0x20,0xAA,0x42,0xD0,0x19,0x29,0x1B,0x07,0x81,
    0x0B,0x32,0xBA,0xA6,0x94,0x3C,0x2A,0x39,0xF0,0x95,0x00,0xA8,0x38,0xC0,0x23,0x2D,
    0x99,0x96,0xB8,0x83,0x29,0x8C,0xD2,0x83,0x2B,0xB0,0x90,0xF4,0x31,0x1B,0x02,0x5B,
    0x1F,0x82,0x8A,0xB2,0x01,0x89,0xB3,0xB0,0x6A,0xC0,0x89,0xF2,0x11,0x2A,0x8A,0x18,
    0x2B,0xB0,0x7A,0xC8,0xA4,0x80,0x81,0xC2,0x19,0xB3,0x88,0x50,0xA1,0x78,0xA9,0x12,
    0x19,0xF8,0x95,0x09,0x81,0x18,0x0A,0x80,0x4C,0x10,0x90,0x4B,0x01,0x0A,0x71,0x8A,
    0x07,0x9A,0x04,0x28,0x0B,0x81,0x0B,0x31,0x7D,0x0A,0xB1,0x11,0x59,0xC0,0x02,0xA8,
    0x93,0x03,0x0D,0x29,0xE1,0x92,0x90,0x95,0x90,0x02,0xC1,0x94,0x04,0x2B,0x18,0xB2,
    0xA5,0x29,0x1C,0x1A,0xD9,0x91,0x85,0x1E,0xE2,0xB3,0x11,0x89,0xA1,0xA3,0xAA,0x12,
    0xA9,0xE8,0x18,0x0C,0x02,0xB0,0xF6,0x82,0x91,0x10,0x09,0x88,0xF8,0xB3,0x02,0x2C,
    0x9A,0x89,0x03,0x5D,0xCA,0x95,0x92,0x18,0x38,0x3A,0xDA,0x23,0x29,0x8A,0x2A,0x5C,
    0x39,0x2A,0x9C,0x87,0x3A,0x1B,0x11,0x90,0xA9,0x10,0xF0,0xA3,0x8D,0x01,0x90,0x85,
    0xF0,0x82,0x00,0x90,0x68,0x1A,0xB8,0x93,0xD3,0x48,0x8C,0x82,0x80,0x12,0xAD,0x94,
    0x81,0x8B,0x72,0x8B,0x19,0xA0,0xA2,0x7B,0x9A,0x59,0x09,0x92,0xA9,0x87,0x49,0x1A,
    0x92,0x90,0x20,0x99,0x31,0xB8,0xAC,0x70,0x29,0x93,0xF9,0x84,0x28,0x8B,0x04,0x98,
    0x09,0x10,0x19,0x10,0x9F,0x68,0x88,0x02,0xB8,0x13,0x6B,0x9A,0x05,0x98,0x89,0x95,
    0xAA,0x22,0xAD,0x18,0x60,0x8B,0x90,0xC4,0x30,0x99,0xA2,0x12,0x98,0x09,0xF1,0x02,
    0xFA,0x30,0x11,0x8B,0xB4,0x96,0x6A,0xA8,0x93,0x08,0xA8,0x6A,0xD0,0x00,0x09,0x89,
    0x02,0x8C,0xC4,0x30,0x3D,0xB8,0x83,0x89,0xC3,0x88,0xD6,0x01,0x98,0x90,0x14,0x9B,
    0x92,0x22,0x2F,0xB2,0x80,0xA1,0x02,0x1F,0xC4,0x00,0x99,0x81,0x14,0x0C,0xA3,0x12,
    0x2E,0x92,0xA1,0x03,0x90,0x1D,0xA7,0x09,0x91,0xA0,0x23,0xC1,0x92,0x12,0x2F,0xB1,
    0x93,0xA1,0x20,0x8F,0xA4,0xA8,0xA2,0x39,0xD1,0x03,0x1D,0x84,0x2C,0xA2,0xA3,0x29,
    0x91,0x8F,0x04,0xC9,0xA1,0x21,0x99,0x6B,0x8A,0xA3,0x21,0xD9,0xA4,0x18,0x02,0x8F,
    0x83,0xE9,0x11,0x00,0x00,0x2D,0xB4,0x20,0x2A,0xF2,0x83,0x01,0x2B,0x09,0xF9,0xB6,
    0x18,0x39,0xA8,0x88,0x21,0x28,0xC9,0x21,0x97,0x1A,0x20,0x1D,0xAA,0xB2,0x10,0x35,
    0x9C,0xA1,0x52,0x0B,0xBB,0x36,0xA8,0x09,0x3B,0xB8,0xA7,0x1C,0x00,0x40,0x0B,0xC0,
    0xC3,0x23,0x0C,0x24,0x11,0xA8,0x92,0x7A,0x08,0x08,0x2B,0x71,0x0B,0x20,0xCA,0x85,
    0x90,0xB3,0x82,0xA9,0xC2,0xCA,0x11,0xFB,0x09,0xB0,0x80,0x10,0xB9,0x32,0xFD,0x96,
    0x90,0xA3,0xA2,0xA1,0x95,0x08,0x5A,0xA0,0x08,0x41,0x89,0x5A,0xC0,0x13,0x91,0x90,
    0x01,0xF2,0x80,0x8A,0x4C,0xA0,0xA1,0xA8,0x21,0x3F,0xD9,0x23,0xC9,0xB3,0x10,0xA8,
    0x10,0xE9,0x50,0x98,0x81,0x11,0xA2,0x49,0xF3,0x78,0x09,0x10,0x2A,0x80,0x5A,0x8B,
    0x79,0x88,0x0A,0x11,0x81,0x1A,0xB1,0x7A,0xA0,0x90,0x10,0xB8,0xA0,0xE8,0x2C,0x91,
    0xD9,0x82,0x3B,0xA9,0xE5,0x18,0xB5,0x08,0xB2,0x01,0x09,0x90,0x8D,0x42,0xB9,0x61,
    0x2A,0x2B,0x04,0x89,0x97,0xA1,0x01,0xA4,0x08,0x81,0xA9,0x13,0x2B,0x7A,0x3A,0xE8,
    0xA6,0x00,0x81,0x90,0x29,0x38,0xCB,0x39,0x8C,0x49,0x3E,0x1B,0x2A,0xB8,0xE2,0x94,
    0x18,0x3C,0x99,0x59,0xBA,0xA3,0x0A,0x08,0x02,0x5E,0x1A,0x18,0x80,0x90,0x25,0x3C,
    0x3C,0x29,0xA1,0x30,0xB9,0x70,0x1A,0x00,0x53,0x2C,0x90,0x01,0x14,0x49,0x0F,0x93,
    0x90,0x49,0x89,0x20,0x2C,0x1B,0x79,0x1A,0xD0,0x82,0x81,0x28,0xAC,0x04,0xA8,0xB8,
    0x00,0x2E,0x98,0x1D,0x91,0xD0,0x11,0x0C,0x84,0x3D,0x8A,0x92,0x19,0xB8,0x4A,0xB8,
    0x48,0x1A,0xF3,0x82,0x18,0x80,0x71,0x4B,0x99,0x01,0xC1,0x82,0x19,0x00,0x7A,0x2B,
    0x91,0x85,0xA8,0x86,0x40,0x2D,0x00,0x19,0xC1,0x82,0xA2,0x28,0x3A,0xC9,0x15,0x1B,
    0x80,0x19,0x4A,0x09,0x0C,0x09,0xE9,0xE4,0x00,0x1B,0x19,0x0E,0xB2,0x90,0xA0,0x19,
    0x6A,0x89,0x1C,0x90,0xC8,0xA4,0xB0,0x12,0x8B,0x80,0x94,0xA1,0x33,0x0F,0x50,0x0A,
    0x28,0xC0,0x96,0x08,0xA0,0x04,0x4A,0x3B,0x29,0x30,0xC2,0x20,0x52,0x91,0x12,0xC1,
    0x86,0x5B,0xB1,0x02,0x91,0x5B,0x5A,0xD2,0x82,0x08,0x7B,0x18,0x2B,0x98,0x20,0x2A,
    0xF8,0x00,0xB1,0x29,0x08,0xB6,0x82,0x8A,0x61,0x4B,0x1C,0xA8,0xA4,0x88,0x80,0x98,
    0xC1,0x89,0xC3,0xA6,0x2A,0x2C,0x5B,0x1A,0x89,0xA0,0x48,0xAB,0x08,0xF2,0x81,0x89,
    0xB3,0x12,0x0E,0x81,0x4C,0x88,0xF3,0x82,0x88,0x01,0x1A,0xA8,0xB1,0xB1,0x86,0x95,
    0x0A,0x41,0x5D,0x19,0x09,0xC4,0x01,0x90,0xA3,0x21,0x9A,0xF2,0x22,0x20,0x99,0x49,
    0xA1,0x05,0x88,0x92,0x38,0x8B,0x05,0x5C,0x2C,0x99,0xA3,0x04,0x1D,0x39,0x1B,0xB4,
    0xA2,0x79,0x8A,0xC2,0x81,0xB2,0xA8,0xA0,0xA7,0x20,0x88,0x89,0x28,0xB8,0xB7,0x94,
    0x1B,0x18,0x2D,0x90,0xAA,0x3D,0x80,0x4D,0xA0,0x4A,0xAA,0x84,0xA2,0xC8,0x32,0xF9,
    0x01,0x88,0xB8,0xC1,0x94,0x01,0xF2,0x28,0x2A,0x88,0xC1,0x20,0x99,0x20,0x9B,0xD7,
    0x00,0x2B,0x01,0xA8,0xA7,0x28,0x0A,0x82,0xD2,0x01,0x08,0x80,0xA7,0x01,0x1A,0x20,
    0x7A,0xA9,0x84,0x19,0xC8,0x42,0x0A,0x09,0x06,0x3C,0x09,0x18,0x1A,0xB0,0x70,0xB9,
    0xA6,0x28,0x89,0x49,0x8C,0x11,0x12,0x8B,0x19,0x06,0x1A,0x3D,0x08,0x91,0xD4,0x28,
    0xA2,0xA8,0x42,0xB8,0x97,0x98,0x01,0x21,0x0F,0x91,0x30,0x1B,0xE2,0x38,0x99,0x2A,
    0x40,0xA0,0xB2,0x10,0x32,0xFB,0x08,0xF0,0x02,0xAA,0xA4,0x2A,0xAA,0x04,0x59,0xD9,
    0x28,0xA0,0xE3,0x10,0x9A,0xB7,0x00,0x08,0x08,0x9B,0x04,0x80,0x82,0x8B,0x51,0xD2,
    0x2D,0x20,0x1D,0x88,0x18,0x80,0xC9,0x68,0x90,0xA3,0x4C,0x88,0x48,0x8C,0x92,0x58,
    0x99,0x98,0x21,0xD8,0x28,0x02,0x49,0x99,0x00,0x07,0x8C,0xA1,0xC6,0x93,0x08,0x29,
    0x88,0x98,0x05,0x4A,0xB8,0x82,0x38,0xF2,0x20,0x99,0x13,0x3A,0x8F,0x83,0x9A,0x60,
    0x08,0x90,0x81,0x69,0xB0,0x88,0x7A,0x0A,0x08,0x98,0xD3,0x19,0x08,0x80,0xC2,0x4A,
    0x8A,0x83,0x2F,0x88,0x89,0xB6,0xA1,0x08,0xE2,0x18,0xA3,0x82,0x19,0xC1,0x06,0xAA,
    0xA0,0xA7,0x11,0xA9,0x48,0x99,0xB1,0x32,0x3C,0xA0,0x98,0x04,0xC9,0xA4,0xC2,0x33,
    0x6B,0x8E,0x01,0xA8,0x40,0x09,0x91,0x18,0x5A,0x09,0x9B,0x5C,0x90,0x21,0x0F,0x81,
    0x0A,0x80,0x01,0xA3,0x1C,0x11,0x58,0x0C,0xE3,0x21,0x10,0x9B,0x08,0x93,0x1D,0x87,
    0x81,0x28,0x09,0x92,0xE7,0xA1,0x21,0x09,0xF3,0x81,0x80,0x80,0x80,0x28,0xC3,0x2B,
    0x81,0xF4,0x11,0x2B,0x39,0x2A,0xAB,0x31,0x8A,0x7A,0x40,0x09,0x2A,0x10,0x19,0x5F,
    0x9B,0x11,0xA3,0x3F,0x98,0x90,0x10,0x08,0x69,0xA9,0x30,0x88,0x2D,0xD1,0x20,0x18,
    0xA9,0x3C,0xE3,0x80,0x03,0xB3,0x92,0x2A,0x11,0xFB,0xC8,0x93,0x21,0xFB,0x82,0x1A,
    0xC0,0x40,0x1A,0xF3,0x39,0xC1,0xA2,0x10,0x1E,0x01,0xC3,0x99,0x21,0x8C,0x21,0x81,
    0x78,0x9A,0x01,0x93,0x0F,0x28,0x2B,0xA1,0x48,0x8D,0x11,0x0B,0x11,0x40,0x8E,0x11,
    0x18,0x1F,0xC1,0x10,0x38,0x1D,0x1A,0xA0,0x00,0x21,0x00,0xD3,0x01,0x08,0xF0,0xD1,
    0x93,0x01,0x09,0xA0,0x83,0x09,0x29,0x94,0xB7,0x21,0x02,0xF1,0x81,0x88,0x93,0xA7,
    0xB0,0x04,0x1A,0x39,0x12,0x28,0x2A,0x97,0xA2,0x2E,0x5B,0x1A,0x98,0x11,0x2F,0x88,
    0x09,0x01,0x28,0x1C,0x30,0xA0,0x3F,0x1C,0x08,0x82,0x9B,0x7A,0x99,0xC2,0x43,0x0A,
    0x91,0xA2,0x83,0x8B,0x1E,0xC3,0x94,0x4A,0xA8,0x90,0xE1,0x11,0x20,0x0C,0x81,0xB4,
    0xA9,0xF4,0xA3,0x38,0xB8,0x08,0xC2,0x2A,0x4B,0x92,0x20,0x2A,0x59,0x8B,0x8F,0x30,
    0x1C,0xB0,0x85,0x8A,0x39,0xCA,0x87,0x18,0x2A,0x10,0x99,0x8A,0x7D,0x8A,0x94,0xB1,
    0x11,0x2A,0xD8,0x14,0x88,0xA3,0xA2,0xA5,0xF0,0x11,0x08,0x08,0x28,0xC1,0x88,0xB1,
    0x51,0x4C,0x8A,0xA2,0x22,0x1E,0x3C,0xB1,0x20,0x4B,0x2D,0xA8,0x82,0x5C,0x88,0x82,
    0x80,0x18,0x29,0x0F,0x00,0xA8,0x20,0x10,0xE8,0xB3,0x93,0x30,0x89,0x10,0xF3,0x94,
    0x0C,0x81,0xE0,0x02,0x18,0xC8,0x83,0xB2,0x59,0x19,0x93,0x1B,0x0B,0xF5,0x10,0x4A,
    0x0B,0x08,0xA0,0x11,0x0D,0x2C,0x11,0xB0,0x12,0x1C,0xF5,0x92,0xD0,0x00,0xC5,0x28,
    0x1B,0x86,0x98,0x20,0x30,0x1C,0x4E,0x9B,0x08,0x82,0x23,0x20,0x02,0x1D,0xB5,0x3E,
    0xA9,0xA0,0x82,0xA0,0xB9,0x1C,0x99,0x17,0x84,0x1A,0x40,0x3B,0x1A,0x19,0x21,0xC4,
    0xA0,0x05,0xBA,0x40,0x4B,0x0B,0xF1,0x20,0x80,0x18,0x12,0x1D,0x1D,0x19,0xA8,0x97,
    0x19,0x92,0x99,0x8A,0xA4,0x89,0x08,0x37,0x18,0x2A,0xC8,0x1F,0x09,0x2A,0x68,0x91,
    0x10,0xA8,0x8F,0x80,0x02,0x09,0xA4,0x01,0x18,0x9C,0xC8,0xA9,0xB4,0x03,0x19,0x21,
    0x3A,0xC2,0x5A,0x8A,0x72,0x22,0x01,0xFB,0xB1,0xB0,0x10,0x02,0xC9,0x87,0x38,0x90,
    0xA1,0x9C,0x39,0x4A,0xC4,0x05,0x1A,0x18,0xC0,0xB8,0x49,0x84,0x01,0x11,0x9B,0xD9,
    0xA3,0xBB,0x82,0x3F,0x20,0x29,0xAD,0xA1,0x17,0x3A,0x80,0x38,0x1F,0x92,0x19,0x9A,
    0x88,0xA1,0xC7,0x20,0x19,0x3E,0x99,0x10,0x1B,0x21,0xC2,0x02,0xB8,0x43,0x99,0xA8,
    0x84,0xBC,0x05,0x19,0x8B,0x4F,0x80,0x38,0x0C,0x19,0x99,0x10,0xC2,0xB7,0x39,0x81,
    0x12,0xB2,0x3A,0x82,0x80,0x71,0x0E,0xC1,0xF2,0x08,0x82,0x08,0x18,0x08,0x1B,0x20,
    0x7A,0xA8,0x20,0x29,0x88,0xD9,0xB7,0x10,0xB4,0x99,0x84,0x38,0x2B,0xF4,0x08,0x90,
    0xC0,0x02,0x93,0x3B,0x41,0x8E,0x02,0x1B,0x82,0xB2,0x79,0x98,0xC2,0x29,0x80,0x89,
    0x30,0x6C,0x8B,0x3B,0xC2,0x81,0x04,0xD6,0x00,0x90,0x00,0x00,0xA3,0x20,0x6B,0x2B,
    0x0B,0x1B,0xB3,0x4C,0x0E,0xA1,0x21,0xC9,0x91,0xA4,0xC2,0x97,0x00,0x0A,0x20,0x1C,
    0x98,0x98,0x05,0x2A,0x9A,0x0D,0xC3,0x05,0x88,0xA8,0x60,0x09,0x01,0xF8,0x01,0xA0,
    0x28,0xA3,0xA3,0x39,0xB9,0x28,0x4F,0x4B,0x80,0xA9,0x11,0x69,0x2A,0xF2,0x28,0x99,
    0x80,0x20,0x8B,0x48,0x28,0x19,0x2C,0x01,0x19,0x1D,0xCA,0x91,0x13,0x2E,0x98,0x5C,
    0xA0,0x07,0x1C,0x90,0xA1,0x48,0x1C,0x81,0x91,0x1A,0x00,0x7A,0x99,0x80,0x11,0x1C,
    0x08,0xC1,0xC1,0x14,0x69,0xAB,0xA2,0x12,0x1E,0x11,0x1A,0xB8,0x20,0x30,0xD7,0xA0,
    0x12,0xB8,0xC0,0x13,0xB0,0x80,0xB5,0x40,0xA8,0x21,0xA1,0x95,0x6A,0xB8,0x0A,0x3A,
    0xA4,0x99,0xD5,0x84,0x19,0x5A,0x8B,0x12,0x19,0x29,0x95,0x0D,0xB2,0xA6,0x18,0x1B,
    0xD3,0x93,0x08,0xB0,0x29,0x87,0x49,0x9D,0x03,0x1C,0x20,0x88,0xA9,0x21,0x3B,0x51,
    0x8F,0x80,0x58,0x0A,0x01,0xD0,0x02,0x18,0x2C,0x81,0x09,0x19,0xA9,0x31,0xF8,0x10,
    0xF3,0x84,0x19,0x1A,0xA2,0x81,0x20,0x98,0xD7,0x19,0xA1,0x18,0x3A,0x10,0x0F,0x18,
    0x2D,0x2A,0x91,0x2F,0x39,0x19,0x1B,0x29,0x2C,0xA1,0x96,0x19,0x80,0x2B,0x19,0xE1,
    0x95,0xA1,0x19,0x6A,0xB8,0xA5,0x29,0x81,0x80,0x31,0x79,0x9B,0xB2,0x00,0xD4,0x01,
    0x92,0x7A,0x09,0x88,0x89,0x90,0x40,0x8A,0x4C,0x5B,0x18,0x1C,0x98,0x80,0x20,0x3C,
    0x2F,0x98,0x10,0x00,0x2D,0x18,0x08,0xA8,0x52,0x0C,0xB9,0xB4,0xD3,0x21,0xC8,0x11,
    0xE2,0x21,0x88,0xB2,0x28,0xA5,0x21,0x1E,0xB8,0x95,0xD3,0x10,0xB0,0xC4,0x00,0x19,
    0x08,0xA3,0x80,0xA6,0x18,0x18,0xF1,0x91,0x81,0x19,0xB1,0xA3,0x3E,0x10,0x0B,0x06,
    0x98,0xB3,0x31,0x2E,0xEA,0x81,0x21,0x0A,0x09,0xD5,0x08,0x81,0x92,0x72,0x1C,0x00,
    0x08,0x0A,0x88,0x09,0x92,0x10,0xA2,0x00,0x0F,0x83,0xB5,0x13,0x9C,0xA7,0x20,0xB9,
    0x29,0xA1,0xD3,0x93,0xB8,0x23,0x4B,0x88,0x85,0x7B,0x8A,0x90,0x20,0xBB,0x2B,0x20,
    0x1F,0x00,0xF3,0x40,0x1D,0x00,0x00,0x49,0x2D,0x80,0x80,0xB1,0xD5,0x81,0x10,0xA8,
    0xA3,0x21,0x1F,0x08,0xA1,0x48,0x9A,0x10,0xB0,0xD3,0x90,0xA0,0x0A,0xC6,0xB3,0x71,
    0x9B,0x94,0x80,0x10,0xB2,0x99,0x97,0x98,0x90,0xB3,0x3D,0x12,0xE9,0x83,0x89,0x11,
    0xA5,0x3A,0x80,0x6D,0x09,0x80,0x80,0xA8,0x01,0xB6,0xA1,0x02,0xC9,0x94,0x02,0x8B,
    0x92,0xE1,0x83,0xF2,0xB1,0x20,0xD8,0x85,0x90,0x29,0x2B,0x4A,0xB1,0x21,0x1D,0x08,
    0xD3,0xA0,0xC3,0xA0,0x09,0x97,0x90,0x5A,0x1B,0xC1,0x82,0x31,0x1C,0x08,0xA4,0x91,
    0xD3,0x98,0xA4,0x82,0x94,0x4A,0x1E,0x98,0x94,0x90,0xA8,0x87,0x09,0x81,0x88,0x88,
    0xA9,0x04,0x02,0x2F,0x18,0x0A,0x00,0x73,0x9C,0xA3,0x92,0x11,0x89,0x1F,0x10,0x8A,
    0x11,0x1C,0xD2,0x91,0x84,0x93,0xE1,0x02,0x88,0x22,0x1D,0xB9,0x02,0x3A,0x6C,0x1C,
    0xA0,0x91,0x21,0x08,0x3A,0xF3,0xA1,0x13,0x9B,0xD3,0x02,0x3C,0x32,0x9F,0x12,0x2B,
    0x59,0x2A,0x01,0x0C,0x14,0xC9,0xC0,0x93,0x08,0x5B,0x2B,0x9A,0x92,0x1A,0x7D,0x19,
    0x19,0xB2,0x69,0x09,0xA0,0xA9,0x21,0x0A,0xA7,0xA8,0x38,0xEA,0x51,0x89,0x39,0x2C,
    0x89,0x79,0x89,0x88,0x3A,0x8C,0x62,0x9B,0xA3,0x10,0x58,0x4B,0x0A,0x13,0x2E,0x00,
    0xB1,0x29,0x99,0x99,0xA7,0xC3,0x10,0x10,0xCA,0x42,0xA9,0x81,0x20,0x28,0x9E,0x91,
    0x82,0x69,0x1A,0xB9,0xA7,0x9A,0x50,0x4D,0xD0,0x03,0x89,0x81,0x08,0xA9,0x68,0xA9,
    0x5B,0x98,0x00,0x18,0x19,0x2C,0x29,0x3A,0x0B,0x13,0xAC,0x91,0x01,0x3A,0xCD,0xA7,
    0x03,0x18,0x8A,0x7B,0x80,0x1C,0x82,0x02,0x3E,0x2A,0x4B,0xC2,0xB2,0x38,0xE0,0x00,
    0x02,0x18,0x59,0x0E,0x80,0x92,0x88,0x84,0x4B,0x3B,0x89,0x31,0x9F,0x02,0x2A,0xC1,
    0x22,0x99,0x3B,0x21,0xF2,0x39,0x3E,0x09,0x13,0x1F,0x81,0x08,0x9A,0x12,0xA9,0x51,
    0xA8,0x02,0x1E,0xB2,0x6A,0x1C,0x38,0x99,0xA5,0x18,0xB8,0x84,0x1B,0xE2,0x02,0x90,
    0xB2,0x80,0xF2,0x28,0xA0,0x23,0x3E,0x49,0x91,0x1B,0x01,0x80,0x2F,0x0A,0x10,0xA9,
    0xA7,0xB8,0x82,0xD8,0x20,0xC1,0x50,0x5A,0x89,0x19,0x91,0x2A,0x8B,0x58,0x2D,0x5B,
    0x88,0xA1,0xD0,0x93,0x6A,0xA0,0x91,0x13,0xF2,0x29,0x00,0xE1,0x91,0x81,0x59,0x89,
    0x01,0x09,0xC8,0x82,0x3A,0xA3,0xA3,0x79,0x09,0x4F,0xA0,0x08,0x1A,0x18,0x30,0x2D,
    0xB4,0x10,0xAA,0x78,0x1A,0xA8,0x04,0x00,0x8D,0x02,0x1A,0x8B,0xB2,0xB8,0x17,0x2B,
    0x99,0x7A,0x8C,0x81,0x2B,0x51,0x0B,0x18,0xB9,0x86,0x19,0x8C,0xB3,0x10,0xC2,0x52,
    0xBB,0x96,0x0A,0x59,0x2A,0xA9,0x63,0x9A,0xA1,0x04,0x2A,0xAA,0x02,0x4E,0x10,0x0B,
    0x00,0x90,0xB9,0x38,0xA2,0x17,0xF2,0x01,0xB1,0x30,0xF9,0xA2,0x31,0x1E,0x10,0x88,
    0xA9,0xB4,0x00,0x51,0xD9,0x84,0x88,0x92,0x1B,0x05,0x2C,0x18,0x99,0x28,0x49,0x8A,
    0xD0,0x41,0x49,0x8B,0x32,0x29,0xAF,0x95,0x00,0x2A,0x08,0xA8,0xA6,0x10,0xE1,0x28,
    0x09,0x08,0x20,0xC5,0x88,0x99,0x86,0x89,0x5A,0x2B,0xA9,0xA5,0x10,0x49,0x0D,0x80,
    0x98,0x11,0x1A,0x59,0xD8,0x38,0x29,0x1A,0x8C,0x85,0x88,0xC4,0x01,0x1A,0x0A,0xA2,
    0xB7,0x38,0x10,0xCA,0x03,0x08,0x9A,0x4E,0xA8,0x86,0x3B,0x89,0xA3,0xF1,0x93,0x28,
    0x1A,0xB2,0x95,0x6A,0x09,0x1C,0x80,0x83,0x3E,0x2B,0x08,0x19,0x0A,0x7B,0x9B,0x95,
    0xA2,0x10,0x19,0xE3,0x90,0xA3,0x7B,0x89,0x11,0x0B,0x80,0x21,0x8F,0xC2,0x92,0xB4,
    0x90,0x11,0xA0,0xB4,0x81,0x88,0x7A,0x89,0x28,0xB9,0xB7,0xA3,0x08,0xA9,0x86,0x80,
    0x81,0x5B,0xB1,0x1A,0xA4,0xE6,0x01,0x88,0x91,0x39,0x02,0x1F,0x98,0x20,0x1C,0x82,
    0x81,0x1D,0xA2,0x82,0xA8,0x00,0x60,0x3F,0x89,0x93,0x08,0x09,0x8B,0x48,0xC8,0x15,
    0x1A,0xA0,0x00,0x1A,0x1E,0xA1,0xC5,0x20,0x99,0xA3,0xD3,0x83,0xF0,0x12,0x09,0x93,
    0xE1,0x95,0xA1,0x80,0x00,0x5C,0x89,0x91,0xB2,0x22,0xBB,0xC6,0x81,0x19,0x01,0xA1,
    0x38,0x0B,0xD6,0xB0,0x04,0xA8,0x81,0x80,0xF2,0x84,0x88,0xA8,0xD4,0x82,0x11,0x88,
    0x3B,0x48,0x9B,0xA9,0xA7,0x80,0x39,0x00,0xE1,0xA3,0x82,0x0F,0x80,0x82,0xA3,0xB2,
    0x50,0xC0,0xB3,0x01,0xB0,0x04,0x5D,0x09,0x90,0x97,0x2A,0x2C,0x99,0x11,0x10,0xB8,
    0xA4,0xA4,0x2B,0x1A,0xE3,0x02,0x4D,0x2A,0xA0,0xB2,0xC2,0x3B,0x3C,0x80,0x21,0x2D,
    0x18,0xB8,0x2D,0x3A,0xB9,0x84,0x3A,0x96,0x3B,0xA0,0x4C,0x4E,0x2D,0x80,0x01,0x2C,
    0x08,0xB2,0x08,0x29,0x4E,0xC0,0xA3,0xA4,0x00,0x3A,0x0B,0x98,0x08,0x33,0x41,0x3F,
    0x08,0x8A,0xC8,0x43,0x2D,0xAA,0x86,0x98,0xA4,0x91,0xA1,0x29,0x2C,0x83,0xE4,0x82,
    0x80,0x80,0x0A,0x8A,0xA6,0x28,0x5A,0x9A,0xC7,0x81,0x18,0x99,0x20,0xA2,0xB3,0x94,
    0x20,0xBC,0x83,0x92,0xA2,0x1A,0x44,0x3C,0xF2,0xB1,0x00,0xAA,0x23,0xB4,0xF3,0x41,
    0x1A,0x8A,0x90,0x58,0x9B,0x32,0x1A,0x01,0xF0,0x00,0xA8,0xBA,0x07,0x81,0x38,0x3C,
    0xE0,0xA1,0x29,0x88,0xF2,0xB4,0x23,0x2D,0x2B,0xF3,0x80,0x18,0x5B,0x08,0x98,0x21,
    0x8A,0xD3,0x19,0x48,0x1B,0x08,0x95,0x10,0x2C,0x88,0xC8,0x82,0x33,0xD2,0x30,0x3A,
    0x19,0xAF,0x11,0x7A,0x8B,0xA3,0xB3,0x84,0x2A,0x8C,0xD1,0x18,0x41,0xE9,0x03,0x90,
    0xA1,0x08,0x3B,0x81,0x3F,0x98,0xB3,0xA1,0x6E,0x9A,0x91,0x19,0x83,0x88,0x7A,0x09,
    0x99,0x98,0x92,0x30,0x3F,0x8A,0x04,0x1B,0x00,0xE9,0xA2,0x18,0x84,0xB1,0x94,0xA7,
    0x08,0x89,0x6A,0x89,0x28,0x28,0x80,0xC9,0x94,0xB0,0x19,0x01,0x81,0x26,0x8A,0x08,
    0xD1,0xE0,0x04,0x19,0x4F,0x19,0x88,0x20,0x1A,0x1F,0x19,0x80,0x10,0x98,0x96,0x29,
    0x99,0xC0,0x96,0x88,0x10,0x00,0x08,0x1A,0x91,0x2A,0x2F,0x08,0x58,0x39,0x9A,0xB2,
    0x3A,0xDC,0x06,0x1A,0x3C,0x80,0xC3,0x82,0xF3,0x80,0x09,0x81,0x92,0x12,0x28,0x1D,
    0xBA,0x53,0x1E,0x98,0xB4,0x82,0xF2,0x81,0xE3,0x18,0x98,0xB2,0x03,0x81,0x09,0x89,
    0xC4,0x88,0x85,0x0B,0x39,0x48,0x98,0x09,0xD1,0x90,0x69,0x09,0x30,0x30,0x0B,0xE2,
    0xD3,0x02,0x80,0xA0,0x05,0x10,0xD9,0x51,0x0D,0x08,0x88,0x13,0x0A,0x94,0xA0,0x7B,
    0x8B,0x21,0x88,0xF0,0x12,0x19,0x08,0x08,0xF9,0x90,0x48,0x1B,0xA4,0x80,0x18,0x2F,
    0x99,0xA1,0xA3,0x5B,0x89,0x18,0xF0,0xA4,0x08,0x89,0x81,0xC5,0x02,0x19,0xE2,0x12,
    0x0C,0xA1,0x94,0x9A,0x84,0x21,0x3D,0xC0,0x18,0x98,0xB3,0x41,0x00,0x39,0xAC,0x97,
    0x2A,0x09,0xB4,0x00,0x20,0x91,0x9A,0x95,0x2C,0xB0,0x03,0x86,0x29,0x3E,0x09,0xF4,
    0x10,0x09,0x91,0x19,0x82,0x90,0x7B,0x9A,0x81,0x4C,0x89,0x20,0x11,0x09,0x1E,0xA2,
    0x99,0x61,0x99,0x48,0x3C,0xB8,0x21,0x9B,0x80,0xA8,0x04,0x05,0xF3,0x30,0x2D,0xA8,
    0x81,0x20,0x08,0x4F,0x09,0x91,0x11,0x0C,0x8A,0x98,0xC7,0xA4,0x82,0xA9,0x02,0x89,
    0xC8,0x72,0x0B,0x80,0x10,0x99,0x91,0x1C,0x30,0x0F,0xA3,0x93,0x98,0x81,0xE3,0xA2,
    0xB2,0x25,0xBB,0x94,0x13,0x2E,0x81,0x9B,0x02,0x2F,0xA3,0x84,0xB0,0x02,0xB1,0x20,
    0x2F,0x11,0x9B,0x81,0x25,0x1F,0x08,0x98,0xA2,0x4C,0x18,0xB3,0x80,0xA9,0xA7,0x99,
    0x82,0xB4,0x3B,0x89,0xC7,0x11,0x0A,0x0B,0xE1,0x02,0x4A,0x18,0x2D,0x89,0x88,0xE3,
    0x01,0xB2,0x08,0x30,0xF2,0x91,0x91,0x4B,0xD9,0x84,0x11,0x2C,0x29,0x3A,0x0C,0x00,
    0x01,0xD2,0xA2,0x6A,0xB2,0xA4,0x88,0x29,0x8B,0x94,0x85,0x08,0xA2,0x7B,0x0A,0x39,
    0x4B,0x9C,0x12,0x81,0xA0,0x23,0xFA,0x98,0x7A,0x98,0xA3,0x00,0xB3,0xB2,0xA1,0xA1,
    0xB7,0x29,0x30,0x0B,0x20,0x80,0xAF,0xC4,0x60,0x1A,0x09,0x88,0x81,0xA5,0x29,0x2A,
    0xF1,0x20,0x1D,0x92,0x92,0xA8,0x13,0xCC,0x86,0xD3,0x01,0x08,0x88,0x91,0x80,0x3E,
    0x08,0xB0,0x7A,0x0A,0xB3,0xB1,0x39,0xA4,0x1F,0x92,0x39,0x0A,0x89,0xE3,0x1A,0x22,
    0x2F,0x88,0xB3,0x79,0xA9,0xA4,0x19,0x3A,0x01,0x98,0x49,0x40,0x0E,0x29,0x29,0xC8,
    0x61,0x09,0x09,0x10,0xA9,0xA4,0x18,0x00,0xB4,0x80,0x23,0x3C,0x3E,0xC0,0x00,0x08,
    0x29,0x79,0x8D,0x20,0x2B,0x8A,0xA6,0xA0,0x20,0xD0,0x00,0x91,0x82,0x0B,0xA8,0x43,
    0xFA,0x5C,0x1A,0x88,0x02,0x0A,0x19,0x10,0x0F,0xB3,0x85,0x0C,0x91,0x31,0xD0,0x09,
    0x00,0xB3,0x22,0x3B,0xB9,0x03,0x1B,0xF3,0x72,0x1C,0x90,0x21,0x38,0x2F,0xAB,0x83,
    0x20,0x6B,0x1A,0xB5,0xB8,0x96,0x00,0xA0,0x38,0x09,0xC7,0x08,0x28,0x99,0x10,0x82,
    0x1E,0x21,0x9C,0x84,0x99,0x95,0x4C,0x09,0x82,0x0D,0x80,0x91,0x11,0x8A,0x92,0x12,
    0xEB,0x04,0x88,0x08,0xA1,0x32,0x89,0xF7,0xC2,0x03,0x3B,0x88,0x10,0x98,0xC4,0xB2,
    0x01,0x3A,0xC0,0x17,0x8C,0xD3,0x81,0x4B,0x98,0x11,0x1A,0x2A,0x4A,0xD0,0x81,0x89,
    0x94,0x5A,0xE1,0x91,0xF2,0x39,0x92,0x10,0x9A,0x04,0x1F,0x01,0x9B,0x13,0x9A,0x59,
    0x00,0x8D,0x92,0x0A,0x41,0x3B,0xB1,0x91,0x93,0x1B,0x39,0x87,0x90,0xB5,0x06,0x09,
    0xB1,0x6A,0x18,0x19,0x01,0x98,0xA1,0x31,0x4D,0x0B,0x9A,0xA5,0x39,0x8F,0x98,0x91,
    0x1A,0x49,0x89,0x8E,0x81,0xA2,0x6B,0x0B,0x01,0xA1,0x78,0x99,0xB3,0x28,0x79,0x49,
    0x09,0x08,0x20,0x98,0x22,0x1E,0x92,0x38,0x2B,0xD0,0x4A,0x09,0xBA,0x15,0x1B,0x1B,
    0x0F,0x08,0xD2,0x1A,0xA1,0xC2,0x19,0xC1,0xD1,0x31,0x2E,0x91,0xA4,0x3A,0x99,0x84,
    0x5A,0xA0,0x91,0x93,0xA7,0x02,0x0A,0x91,0x51,0x0A,0x84,0x4A,0x8A,0x03,0x1A,0x4D,
    0x8A,0xA1,0x01,0x1C,0x99,0x0C,0x9A,0x82,0x4F,0x3B,0x8E,0x81,0x1B,0xB9,0x80,0xB2,
    0x10,0x1C,0xA0,0x89,0x7B,0x20,0x88,0x80,0x7A,0x48,0x0A,0x60,0x2A,0x94,0x6A,0x89,
    0x11,0x3A,0x89,0x63,0x99,0x83,0x8A,0x84,0x01,0x2C,0x29,0x80,0x20,0x2F,0xB8,0x91,
    0x1E,0x02,0xA1,0x3F,0xC9,0x81,0x2A,0xBB,0xB1,0xD6,0x18,0x1A,0xA0,0xA0,0x18,0xA8,
    0xB7,0x48,0xC9,0x38,0x19,0x19,0x4E,0x09,0x11,0x1B,0x19,0xB5,0x2A,0x16,0x49,0x4B,
    0xA9,0x04,0xA2,0x92,0xA4,0xA5,0x58,0x09,0x91,0x21,0x1F,0x01,0x18,0x2B,0x88,0xB9,
    0xA7,0xA1,0x88,0xB2,0x49,0x8B,0xB1,0x2C,0xF0,0xA2,0xB3,0x88,0xA0,0x8B,0xB6,0x98,
    0xB2,0xD3,0x5A,0xD8,0xA5,0x08,0x09,0x18,0x81,0x19,0x40,0x9D,0x32,0x2A,0x9A,0xB7,
    0x31,0x98,0x93,0x79,0x0B,0x79,0x18,0x3B,0x90,0xB2,0x86,0x80,0x91,0xA3,0x5A,0x80,
    0x02,0x1B,0x01,0x5B,0xB2,0x81,0x18,0xF1,0xD3,0x82,0x2A,0xB9,0x3A,0xF1,0x10,0x8D,
    0x90,0x3C,0xD0,0x91,0xA1,0x2B,0x2F,0xA8,0xC5,0x81,0x89,0xA1,0x11,0x9A,0x58,0x1E,
    0x91,0x29,0x89,0xA0,0x28,0xC0,0xB4,0x11,0x2C,0x01,0x39,0x4A,0x5D,0x0A,0xB5,0x81,
    0x82,0x02,0x7B,0x29,0x28,0xA8,0x97,0x38,0x00,0xB0,0x93,0x0A,0xA6,0x23,0xBA,0x87,
    0x80,0x38,0x09,0xE3,0xA2,0x40,0x00,0x2A,0x3C,0x2F,0x80,0xB2,0x00,0x1A,0xF2,0x28,
    0xE1,0x00,0x89,0x10,0x10,0x8C,0x0A,0x92,0x4A,0x8C,0xE5,0x81,0x08,0x08,0x0B,0x80,
    0x1A,0x4D,0xB9,0xB2,0x50,0x0F,0x82,0x1B,0x91,0x18,0x98,0xB2,0x84,0x00,0x0A,0x79,
    0x20,0xBB,0x87,0xA1,0x08,0x79,0x99,0xA4,0x0A,0x02,0xA8,0x5B,0x12,0x4B,0x1C,0x00,
    0x2B,0xB7,0x80,0x22,0x0A,0x20,0x01,0xA9,0x97,0x31,0x03,0x2F,0x19,0xA2,0x98,0x30,
    0x1D,0xA3,0x3A,0x4F,0xB1,0x00,0x28,0xA1,0xA2,0x1B,0x78,0x19,0xCA,0x05,0x2C,0x88,
    0xB1,0x91,0x02,0x5F,0x1A,0x88,0x1B,0xA1,0x82,0x8A,0x3F,0x2C,0xA8,0x61,0x1B,0xA9,
    0x20,0x59,0x0D,0x18,0x99,0x12,0xD9,0x98,0x82,0x3C,0x0D,0x92,0x88,0x50,0xA9,0x30,
    0x8C,0x80,0x50,0xAC,0x12,0x00,0xC1,0x22,0xBC,0x05,0xB8,0x83,0xC8,0x31,0x3E,0x0C,
    0x2A,0xA9,0xA7,0x01,0xA0,0x30,0x4A,0xB8,0x16,0x1B,0x19,0x50,0xC0,0x02,0x2A,0x48,
    0xF5,0x81,0x11,0x1D,0x28,0x09,0x19,0x90,0x00,0x2A,0xF3,0x10,0x82,0x1A,0x80,0xA4,
    0x10,0x08,0x5C,0x08,0x1B,0x1A,0xC1,0x03,0x4B,0x33,0x0F,0x19,0x91,0x97,0xC0,0x12,
    0x08,0xB0,0x80,0x39,0x5A,0x81,0xD2,0x92,0x28,0x6F,0xA9,0x10,0x98,0x18,0x1B,0xD8,
    0x82,0x03,0x9A,0xA3,0x00,0x93,0x7B,0x4C,0x9A,0x01,0x98,0xC8,0x2B,0x48,0xF2,0x29,
    0xBA,0x51,0xAB,0xA0,0xC4,0x2B,0xB8,0xA3,0x0D,0x81,0x68,0x49,0x1D,0x09,0x81,0x04,
    0x0A,0xB1,0x94,0x90,0xC2,0x81,0x6C,0xC0,0x93,0x90,0x00,0x03,0xB9,0x52,0x0A,0x0B,
    0xA6,0x39,0x6D,0x28,0x1A,0x20,0xAA,0x14,0xB2,0x3A,0x39,0xAB,0x07,0xAB,0x28,0x87,
    0xC0,0x14,0xB9,0x85,0x00,0x19,0x80,0x1B,0x3B,0xB3,0x3F,0x3A,0xF1,0x83,0xC2,0x5B,
    0x8A,0xA2,0x98,0x81,0xB9,0x84,0x2E,0x0B,0x15,0x1D,0xA2,0xC4,0x00,0x11,0x8A,0x10,
    0xBA,0x13,0xEB,0xB2,0x71,0x0B,0x08,0xD3,0x2A,0x80,0xA0,0x80,0xF2,0x10,0xA2,0x3A,
    0x2D,0xB3,0x78,0x2A,0x1C,0x82,0x08,0x28,0x99,0x1C,0xC5,0xB1,0xA0,0x96,0x18,0x90,
    0xB2,0x3A,0x30,0x0D,0x90,0xB2,0x79,0x3A,0x0E,0x21,0xA8,0x11,0x11,0x9D,0x40,0x10,
    0x9B,0x82,0x4F,0x98,0x90,0x28,0xA3,0x40,0x7A,0xC0,0x82,0x10,0x90,0x40,0x9D,0x83,
    0x19,0x0B,0x33,0x2E,0xA8,0x97,0x19,0x81,0x01,0x3B,0xF0,0x30,0x98,0x5B,0x29,0xA2,
    0x32,0x2A,0x18,0x4A,0xD2,0x91,0x10,0x0F,0x3A,0xF8,0xB2,0xA3,0x2A,0xD3,0x80,0x1B,
    0x51,0x0B,0x18,0xE8,0x11,0xA8,0x1A,0x79,0xA8,0x95,0x80,0xB1,0x12,0x08,0xB8,0x89,
    0x3F,0xB8,0x39,0x8D,0x10,0x58,0x9B,0x93,0x6D,0x90,0x93,0x1C,0xA2,0x02,0x9C,0xA3,
    0x09,0x94,0xA5,0x49,0xAA,0x93,0x05,0x1C,0x2B,0x1A,0xF2,0x11,0x2E,0x80,0x00,0x89,
    0xB3,0x69,0x08,0xB0,0x09,0xE3,0x88,0x3A,0xCB,0x31,0x0B,0xA4,0x90,0xE0,0x85,0x28,
    0x1D,0x98,0xA4,0xA0,0x04,0x2C,0x90,0x05,0x2B,0x88,0x08,0x84,0x8A,0x10,0x7B,0xCB,
    0x03,0xE0,0x12,0x3A,0x98,0x96,0x3A,0x11,0xD0,0x21,0x18,0x19,0x3C,0xA0,0x79,0x98,
    0x95,0x29,0x0A,0x85,0x09,0x38,0xBA,0x31,0xFA,0x81,0xC0,0x00,0x42,0x8A,0xB9,0x26,
    0x09,0x18,0xF0,0x82,0xB1,0x3E,0x88,0xC0,0x82,0x92,0x90,0x21,0x08,0xB1,0x24,0x1F,
    0x20,0x8F,0xC2,0x00,0x18,0x48,0xAA,0x93,0x78,0x1A,0x1A,0xC8,0x82,0xA0,0x7B,0x1C,
    0xA1,0x38,0x88,0x09,0x39,0x82,0xC1,0xB7,0x6A,0x09,0xA9,0xA7,0x18,0x1A,0xC1,0x82,
    0x1A,0x93,0xC8,0x40,0x9B,0x11,0xE0,0x01,0x3A,0xA9,0x13,0x38,0x9F,0x51,0x19,0x08,
    0xB2,0x7A,0xB8,0x95,0x09,0x80,0x09,0x95,0x90,0x49,0x80,0x08,0x11,0xF1,0x91,0x50,
    0x1C,0x29,0xA8,0x04,0x4A,0xC9,0x04,0x80,0x80,0xB3,0x6A,0xC8,0x82,0x2A,0x99,0x68,
    0x99,0xA2,0x30,0x91,0x4D,0x29,0xAC,0xA3,0xA3,0x1F,0x00,0x0B,0x04,0x8B,0xA0,0x87,
    0xA0,0x38,0x4A,0x1D,0xA8,0xE2,0xA3,0xE3,0x10,0x90,0x28,0x4A,0x99,0xA3,0x20,0xBA,
    0x62,0xC0,0x88,0xA4,0x19,0x93,0x0D,0xA5,0x12,0x2C,0x18,0xC0,0x93,0x28,0x1F,0x08,
    0x99,0x50,0x9B,0x18,0x02,0x80,0xA7,0x82,0x2A,0x10,0xD8,0xD1,0x24,0x1E,0x90,0x0A,
    0x94,0x80,0x39,0xA8,0x81,0x23,0x5F,0x1C,0x0A,0xB2,0x03,0xD1,0xA3,0x00,0x13,0x80,
    0x3E,0x2A,0x03,0xFB,0x92,0x21,0x1D,0xD3,0x00,0x08,0xA0,0x11,0xC2,0x19,0xA3,0x99,
    0x28,0xCB,0x28,0x03,0xCE,0x03,0x40,0x4C,0x8B,0xC0,0x05,0x39,0x8F,0xC2,0x01,0x90,
    0xD3,0x11,0xA9,0x93,0x68,0x2A,0x1C,0x11,0xB0,0x5A,0x2D,0x80,0xC2,0x28,0x90,0x82,
    0x10,0xC2,0xB2,0x78,0x88,0x1A,0xD0,0x11,0x88,0x2B,0x58,0x1D,0xB2,0x05,0x99,0x58,
    0x1A,0xF2,0x91,0x90,0x93,0x88,0xA9,0x94,0x69,0x89,0x10,0xB9,0x58,0x80,0x2D,0xA0,
    0x29,0x20,0x0D,0x91,0xA1,0xB5,0x87,0x1A,0x00,0x00,0xC9,0xB3,0xAA,0x96,0xC1,0x28,
    0x08,0x4B,0x88,0x83,0x5B,0x3B,0xA0,0xC1,0xC3,0x62,0x8A,0xC0,0xA2,0x01,0x93,0x7B,
    0x8A,0xB4,0x94,0xC1,0xA3,0x0A,0xA5,0x88,0x08,0x92,0x91,0x23,0x02,0x2B,0x7A,0x2C,
    0x28,0xBD,0xA6,0x82,0x1A,0x90,0xA8,0x22,0xF2,0x81,0xB6,0x08,0xF3,0xA2,0x01,0x80,
    0x29,0x1A,0x39,0x3C,0x39,0x92,0x2F,0x49,0x39,0x0F,0xA8,0x11,0x09,0x88,0x39,0xA0,
    0x33,0x4F,0x2C,0x12,0x2E,0xA1,0x29,0x1A,0xA4,0x18,0x9A,0x96,0x20,0x29,0x4B,0x3D,
    0x2B,0x89,0x1C,0x99,0xC2,0x84,0x1A,0x0A,0xA7,0x10,0x00,0x0A,0xC4,0x30,0x29,0xBC,
    0xD1,0x94,0xA1,0x39,0x9A,0x95,0x28,0xD1,0x78,0x8B,0x82,0x8B,0x98,0x85,0x2B,0xA1,
    0x91,0x82,0x97,0x00,0x38,0xF1,0x41,0xA8,0x89,0x00,0xB0,0x84,0x1A,0x0A,0x87,0x30,
    0x9B,0x02,0xD2,0x85,0x9A,0x10,0x3B,0x1C,0x84,0x2D,0x2B,0x02,0x90,0x7B,0xB0,0x5B,
    0xE0,0x90,0x02,0xB9,0xC4,0x02,0x09,0x11,0x09,0x01,0x86,0x1D,0xC3,0xC2,0x82,0x5B,
    0x09,0x80,0x3D,0x08,0x88,0xA8,0x58,0x89,0x88,0xD0,0x81,0x10,0xA9,0x19,0x97,0x01,
    0x10,0xD3,0x7A,0xB1,0x18,0x5A,0x8B,0x01,0xA0,0x19,0xC4,0x88,0x14,0x1A,0x3D,0x10,
    0x1C,0xC2,0xA9,0xB7,0x83,0x3B,0x39,0x2A,0x91,0xA1,0x11,0x17,0xAC,0x21,0xF8,0x00,
    0x09,0xC2,0x50,0xA9,0x58,0x90,0xA1,0x40,0xA8,0x11,0x9B,0x28,0x7A,0x8A,0x99,0xA7,
    0x10,0x91,0x19,0x1A,0xB3,0x0A,0x03,0x9F,0x01,0x88,0x2A,0x70,0x2B,0x03,0x01,0x2B,
    0x25,0xF9,0x94,0x9A,0x02,0xB4,0xE1,0x30,0x89,0x08,0xB2,0x3B,0x7B,0x0A,0x10,0xE9,
    0x29,0x11,0x1C,0xC0,0xA7,0x00,0xA3,0x2A,0x0B,0xA7,0x18,0x98,0x0A,0x81,0xA1,0xAC,
    0x06,0x1A,0x5A,0x0A,0x89,0x05,0x8A,0x91,0xE2,0xA2,0x03,0x3B,0x6B,0x18,0x3B,0xC5,
    0xB3,0x38,0x18,0x1D,0xC2,0x4A,0x08,0xA0,0x89,0x87,0x1A,0x94,0xA0,0x11,0xA2,0x09,
    0xC5,0x1B,0x89,0x13,0x1F,0x39,0xA9,0x84,0x3B,0x0F,0x81,0xC1,0x00,0xC8,0x83,0x28,
    0x9B,0x71,0x3A,0x3B,0x81,0x2A,0x92,0xC1,0x7A,0xE0,0x10,0x99,0xA4,0x3C,0x08,0x09,
    0xB3,0xB0,0x51,0x08,0xBA,0x97,0x2B,0x82,0x6B,0x2D,0xA2,0x91,0x82,0x18,0x3C,0xC2,
    0xD4,0x10,0xB8,0x92,0x20,0xF1,0x20,0x89,0x28,0x02,0x8D,0x41,0x99,0x29,0xA8,0x4A,
    0xB1,0x90,0x7A,0x91,0x40,0xC0,0xB2,0x31,0x89,0xF8,0x03,0xBB,0x24,0x5C,0x1D,0x01,
    0xB0,0x05,0x99,0x11,0xC3,0xA1,0x4C,0xA8,0x68,0x1B,0xA0,0x11,0xD0,0x41,0x1D,0x90,
    0x30,0xAA,0x10,0x80,0x8A,0x05,0xF1,0x11,0x00,0x29,0x92,0x99,0x63,0x2C,0xB9,0x02,
    0x8D,0x11,0x89,0x3E,0x19,0xB0,0x96,0x1A,0x08,0xB5,0xB1,0x40,0x8C,0x01,0x10,0xFB,
    0x83,0xB3,0x11,0x88,0xA8,0x87,0x09,0x0D,0xA3,0x2B,0xD1,0xB3,0x08,0xA6,0x4A,0xB1,
    0x11,0x5B,0x80,0x89,0xC3,0x88,0x04,0xA8,0x49,0x5B,0x3B,0x90,0x5C,0x18,0x98,0xB1,
    0xA2,0xA1,0x51,0x3B,0x1A,0xE1,0x86,0x00,0x1B,0xD3,0x83,0xB9,0x30,0x9B,0x5D,0x19,
    0xDA,0xA4,0x08,0x48,0xAB,0xA3,0x79,0x89,0x18,0x88,0x80,0x10,0xB4,0x11,0x2F,0x3A,
    0x82,0x1A,0x98,0xB6,0x89,0xD3,0x09,0xD1,0x04,0x1C,0x89,0x81,0x01,0x00,0xC2,0x94,
    0x2A,0x79,0x9A,0x08,0x79,0x99,0xA3,0xB2,0x30,0x92,0xC2,0x7A,0x99,0x29,0xF4,0x80,
    0x29,0x91,0x39,0x1B,0x59,0x29,0xA0,0x80,0xA4,0x08,0x7C,0x9A,0xA2,0x11,0xA9,0x95,
    0xF1,0x83,0x28,0xC8,0x58,0x0A,0x88,0x01,0x8A,0x70,0x98,0x28,0x88,0x5B,0x08,0x80,
    0x2C,0xC5,0x80,0x81,0xC1,0x28,0xA3,0x3B,0x2D,0xF1,0x02,0x08,0x88,0x78,0x98,0x10,
    0x10,0x0B,0x48,0xF8,0x92,0x11,0x1B,0x09,0x82,0x1B,0xA4,0xAA,0x87,0xF0,0x01,0x90,
    0x2B,0x19,0x1A,0x28,0x10,0x1A,0x6A,0x2B,0x92,0x7B,0x8D,0x94,0x80,0x89,0x91,0x09,
    0x81,0x63,0x9A,0xA3,0x89,0xB6,0xD1,0x81,0xA4,0x39,0x89,0x02,0x4D,0xA1,0x30,0x41,
    0x2D,0x3B,0x88,0x1F,0x29,0x89,0xB3,0xF3,0x10,0x18,0x1A,0xA2,0x97,0xC8,0x82,0xAA,
    0x92,0x02,0x89,0x68,0x9E,0x94,0x38,0xBB,0x42,0x5C,0x0B,0x90,0xA8,0x83,0xA8,0x92,
    0x97,0x5B,0x08,0x00,0x3C,0xC1,0x94,0x0A,0x82,0x0A,0xD5,0x11,0x99,0x18,0x08,0x00,
    0xA3,0x39,0x7A,0xC0,0x2A,0xA2,0x58,0x1E,0x30,0x0C,0xB2,0x01,0x22,0xC2,0xC2,0xD3,
    0x08,0x39,0x0A,0x0B,0x53,0xF4,0x5A,0xA9,0x81,0x81,0x81,0x10,0x2E,0x92,0x39,0x3F,
    0x89,0x11,0x98,0x01,0x89,0xA3,0x0B,0x87,0xA9,0xA3,0x99,0xA4,0x69,0x19,0xF1,0x29,
    0x88,0x00,0xB9,0x26,0x0A,0x10,0x91,0xD1,0xD8,0x96,0x08,0x90,0x91,0x38,0x19,0x5A,
    0x88,0x2A,0xF2,0x10,0x80,0x3D,0x9A,0xA6,0x28,0x9A,0x92,0xA1,0xA4,0xB5,0xC2,0x59,
    0x3B,0x1B,0x51,0x0B,0x40,0x8B,0x29,0x90,0x0A,0x95,0x12,0x8E,0xE3,0x10,0x18,0x19,
    0x99,0x90,0x1A,0xD2,0x18,0x97,0x88,0x88,0x02,0xB2,0x01,0x24,0x18,0xDA,0x18,0x50,
    0x8F,0x03,0xB0,0x85,0x80,0x1D,0x01,0xA3,0xC2,0x92,0x2C,0x38,0xFA,0x20,0x88,0x1A,
    0x91,0xE0,0x81,0x7B,0x89,0x91,0xB2,0x02,0x2A,0x3F,0x90,0x90,0xB2,0x82,0x40,0x0C,
    0x85,0x0D,0x02,0x0C,0x90,0xA8,0x38,0xD3,0x20,0x91,0x2F,0x02,0xB9,0x34,0x3A,0x8F,
    0x80,0x29,0x08,0x87,0x2B,0x20,0x1F,0x08,0xAA,0xA8,0x71,0x6C,0x18,0x80,0x19,0x00,
    0x19,0x1C,0xC8,0x90,0x21,0x1B,0xCA,0x99,0x13,0x94,0x88,0x7A,0x32,0x0F,0xA1,0x88,
    0x83,0x03,0x80,0x91,0x2C,0xB3,0x2B,0x2B,0x6B,0x2C,0x21,0x8C,0x44,0xAC,0x1A,0xC4,
    0xA0,0x14,0x98,0xA2,0x18,0x29,0x1E,0xB8,0x73,0x00,0x48,0x8B,0xF9,0x98,0xA0,0x22,
    0x13,0x15,0xB0,0xC0,0xF9,0x01,0x20,0x10,0x38,0xB9,0x1E,0x01,0x92,0x9E,0xA0,0x10,
    0x8A,0x41,0x19,0xBC,0xA6,0x80,0x10,0x52,0x30,0x2C,0x0D,0xA9,0x3A,0x20,0x05,0x0D,
    0x84,0x89,0x19,0x09,0x29,0x92,0x41,0x0A,0xC9,0x90,0x82,0xA9,0x87,0x04,0x30,0x81,
    0x9E,0xA8,0xB3,0x09,0x8B,0xF5,0x28,0x49,0xBA,0x83,0x08,0x10,0x13,0x96,0x01,0x2B,
    0x09,0xF0,0x92,0xB3,0x09,0xB2,0xCA,0xB9,0x3A,0xF2,0x2C,0x3D,0xA3,0x70,0x69,0xBA,
    0x03,0x91,0x80,0x91,0xA9,0x14,0x29,0xCB,0x84,0x30,0x1C,0x5D,0x0C,0x11,0x99,0x80,
    0x10,0xE4,0x12,0x81,0xA9,0xC1,0x81,0x05,0x08,0x3E,0xA0,0xE0,0x00,0x3A,0x28,0x1B,
    0xC9,0xA0,0xA1,0x94,0x23,0x19,0x81,0x06,0x99,0x4A,0x18,0xB5,0xF3,0x02,0x01,0x1D,
    0xA9,0xC2,0xA2,0x28,0x80,0x51,0x2A,0x93,0x2F,0x80,0x29,0x1A,0x10,0xE0,0x95,0x90,
    0xD1,0xA1,0x84,0x5C,0x90,0x20,0x0B,0xA0,0xA1,0x01,0xB8,0xC0,0x87,0x28,0x9B,0x94,
    0x04,0xA0,0x02,0xC9,0xB2,0xF0,0xC2,0x18,0xA4,0x1A,0x7B,0x00,0x3D,0xA1,0x81,0xB2,
    0xB0,0x22,0x09,0xD7,0x11,0x98,0xA1,0xC3,0x90,0x84,0xB1,0x11,0xAB,0x90,0xA7,0x94,
    0x29,0x9C,0x60,0x0A,0x00,0x38,0x2B,0x2C,0x89,0x2F,0x21,0xA8,0x98,0x6B,0xA0,0x20,
    0x8A,0xA0,0xF3,0xB1,0x35,0x9C,0x32,0xD8,0x83,0x90,0xB2,0x82,0x80,0x09,0x3B,0x8B,
    0x00,0x14,0x0F,0x29,0x5E,0x89,0x88,0x91,0x83,0x11,0x2D,0x97,0x18,0xA1,0x1A,0x39,
    0xB1,0xB1,0x4E,0xA9,0x3B,0x8A,0x8B,0x26,0x2E,0x8B,0x2A,0x30,0x84,0x1D,0x4A,0x88,
    0x98,0x59,0x19,0x7C,0xA9,0x83,0x29,0x8C,0x20,0x49,0x8C,0xA4,0x10,0x9B,0x86,0xAA,
    0x05,0x88,0x10,0x80,0x59,0xB2,0x2C,0xB8,0x21,0x2E,0x81,0x2B,0x82,0x99,0xC8,0x29,
    0x93,0x61,0xB6,0xD0,0x22,0x98,0x5A,0xE1,0x82,0x28,0x9B,0x92,0x2B,0xA3,0x92,0x0F,
    0xA0,0x91,0xB1,0x96,0xA2,0xA0,0x07,0xA8,0x20,0x5B,0x3A,0x2A,0xBA,0x78,0xA9,0x00,
    0x81,0xA4,0x0B,0x92,0x20,0x3A,0xF4,0x83,0x98,0x2A,0x05,0xD1,0x88,0xB4,0x92,0x80,
    0x90,0x10,0x1F,0xA1,0x00,0xE9,0x32,0xC8,0x02,0x03,0xE4,0x39,0x5A,0x1B,0x28,0x29,
    0x1A,0x8D,0x0A,0x86,0xA0,0x20,0x89,0xD3,0x02,0x9B,0x16,0x2C,0x00,0xAA,0xC2,0x93,
    0x3D,0x3A,0x13,0xE8,0xB3,0x11,0x3C,0x88,0x62,0x0B,0xBA,0x01,0xC5,0x11,0xA2,0x1E,
    0xB2,0x91,0x5A,0xA8,0x28,0x8A,0xD3,0xA9,0x93,0xC2,0x96,0xB8,0x93,0x1B,0xE2,0x14,
    0x91,0x12,0xAA,0xD0,0x49,0x11,0x3A,0x09,0x3F,0x91,0xC1,0x32,0xC9,0x13,0x4A,0x1F,
    0x08,0x80,0xC3,0x21,0x3D,0x1A,0x1C,0x18,0x97,0x3B,0x09,0xD9,0xA2,0x81,0x81,0x70,
    0xA8,0x10,0x19,0xA8,0x04,0xE8,0x03,0xB8,0x1B,0x08,0x2C,0x30,0xB0,0x8A,0xD2,0x96,
    0x5B,0x98,0x6B,0x98,0xA9,0x20,0x30,0xE0,0x83,0x98,0xA2,0x93,0xD2,0x25,0x9A,0x02,
    0x0A,0x3F,0x19,0x89,0x79,0xA0,0xA2,0x38,0x88,0x5C,0xC0,0xA4,0x29,0x89,0x09,0x98,
    0xC2,0x07,0x99,0x91,0x42,0x0A,0x53,0x1D,0x28,0xB9,0x09,0x01,0xA1,0x7B,0x88,0x3A,
    0x9A,0xA0,0x37,0x2C,0xC1,0x90,0xB2,0x81,0x18,0x29,0x94,0x38,0x9F,0x10,0x5A,0x08,
    0x3F,0x09,0xA8,0x80,0x82,0x28,0x7B,0xD1,0x00,0x92,0x38,0xA0,0x09,0xE6,0x01,0xA9,
    0x81,0x90,0x10,0xC0,0x00,0x2E,0x89,0x20,0xD2,0x21,0x2B,0xF4,0x00,0x80,0x02,0x5A,
    0x99,0x90,0xB4,0x11,0x93,0x3B,0xE2,0x08,0x39,0x1D,0x08,0x60,0xB9,0x85,0x3A,0x4B,
    0x11,0xC8,0xB6,0x08,0xC0,0x91,0x38,0x89,0x38,0x1F,0x19,0xB0,0x22,0xA4,0x6A,0x89,
    0x1A,0x2A,0x2C,0x28,0x28,0x0F,0xB2,0x09,0x28,0x92,0x8C,0xA4,0xAA,0xA8,0xF2,0x79,
    0x09,0xB0,0x02,0x29,0x2B,0x40,0xE6,0x81,0x10,0x8A,0x18,0xA1,0x00,0x21,0x4C,0xA9,
    0xB9,0x27,0x02,0x4D,0x91,0x1B,0x2A,0x99,0x08,0xC1,0xB5,0x98,0xC4,0x93,0x42,0xC9,
    0x13,0xD0,0x93,0x0B,0x12,0x28,0xA1,0x22,0x2F,0x4B,0x28,0x83,0x8A,0x11,0x8F,0xA8,
    0x5B,0x20,0x1E,0x09,0xC1,0x33,0x9A,0x22,0xDA,0xA6,0x88,0x90,0x1D,0xB4,0x92,0x00,
    0xA1,0xB0,0x48,0x94,0x95,0x89,0xD5,0x82,0xA8,0x40,0x88,0x2D,0x19,0xA9,0x38,0x1A,
    0x92,0x8E,0x93,0x1C,0xD0,0x7A,0x08,0x89,0xA3,0x91,0x08,0x79,0x08,0xA1,0x05,0x98,
    0x28,0x1F,0x18,0xC1,0x00,0x18,0x0B,0x11,0xB5,0x93,0x4A,0xA3,0x3B,0xBA,0x87,0x38,
    0x1E,0x80,0xB8,0xC1,0x43,0x01,0x0D,0x83,0xD9,0x91,0x91,0x48,0x9A,0xB5,0x00,0x0A,
    0x18,0xA7,0xA0,0x70,0x8B,0x91,0x18,0x08,0xA8,0x6B,0x8B,0xB0,0x91,0x14,0x5B,0x2C,
    0xA2,0x1B,0x5A,0xD1,0x83,0x09,0xA9,0x82,0x29,0x91,0x07,0x4D,0x09,0x88,0xB2,0x96,
    0x10,0x89,0xB2,0x0B,0xB7,0x20,0x00,0x90,0x28,0xE1,0x10,0x48,0x2F,0xB1,0x11,0xBA,
    0x10,0x18,0x91,0x24,0x28,0x0A,0x3E,0x68,0x09,0x19,0x40,0xAA,0x5B,0xB0,0x03,0x0C,
    0x97,0x29,0x1C,0x8A,0x97,0x39,0xC8,0x92,0xA9,0x4A,0x29,0x3A,0x80,0x95,0x9A,0xC3,
    0x58,0xB1,0xC3,0x52,0xCB,0x82,0xA2,0x19,0x28,0x51,0x8E,0xA2,0x18,0xD2,0x82,0x2C,
    0x00,0x8F,0x10,0x90,0x18,0x69,0x99,0x80,0x29,0x08,0x82,0x89,0xD1,0xC4,0x01,0x92,
    0xB4,0x6B,0xA2,0x2B,0x82,0x38,0x0B,0x07,0x3A,0x2D,0xBB,0x03,0x78,0x1B,0x28,0xC1,
    0x02,0x21,0x1F,0xA1,0xB2,0x90,0xA2,0x10,0xB9,0xD7,0x13,0x0C,0x08,0x31,0xFA,0x12,
    0x2A,0x0A,0xA1,0x0F,0x92,0x29,0xA0,0x93,0x88,0x4D,0xA0,0x02,0x2A,0xD2,0x0C,0x90,
    0xA3,0x09,0x11,0x41,0x9F,0x92,0x83,0xC0,0x74,0x1C,0x90,0xB0,0x2A,0xA5,0x39,0x38,
    0xF9,0x94,0x18,0xB0,0x31,0xD2,0x00,0x09,0x3A,0x3B,0xD4,0x59,0xB0,0x21,0x3E,0x19,
    0x81,0x01,0x3D,0xA0,0x9A,0xA4,0xA4,0x00,0x93,0x8C,0xA5,0x94,0x90,0x40,0xBA,0x32,
    0x8D,0x49,0x2A,0x1D,0x39,0xF0,0x01,0x09,0x19,0xD3,0x82,0x91,0x80,0x1F,0x80,0x80,
    0x01,0x31,0x0F,0x01,0x11,0x88,0x93,0x49,0x89,0xC8,0x16,0x3E,0x89,0x18,0xA0,0x11,
    0x0A,0x19,0x92,0x7B,0x80,0xDA,0x79,0x0A,0x88,0x91,0xB4,0xA9,0x12,0x2C,0xD2,0xC2,
    0x80,0xF2,0x00,0x90,0x4A,0x09,0x20,0x0E,0xA1,0x00,0x49,0x08,0x00,0x20,0x2F,0x29,
    0xBA,0xA6,0x93,0xB0,0xA3,0x96,0x01,0xA2,0x10,0xD2,0xE3,0x02,0x99,0x38,0x18,0xF1,
    0x82,0x19,0x8A,0x14,0x2B,0xA2,0x88,0xA0,0xF5,0x28,0xA0,0xB4,0x08,0xB8,0x87,0x91,
    0x10,0x2B,0x2B,0x2E,0x1B,0xA1,0x5A,0x90,0x29,0x10,0xF0,0x18,0x83,0x8A,0xA7,0x18,
    0x99,0x02,0x9B,0x87,0xE1,0x83,0x1A,0x18,0x02,0x2D,0x10,0x0B,0x49,0x29,0xAF,0x41,
    0x99,0xB2,0x94,0x4B,0x5D,0x09,0x19,0x91,0x0A,0x38,0xAA,0x50,0x09,0xD9,0x02,0xB0,
    0x01,0x70,0x1C,0x92,0x2B,0xB0,0xB4,0xAA,0x87,0xA0,0x91,0x22,0x1F,0x09,0xB6,0x10,
    0xC1,0x81,0x88,0x92,0x3A,0xA1,0x83,0x4C,0x1A,0x38,0x50,0x8C,0x03,0x1D,0xB1,0x08,
    0xA0,0x23,0x7C,0x0C,0x02,0x0D,0x12,0xB1,0x28,0xB1,0xA0,0x78,0xD8,0x21,0x18,0xD8,
    0x51,0xAB,0x13,0xA1,0x38,0x3B,0x89,0xA0,0xC6,0x3A,0x4A,0x29,0x2C,0xA0,0x80,0x7A,
    0xE2,0x82,0x81,0xA9,0x13,0x0F,0x01,0x10,0x3E,0x88,0x3B,0x0A,0x96,0x29,0xB1,0x19,
    0x39,0xF0,0x81,0x4A,0x90,0x08,0x1B,0x1A,0x42,0xCA,0x94,0xF2,0x10,0xD0,0x81,0xA3,
    0x80,0x59,0x0C,0x29,0x93,0x19,0x81,0xB8,0x70,0xC8,0x20,0x59,0x1B,0x29,0xAA,0x32,
    0x3E,0x28,0x4A,0x1C,0x99,0xA2,0x10,0x3A,0xF1,0x79,0xA8,0x09,0x93,0x18,0x08,0xD1,
    0xA0,0x86,0x2C,0x88,0x21,0x2F,0x98,0x8A,0x96,0x80,0x38,0xA8,0x09,0x01,0xF9,0x12,
    0x1A,0xA0,0x02,0xFA,0xA5,0x10,0x28,0x90,0x9A,0x21,0x4A,0x1F,0x08,0x90,0xA3,0x1B,
    0x01,0x28,0xA7,0x11,0x98,0x4C,0x90,0xAA,0x87,0x80,0x6B,0x1A,0x1A,0xD3,0x21,0x81,
    0x99,0x80,0xB2,0x2B,0xC1,0x06,0x88,0x99,0x9A,0x23,0xAA,0x57,0x3F,0x0A,0x90,0x98,
    0x83,0x40,0x2C,0x1A,0xB1,0x01,0x88,0x37,0x1F,0x00,0x98,0x2A,0x90,0x10,0x80,0x8E,
    0x02,0x29,0x1C,0x44,0x9C,0x82,0x99,0x31,0x3D,0x1C,0x13,0xAC,0x50,0xA9,0x81,0x86,
    0x2C,0x18,0x8B,0x2A,0x09,0x6C,0x90,0xA9,0x02,0xB8,0x22,0xB4,0xA1,0x12,0xF3,0x3B,
    0x8B,0x94,0x11,0xB8,0x7A,0x3A,0x30,0x98,0x71,0xC0,0xB4,0x90,0xB1,0x06,0x8A,0x31,
    0x0B,0x3D,0x08,0x91,0xA7,0x1A,0x08,0x09,0x0D,0x04,0x0B,0x49,0xD8,0x92,0x12,0xD1,
    0x05,0x9A,0x20,0x1C,0x0B,0x23,0x1F,0x2A,0x08,0x9B,0x97,0x19,0x20,0x9C,0x00,0xA9,
    0x92,0x23,0x2F,0x0B,0x08,0x29,0x86,0x9A,0x04,0x99,0x80,0x1A,0x08,0xB4,0x09,0x22,
    0x8F,0x84,0x49,0xB2,0x22,0xD9,0xD4,0x10,0x38,0xCB,0x04,0x99,0x1A,0x85,0x91,0x93,
    0x92,0x4D,0xD8,0x91,0x94,0x09,0x19,0x09,0x2A,0x13,0xC1,0x78,0x88,0x1A,0xD0,0x10,
    0x94,0x2B,0xA1,0x38,0x5B,0x48,0xF3,0x02,0x91,0xA1,0x2C,0xB2,0x02,0x88,0xD5,0x18,
    0xC5,0x02,0x3A,0x8A,0x49,0x1B,0x0C,0x60,0xC8,0x10,0x89,0x3B,0xB2,0xA2,0x97,0x29,
    0xB9,0x11,0xAB,0x97,0xA2,0x2C,0xF2,0x20,0x98,0x00,0x19,0xA2,0xF8,0x30,0x2B,0x00,
    0xA1,0xB8,0xB7,0x48,0x90,0xB3,0x81,0x83,0x1F,0x5A,0x29,0x80,0x19,0xB5,0x2B,0xA3,
    0x12,0x2C,0x39,0x1B,0xBA,0x69,0x79,0x89,0x1A,0x89,0x3C,0x41,0x0B,0xA5,0x3B,0xF3,
    0x29,0x09,0x88,0xA7,0xA1,0xB1,0x31,0x09,0xF2,0x01,0x89,0xB9,0x82,0xA8,0x12,0x4D,
    0xAB,0xB1,0x01,0x24,0x1D,0x2D,0x81,0x8E,0x00,0x81,0x59,0x0B,0x32,0x1D,0x7B,0x00,
    0x99,0xB3,0xA3,0x2D,0xC1,0x94,0x81,0x19,0xAB,0x97,0x10,0x38,0xAA,0x11,0xF0,0x92,
    0x08,0xC2,0x04,0x4B,0x9B,0x05,0x98,0x85,0x09,0x00,0xB8,0xA3,0x29,0xB7,0x31,0xF9,
    0x81,0x28,0xA2,0xA4,0x08,0x92,0x2F,0x89,0xC2,0x21,0x88,0x19,0x4D,0x19,0x11,0xA8,
    0x38,0xD8,0xA2,0xE3,0x95,0x00,0xA0,0xA8,0x92,0x58,0x38,0x1D,0x19,0x29,0x1F,0x2C,
    0x88,0x91,0x4A,0x0C,0xA3,0x88,0x96,0x98,0x11,0x0C,0x98,0x94,0xA0,0x23,0xEA,0x82,
    0x18,0xE3,0x96,0x0A,0x18,0xB1,0x3A,0x84,0x2E,0xA0,0x82,0x3C,0x91,0x48,0x91,0x9A,
    0x03,0xF2,0x11,0x7A,0x0A,0x80,0xA8,0x12,0x61,0x3B,0xD0,0x91,0x10,0x8C,0x93,0xA1,
    0x85,0x3C,0x9B,0x20,0x81,0x40,0x0F,0x80,0x98,0x2B,0x94,0x5C,0xB8,0x82,0x1D,0x01,
    0x19,0x12,0xCA,0xA2,0xDA,0xA6,0x90,0x00,0xE3,0x01,0x09,0x20,0x5D,0x99,0x00,0x2B,
    0x2A,0x93,0x2E,0x93,0x99,0x81,0x4A,0xC1,0x07,0x89,0x81,0xD2,0x08,0x21,0x9C,0x03,
    0x80,0xE8,0x03,0x49,0x28,0x1D,0x80,0x4B,0x3C,0x08,0x00,0x21,0x9F,0x92,0x82,0xA3,
    0x01,0x89,0xAC,0x95,0x20,0x98,0x7A,0x08,0x3B,0x0B,0x31,0xA1,0xF5,0x84,0xB9,0x80,
    0x85,0xF2,0xA3,0xC2,0x01,0x29,0x08,0x38,0xE3,0xA1,0x00,0x0C,0x02,0x9A,0x32,0xBB,
    0xD2,0x92,0x10,0x91,0x3C,0x2F,0xB0,0xB8,0x87,0x2A,0x40,0xDA,0x00,0x00,0x11,0x99,
    0x13,0x9F,0xC3,0x93,0xF3,0x80,0x93,0xB0,0x93,0x93,0x78,0x1C,0x80,0xD1,0x30,0x1A,
    0x81,0x51,0xEA,0x03,0x90,0x09,0x23,0xBA,0x38,0xF9,0x10,0x10,0x2A,0x72,0x8C,0xA2,
    0x2A,0x79,0x1C,0x91,0x80,0xC0,0x49,0x00,0x98,0x30,0x9C,0x00,0x4A,0xB8,0x43,0xBC,
    0xD4,0x02,0x1A,0xA2,0xE3,0x92,0x90,0x38,0x0F,0x21,0xA8,0xA0,0x5E,0x88,0x89,0x02,
    0x4B,0x18,0x3C,0x08,0xC0,0x20,0x80,0xA1,0x83,0x98,0x4B,0x1B,0x4F,0x20,0x8E,0x95,
    0x38,0x0B,0x81,0x3A,0xD1,0xA2,0x38,0xA9,0xA8,0xB4,0x43,0x2F,0x08,0x58,0xC8,0x11,
    0x28,0x1A,0xB1,0x92,0xA2,0x0B,0x1B,0xA7,0x38,0x19,0xC3,0xC4,0x08,0xB1,0x14,0xF0,
    0x93,0x81,0x9B,0x21,0xF0,0x03,0x18,0x5C,0x99,0x09,0xC4,0xD2,0x31,0xC0,0x88,0x38,
    0xA1,0x24,0x8E,0xA2,0xA1,0xA0,0x32,0xF8,0x18,0xC2,0x88,0x20,0x21,0x8F,0x83,0xAB,
    0x72,0x08,0x0C,0x03,0x4D,0xA9,0x81,0xE2,0x12,0x39,0x0A,0xA9,0x82,0x79,0x3C,0x09,
    0x91,0x98,0x00,0x80,0x2C,0xE1,0x21,0x9A,0x93,0x0B,0x50,0x3E,0x80,0xB2,0x86,0xA0,
    0x38,0xB6,0x00,0x82,0x80,0x3B,0x82,0x51,0x9B,0x90,0x92,0xF5,0x01,0xC8,0xA1,0x15,
    0xB9,0xA2,0x98,0x3B,0x8B,0xA1,0x8C,0x32,0x8F,0x3B,0x39,0x99,0xAA,0x85,0x4C,0x50,
    0x21,0x9E,0xB5,0x83,0x99,0x42,0x1C,0xA3,0x09,0xB2,0x01,0xA9,0x81,0x7C,0x9B,0x84,
    0x00,0x3B,0x0F,0xC1,0x91,0x29,0x8A,0x80,0x8B,0x84,0x29,0x2F,0x90,0xB2,0xA5,0xA4,
    0x40,0xA8,0x94,0x09,0x93,0xB2,0xF1,0x97,0xB2,0x84,0x19,0x09,0x82,0xC2,0x21,0x90,
    0x00,0xD3,0x90,0x10,0xF3,0x28,0xB8,0x90,0x29,0xAE,0xB6,0x81,0xA9,0xC3,0x01,0x3A,
    0x3B,0xBC,0xA5,0x2B,0xC3,0x91,0x08,0xD3,0x93,0xC1,0x51,0x3D,0x88,0xA0,0x14,0x38,
    0x19,0xC8,0x84,0x80,0x30,0x5E,0x19,0x29,0xB2,0xB1,0x83,0x6D,0x89,0x19,0x85,0x00,
    0x3C,0x9A,0xB2,0x32,0x9C,0x2B,0x9A,0xD5,0xC2,0x82,0x09,0xA9,0x49,0x8C,0x12,0x5C,
    0x2C,0x0A,0x1A,0x88,0x3A,0x0D,0x92,0xB1,0xA6,0x79,0x2C,0x90,0x00,0x18,0xA1,0x04,
    0x08,0xE1,0x02,0x94,0xC8,0xA6,0x20,0x98,0x93,0xC1,0x02,0x10,0x2D,0x01,0x48,0x2D,
    0x09,0x19,0x5A,0x8A,0x09,0xA2,0xB2,0x99,0x10,0xF9,0xA5,0x29,0x8B,0x00,0xD3,0xA1,
    0x4C,0x0B,0x18,0xD8,0x80,0x21,0xD2,0x4B,0x88,0xA8,0x69,0x4B,0x1D,0x82,0x08,0x32,
    0x8F,0x82,0x18,0xA0,0x7B,0x88,0x80,0x38,0xB1,0x40,0x2B,0x19,0x92,0xA4,0x44,0x3A,
    0x1E,0x91,0x83,0x91,0x4D,0x91,0x80,0x2A,0xB1,0xA7,0x0A,0xC3,0xB2,0xA1,0x95,0x18,
    0x2B,0x1D,0x99,0xF1,0x29,0x39,0xD9,0x28,0xD8,0x81,0xD0,0xB4,0x91,0x80,0x28,0x2D,
    0x89,0x3A,0xA8,0x2B,0x3B,0xC3,0x7B,0x4B,0x99,0x93,0x2A,0x2D,0x38,0x19,0x85,0x20,
    0x3F,0x18,0x3B,0x3A,0x12,0x3B,0x5D,0x08,0x3A,0x28,0x03,0x08,0x00,0x27,0x7B,0xA0,
    0xA0,0xA5,0x92,0xC1,0x23,0x89,0x09,0x32,0x4F,0xAA,0x31,0x9B,0x92,0x42,0x89,0xC0,
    0x83,0xBA,0x5F,0xC0,0x10,0x2A,0xF8,0x01,0x19,0x2E,0x98,0x80,0xB1,0x02,0x29,0xAB,
    0x39,0xB9,0x28,0x3E,0x1A,0x2F,0xB0,0x91,0x80,0xF3,0x91,0x2A,0x80,0xC7,0x01,0xB3,
    0x91,0x9A,0x95,0x81,0x60,0x0C,0x91,0xB3,0x11,0x3D,0x00,0x99,0x03,0x12,0x38,0xA9,
    0xD7,0x11,0x3A,0x69,0x2B,0x4B,0x00,0xC0,0xA2,0x03,0x00,0x3E,0x30,0xE3,0xA5,0x01,
    0x09,0xA0,0x13,0x2C,0x01,0x9A,0xC3,0xB7,0x81,0x88,0x92,0x3F,0x00,0xB1,0x03,0x0D,
    0xC0,0x03,0x9A,0xD5,0x93,0xD1,0x21,0x1C,0xB0,0x82,0x2C,0x0A,0x29,0x5A,0x1A,0x4A,
    0x0D,0xB8,0x94,0xB2,0xA2,0x08,0xD0,0xE3,0xB2,0x21,0x0C,0x2A,0x32,0x2E,0x89,0x48,
    0x1B,0x3A,0xA8,0x20,0x80,0xD0,0xC7,0x01,0x80,0x00,0x9C,0xA6,0x81,0xB2,0x97,0x19,
    0x88,0xB0,0x79,0xB1,0x11,0x99,0xC2,0x01,0xA3,0x39,0xAA,0xC4,0x05,0x18,0x4B,0x49,
    0xBA,0x94,0x00,0xB3,0xD7,0x82,0x90,0x88,0x92,0xD4,0x00,0xB0,0xB3,0x05,0xA8,0x93,
    0xA1,0x0B,0x71,0x89,0x90,0x90,0xA3,0x78,0x8A,0xD4,0x10,0x10,0x89,0x15,0x0B,0xD2,
    0x80,0x93,0x00,0x29,0xB2,0x0D,0x48,0x7A,0x3B,0xC0,0x98,0x10,0x08,0x30,0x20,0x8A,
    0xCD,0x94,0x11,0xE8,0x85,0x89,0x98,0x01,0x0D,0x02,0x1B,0x2C,0x92,0x0A,0x82,0xDB,
    0x85,0xB2,0x6C,0x0A,0xA8,0x00,0xB1,0x31,0x1E,0x09,0x38,0xD9,0x41,0x29,0x90,0x09,
    0x2A,0xF9,0x92,0x80,0x52,0x0B,0x7A,0xA8,0x00,0x4B,0x49,0xB9,0x82,0x58,0x8B,0xC4,
    0x09,0x40,0xB1,0x39,0x18,0xC1,0x39,0xA0,0x71,0x89,0x1B,0x35,0xBD,0x96,0x98,0x82,
    0x58,0x9A,0x82,0xC1,0x20,0x6A,0x29,0x1B,0x2B,0x22,0x2F,0x19,0xA9,0x32,0x00,0x2C,
    0x28,0xCA,0x7B,0x19,0x10,0x00,0x1F,0x18,0x99,0x01,0x88,0x0A,0x03,0x4C,0x49,0xAA,
    0x4D,0x39,0x0C,0x91,0x2C,0xA2,0x80,0x7C,0x99,0x10,0x3B,0x0A,0x7B,0xA8,0x08,0x00,
    0x89,0x38,0x8F,0xD1,0x02,0x8A,0x29,0xB8,0x12,0x7B,0x09,0xA1,0x4A,0x2A,0xE5,0x10,
    0x19,0xB8,0xA4,0xA1,0x11,0xD0,0x51,0x1A,0x10,0x89,0x30,0x0B,0xF4,0x22,0x8C,0xD3,
    0x83,0x98,0x10,0x19,0x7B,0x10,0x29,0x90,0x18,0xA2,0xA7,0x49,0x2B,0xC8,0x13,0x89,
    0x6C,0x0A,0x08,0x03,0xB2,0x18,0x12,0xBA,0x87,0x6C,0x8A,0x90,0x20,0xB1,0x6C,0x89,
    0x91,0x21,0xE2,0x11,0x2A,0x1A,0x00,0x1A,0x09,0xAB,0x95,0x88,0x5C,0x9A,0x81,0xA3,
    0xC4,0x18,0x0C,0x80,0xA1,0x4E,0x0A,0xE8,0x03,0xD0,0x28,0xA8,0x00,0x38,0x92,0x2F,
    0x2B,0x0A,0x11,0x1F,0x0A,0xC0,0x22,0x2C,0x0A,0x88,0x7A,0x2C,0x12,0x2C,0x2A,0xC0,
    0x12,0x88,0xF2,0x92,0x20,0x1A,0xF8,0x12,0x2A,0x08,0x50,0x1D,0x88,0x82,0xB0,0x02,
    0x88,0xD9,0x52,0x8B,0x90,0x39,0x8A,0x70,0x39,0xC8,0x94,0x0A,0x85,0x90,0x88,0xA8,
    0x7A,0xA0,0xC1,0x18,0x91,0x3B,0x14,0xF1,0x00,0xB1,0x20,0x99,0xD2,0x3A,0xA0,0x13,
    0xBA,0xE1,0x93,0x52,0xB2,0x86,0x09,0x30,0x3E,0x08,0x0A,0x89,0x78,0xB2,0x99,0xB4,
    0x91,0x59,0xB2,0x85,0x3A,0xB0,0x7B,0x39,0x9C,0x93,0x09,0x97,0xB8,0xB3,0x03,0x0A,
    0xA6,0x12,0x9B,0x96,0x90,0x30,0xCC,0x92,0x00,0xB2,0x90,0xD2,0x20,0xF8,0x94,0x01,
    0x99,0xA4,0xA3,0x59,0xF9,0x01,0x09,0x11,0x99,0x82,0x98,0xE1,0x97,0x10,0x89,0x18,
    0xA0,0xA2,0xF5,0x00,0x98,0x83,0x09,0x1A,0x8A,0xB4,0x23,0x2C,0xA9,0xA5,0xB2,0x91,
    0xA5,0x3E,0x8A,0x01,0x88,0x00,0x8B,0x22,0x6C,0x88,0x98,0xA2,0x81,0xC5,0x30,0x0F,
    0x91,0x00,0x81,0x1A,0x38,0xAA,0x45,0xA9,0xA5,0x78,0xB9,0x96,0x18,0x98,0x18,0x20,
    0x0A,0x2A,0x08,0x0C,0x95,0xC6,0x82,0xB8,0xA7,0x01,0x0A,0x90,0x00,0x4B,0x91,0x2A,
    0x2B,0x19,0x08,0x97,0xC1,0xA3,0xB6,0x6A,0x09,0xA8,0x90,0x28,0xB0,0x81,0x8D,0x21,
    0xD8,0x15,0xB9,0xD3,0x14,0x2D,0x3A,0x99,0x88,0x18,0xB1,0x31,0xA0,0x1C,0x23,0x34,
    0x9F,0x39,0x96,0x1B,0x08,0xA6,0x9C,0x13,0xB3,0x8A,0x91,0xA5,0x22,0x1B,0x43,0xCF,
    0x85,0x29,0xC1,0x21,0x0D,0x01,0xC0,0x00,0x01,0x89,0x01,0x86,0x99,0x3C,0x28,0xB9,
    0x20,0xA0,0x8D,0x90,0xC3,0x01,0xA0,0x48,0xB7,0x90,0x02,0x7A,0x0B,0x18,0x14,0x1A,
    0x0C,0x38,0x00,0x91,0x21,0x3B,0xD1,0x03,0x4D,0xC1,0x80,0xA2,0x28,0x4F,0xAA,0x19,
    0x99,0x90,0x6D,0x8B,0x01,0x91,0x88,0xA4,0x08,0x1C,0x21,0xF0,0xB2,0x39,0x18,0xF1,
    0x21,0x29,0x92,0x59,0xA8,0xA7,0x10,0x98,0x11,0xA8,0xE5,0x91,0x00,0xC2,0x48,0x0B,
    0x92,0x4A,0x89,0x18,0xA8,0xF3,0x02,0xC8,0xD3,0x80,0xC3,0xB3,0x4A,0x90,0xA2,0x40,
    0x18,0x4B,0x09,0xB0,0x83,0xC7,0x93,0xA1,0x21,0x00,0x4F,0x89,0x12,0x4B,0xA0,0x81,
    0x89,0xD1,0x70,0xAA,0x92,0x1C,0x18,0x89,0x2F,0x89,0x80,0x08,0x91,0x89,0xB2,0xD4,
    0x20,0xD8,0x01,0x9A,0x21,0x40,0x1F,0x10,0x1A,0x81,0x32,0x9A,0xB6,0xB6,0x02,0xD3,
    0x92,0x08,0x31,0x0A,0x5B,0xB1,0xA4,0x03,0xB3,0x91,0xA7,0xC1,0x13,0xA9,0x83,0x8C,
    0x89,0x33,0x9F,0x80,0x01,0x4E,0x0A,0x08,0x0A,0xAA,0x80,0x08,0x0C,0x8F,0x3A,0x2B,
    0x1E,0x90,0x29,0x39,0x2C,0x90,0xD3,0xB1,0x13,0x3D,0x29,0x2D,0x29,0x60,0x1C,0x81,
    0x83,0x78,0x88,0x23,0xC8,0x13,0x6B,0x98,0x04,0x3D,0x19,0x81,0x19,0xB2,0x11,0x6D,
    0x1A,0x08,0xB0,0xC3,0x02,0x8B,0xD5,0x88,0x09,0x00,0x8C,0xA2,0x08,0x1C,0xF2,0x83,
    0xD0,0x91,0x91,0xB1,0x93,0x1F,0x09,0x01,0x0B,0xB3,0xA2,0x5A,0x02,0x6B,0x89,0xC2,
    0x11,0xF3,0x21,0x0B,0x20,0x5B,0x89,0xB4,0x21,0x2A,0x23,0x20,0x5E,0x99,0x14,0x0B,
    0x13,0x0C,0x7A,0x18,0x1C,0x80,0x00,0x4B,0x90,0x11,0xF1,0xA2,0x01,0xB8,0x41,0x0F,
    0x09,0x80,0x0A,0xC1,0x18,0x0D,0x81,0x4B,0xC8,0xB1,0xA2,0xAB,0x06,0x0E,0x08,0x08,
    0x88,0x08,0x18,0x0B,0x81,0x12,0xF8,0x92,0x01,0x11,0x48,0x2B,0x4F,0x49,0x8A,0x82,
    0x10,0x4B,0xA6,0x12,0x28,0xD3,0x68,0xA0,0x02,0x81,0x3E,0x28,0xA0,0xA3,0x21,0x09,
    0x84,0x04,0xA1,0xD3,0x22,0x0C,0x29,0x3B,0x1F,0x28,0x1A,0xB8,0x10,0x8C,0x22,0x3B,
    0xF3,0xD3,0xA0,0xF3,0x11,0x9B,0x3D,0x08,0xD9,0x94,0x2A,0x8A,0x01,0xA0,0x08,0xF2,
    0x10,0x1A,0x3D,0x2A,0x8E,0x92,0xA1,0x08,0x38,0x9C,0x03,0x39,0x00,0x5D,0x1D,0x38,
    0x3B,0x1B,0x8E,0x95,0x90,0x01,0x10,0x19,0x98,0x36,0x0B,0xB5,0x59,0x99,0x30,0x90,
    0x2F,0x10,0xB8,0x83,0x81,0xE1,0x22,0x12,0x3E,0x20,0x1C,0x4A,0x29,0x2A,0x2C,0xD2,
    0x96,0x00,0x19,0x08,0x7B,0x08,0x29,0x88,0x3B,0x98,0x02,0x3B,0xAF,0x97,0x80,0x18,
    0x5B,0x99,0x39,0x3A,0x99,0x5B,0xA9,0x10,0x29,0xE8,0x7B,0x89,0x88,0x29,0xC2,0x91,
    0x3A,0x91,0x2A,0x9A,0xF4,0x81,0x18,0xD9,0x92,0x18,0x89,0x11,0xA9,0x7C,0x1A,0xB8,
    0x97,0x98,0x80,0x00,0x1A,0xC5,0x28,0x0A,0x10,0x51,0x1F,0x88,0x92,0x80,0x00,0x99,
    0x20,0xAC,0x97,0x08,0x89,0x03,0x23,0xEB,0xB6,0x82,0x08,0xA0,0x93,0x6B,0x09,0x7A,
    0x99,0xA1,0x28,0x42,0x8C,0x39,0x08,0x88,0x91,0xD0,0x02,0x4B,0xA0,0xB3,0xF2,0x32,
    0x7E,0x99,0x10,0x29,0x2B,0x90,0x18,0x09,0x93,0x91,0x92,0x5C,0x4D,0x4A,0x90,0x29,
    0x39,0x1B,0xB1,0xB5,0x6B,0xC0,0x94,0x10,0x1A,0x5C,0x1A,0xC3,0x81,0x98,0x93,0x88,
    0x08,0xB9,0x13,0xC9,0x72,0x8C,0x80,0xB1,0x97,0x88,0x2B,0xC3,0x28,0x1A,0x1F,0x89,
    0x11,0x9B,0xA4,0x8A,0xA6,0x41,0x0D,0x19,0x3A,0x99,0x81,0x8B,0xB2,0x94,0x80,0xC8,
    0xC2,0xA2,0x47,0x0C,0x98,0x83,0x19,0xA0,0xB9,0xB7,0x31,0x9A,0x21,0x8B,0x41,0x7B,
    0xE3,0x81,0x80,0x92,0x38,0xBA,0x03,0x6D,0x89,0x92,0x80,0x2A,0x78,0xA1,0xD2,0x21,
    0x88,0x88,0x81,0x8A,0x20,0xE5,0x01,0x81,0x8C,0xA7,0x94,0x98,0x38,0x98,0x90,0x00,
    0x1A,0x9A,0xB7,0x40,0x9A,0xA0,0xA5,0x84,0x39,0x0F,0x11,0x99,0x00,0x0A,0xB0,0x03,
    0x1F,0xB4,0x98,0x03,0x7A,0x99,0xB1,0x11,0x18,0x0C,0x2A,0xD1,0x21,0x9C,0xB7,0xA2,
    0x18,0x18,0xB7,0x80,0x08,0x90,0x39,0xCB,0x31,0x0C,0xB8,0x96,0x90,0x2A,0x39,0xA5,
    0x0A,0x0B,0x84,0xD8,0x11,0xA0,0x3C,0xC1,0x31,0x4F,0x8C,0x82,0x12,0x2A,0x2D,0x91,
    0xC2,0x01,0x90,0x80,0x20,0x5E,0x91,0x0B,0x23,0x40,0x2E,0xB1,0x02,0x98,0xA1,0x95,
    0x0A,0x83,0x7F,0xA8,0xA2,0x00,0x30,0xC3,0xA0,0x23,0xA8,0x28,0x91,0x4F,0x0A,0xD1,
    0x14,0xA9,0x82,0x58,0xA8,0xD2,0x22,0x1D,0x09,0x80,0x08,0x2A,0x9B,0x95,0x00,0x0D,
    0x01,0xA3,0x30,0x0F,0xA2,0x0A,0xB1,0x3B,0xB2,0xF8,0x85,0x08,0x19,0x90,0x87,0x0A,
    0x08,0x9A,0xA3,0x2C,0xE8,0x97,0x3A,0x0A,0x91,0x88,0x40,0x2D,0x01,0x1D,0x09,0xB3,
    0x39,0x1C,0xA3,0x29,0x3E,0x00,0x3D,0x8A,0x21,0x28,0xE9,0x09,0xB3,0xC3,0x2B,0x18,
    0x7B,0xC0,0x38,0xB0,0x8B,0x24,0x92,0xF8,0x49,0x90,0x18,0xAA,0x01,0x79,0x1D,0x80,
    0x11,0x9B,0x22,0x90,0xF4,0x18,0x80,0x98,0x95,0x4C,0x88,0xB2,0x59,0x39,0x2D,0x19,
    0x81,0x4B,0x59,0x1B,0x11,0xB0,0x90,0x73,0x9B,0x30,0x08,0xAA,0x96,0xA2,0x91,0x3A,
    0x32,0x3F,0x89,0x3B,0x29,0x82,0x3F,0x1F,0x80,0xB1,0x34,0x0B,0xC8,0x94,0x10,0x89,
    0x1A,0x38,0xD4,0x98,0x00,0x1D,0x93,0x08,0x40,0x1B,0xC0,0x51,0xF0,0x10,0x28,0x99,
    0xB0,0xC2,0x33,0xD9,0x21,0x4A,0x98,0x3A,0xB5,0x8A,0x79,0xD8,0x83,0x19,0x1A,0x39,
    0xF2,0x80,0x92,0xA0,0x01,0x8B,0xF1,0x22,0x0F,0x01,0xB0,0x21,0x19,0x9C,0x94,0x1A,
    0xB2,0xC1,0xB2,0x87,0xA9,0x02,0x4E,0x99,0xA4,0x81,0xD2,0x01,0xC2,0x82,0x0A,0x10,
    0x81,0xB9,0x83,0x7A,0x81,0xA3,0x7B,0x09,0x90,0xF3,0x11,0x1A,0x08,0x01,0xE0,0xC2,
    0x32,0x3B,0x99,0x84,0x83,0x2D,0x29,0xBB,0x43,0x2A,0xAB,0x33,0xCE,0x95,0x12,0x3D,
    0x08,0x18,0x8B,0x08,0x0E,0x03,0x2B,0x9B,0xC5,0xA1,0x10,0xB6,0x82,0x49,0x99,0x89,
    0x81,0x8D,0xB5,0xA2,0x08,0x60,0x1B,0x5C,0x81,0xA9,0x05,0x0C,0x18,0x5B,0x89,0x10,
    0xC9,0x91,0x93,0x94,0xB2,0xE5,0x58,0x80,0x99,0x0A,0x21,0x3C,0xBB,0x0D,0x31,0x86,
    0x11,0x81,0x11,0xC3,0xDB,0xD1,0x19,0x80,0x91,0xA8,0x18,0x9C,0x78,0x94,0x81,0x81,
    0xA1,0x02,0xF0,0x29,0x86,0x98,0x30,0x19,0xAB,0x03,0xCA,0x49,0x90,0xB3,0xB2,0x62,
    0xA0,0x02,0xAF,0x00,0x31,0x0D,0x91,0x4C,0x90,0xD2,0x28,0xA0,0x93,0x54,0xA1,0xB9,
    0xB8,0xD1,0x49,0x30,0xA4,0x02,0x8A,0xBD,0xB8,0x90,0x78,0x30,0x00,0xD5,0x00,0xA8,
    0x29,0x19,0x0A,0xB9,0xB4,0xB0,0xF0,0xA1,0x93,0x87,0x20,0x87,0x09,0x89,0x0A,0x0A,
    0x21,0x1E,0x20,0x99,0x95,0x10,0x2C,0x8B,0x13,0xA2,0x97,0x10,0x09,0xB9,0x0A,0xC7,
    0x4A,0x01,0xC3,0x29,0xB8,0x30,0x08,0x3D,0x3B,0x19,0x3B,0x9B,0x8F,0x83,0x90,0x41,
    0x87,0x90,0x81,0xD3,0x90,0x81,0x0B,0xD0,0xC3,0x89,0x31,0x0F,0x09,0x2B,0x93,0x1F,
    0x81,0xA3,0x14,0x2B,0x18,0xE2,0xC3,0x88,0x92,0x21,0x29,0xEA,0x03,0x1C,0x11,0x6C,
    0xBA,0x03,0x48,0x0B,0xA1,0x86,0xB1,0x31,0xDA,0x19,0x63,0x8B,0x01,0xB8,0x2F,0x19,
    0x39,0x18,0x10,0xBD,0x84,0x0A,0x19,0x79,0x29,0xC0,0x01,0xC0,0x83,0xA2,0x08,0xC2,
    0x22,0xB2,0xF3,0xB9,0xA3,0x22,0x9B,0x6E,0x4A,0x2B,0xA1,0x01,0x8A,0x96,0x81,0x10,
    0x8C,0x85,0x08,0x80,0xCB,0x22,0x2E,0x81,0xD3,0x08,0xA0,0x18,0xA3,0x0B,0x74,0xA9,
    0x39,0x82,0x2B,0x78,0xC0,0x28,0x0A,0xF2,0x01,0x88,0x1C,0x00,0xA1,0x28,0x10,0xA8,
    0x16,0x92,0xE4,0x3A,0x1C,0x0A,0x94,0x19,0xC2,0x94,0xD1,0x91,0x10,0xD4,0x81,0xB1,
    0x3A,0x01,0xE2,0x01,0x18,0x1A,0x1B,0xC6,0x31,0x0A,0x8A,0xD3,0xA2,0x12,0xF3,0xA1,
    0xD3,0x03,0x88,0xA2,0x8A,0xB9,0x16,0x28,0x90,0x9B,0x79,0xA8,0x79,0x4B,0x99,0x28,
    0x88,0x09,0x28,0x00,0xC3,0xB2,0x8C,0x01,0x83,0xF0,0x09,0x50,0xD8,0x95,0x91,0x80,
    0x28,0x92,0x8F,0x18,0x0A,0x11,0x1D,0x8A,0xA4,0x95,0x10,0x0A,0xB4,0xA6,0x98,0x10,
    0xB3,0xA8,0xB6,0x21,0x3D,0x99,0x19,0x29,0x01,0x92,0xA9,0xF8,0x53,0x88,0xA1,0x18,
    0x02,0x4F,0x3D,0x8A,0x00,0x10,0xA0,0x82,0xA9,0x10,0x18,0x1F,0xA1,0xE8,0xA5,0x01,
    0x2A,0x39,0xA0,0x93,0x72,0x0B,0x90,0x19,0xA2,0x2C,0x1D,0xB6,0xA2,0x91,0x80,0xE2,
    0x04,0x11,0xAA,0x1A,0x13,0xFA,0x11,0x91,0x3A,0x2A,0x31,0x2F,0x6A,0x2C,0x4A,0x18,
    0x2C,0x09,0xD8,0x82,0x28,0x1B,0x8B,0xA7,0x09,0x10,0xB2,0x87,0x90,0x00,0x18,0xBA,
    0x82,0x12,0xAD,0xB3,0x99,0x02,0x7D,0x8A,0x92,0x4C,0x88,0x40,0xB8,0x90,0x19,0x51,
    0x2A,0xF8,0xA2,0xA0,0xA6,0x10,0xE1,0x22,0x1A,0xB0,0x28,0x00,0x2C,0x81,0xD8,0x91,
    0x92,0x88,0x87,0x3C,0x5A,0x08,0x3B,0x0B,0x81,0x2A,0x4A,0x4A,0xF0,0x10,0x2A,0x01,
    0xDA,0xB6,0x82,0x10,0x3A,0x9A,0x1A,0x49,0x3C,0xF1,0x93,0x00,0x39,0x1D,0xA6,0x2A,
    0x1B,0x83,0x9B,0xB1,0x69,0x1A,0x99,0x78,0x1B,0x00,0xAA,0x97,0x1A,0xA5,0x83,0x8B,
    0xB2,0x28,0xD6,0x81,0x0A,0x11,0x10,0x39,0xF1,0x00,0x4A,0xA8,0xE2,0x94,0x09,0x81,
    0x10,0xA1,0xB3,0x5A,0xA1,0xD9,0x16,0x8A,0x90,0x00,0xA3,0xEA,0xA2,0x28,0x3A,0x98,
    0x39,0xB9,0x23,0xA7,0x1A,0xF8,0x95,0x00,0x88,0xA3,0x91,0x94,0xA2,0x23,0x04,0x0C,
    0x84,0xD6,0x90,0x80,0xA3,0x40,0x1B,0xB1,0x88,0x98,0x79,0x0A,0x9D,0x13,0x98,0x2A,
    0xF0,0x80,0x98,0x94,0xA2,0xA3,0xAB,0x17,0xB2,0x2A,0x45,0x8C,0x01,0x1A,0x30,0x09,
    0x4C,0x88,0x80,0x2C,0x20,0x9D,0x83,0x00,0xC9,0xA3,0x1F,0x08,0x01,0xAC,0xF8,0x91,
    0x88,0x91,0x03,0x9A,0x90,0x84,0x69,0x11,0x0E,0xA5,0xA2,0x10,0x5A,0x89,0x00,0x01,
    0x01,0xB2,0x78,0x00,0x4D,0x0A,0x83,0x02,0x2D,0x0C,0x91,0x80,0x28,0xB1,0xB1,0x1F,
    0x38,0xCA,0x2D,0x00,0xB0,0x19,0x0F,0x90,0x82,0x2D,0x90,0x00,0x19,0x90,0x99,0x09,
    0x61,0x85,0x8A,0xC4,0x88,0x94,0x30,0x0E,0x94,0x81,0x88,0x59,0xC1,0x13,0x88,0x40,
    0x8D,0x92,0x31,0x3C,0xB2,0xB1,0x97,0x09,0x08,0xA9,0x07,0xB0,0xE2,0x09,0x02,0x3A,
    0xC9,0x91,0x1A,0xF1,0x28,0x01,0x99,0x0B,0x22,0x0F,0x91,0x09,0x68,0x0B,0x00,0x10,
    0x3D,0x2D,0x80,0x19,0x90,0xB7,0x01,0x92,0xC8,0x86,0x91,0x90,0x94,0x82,0x92,0x85,
    0x98,0x41,0x0A,0x42,0x0D,0x10,0x29,0xB9,0xB8,0x40,0x23,0xD8,0x94,0x1B,0xA8,0x89,
    0x22,0x41,0x0F,0x99,0xE3,0xA8,0x28,0xA9,0xB2,0x92,0x0F,0xD2,0x19,0x8A,0x84,0x0B,
    0x29,0xD8,0x21,0x0D,0x84,0x19,0x1B,0x3E,0x81,0x10,0x30,0x2A,0xC0,0x08,0x68,0x2E,
    0x80,0x02,0xB1,0x24,0xCB,0xA6,0x30,0x90,0x06,0x19,0xA9,0x86,0x19,0x80,0x00,0xE2,
    0x02,0xA1,0x00,0x90,0xE8,0x92,0x18,0xA8,0xD6,0x01,0x90,0xD9,0xA4,0x19,0x1A,0x4B,
    0xC0,0x18,0x2B,0x9B,0x2A,0x19,0x2F,0x88,0x9A,0x80,0xA3,0xD4,0xA9,0x14,0xC1,0xA4,
    0x80,0xB3,0x08,0xF4,0x94,0x18,0x98,0x22,0x91,0x80,0x59,0x0C,0x33,0x09,0x70,0x19,
    0x0A,0x04,0x18,0x98,0x06,0x0A,0x22,0xA3,0x94,0x11,0x2F,0x88,0xA1,0x15,0x3B,0x08,
    0x40,0xDB,0xC4,0x00,0x09,0x01,0xD0,0xA5,0x4A,0x8B,0x10,0x89,0x2B,0x78,0x1C,0x0A,
    0x2A,0xB8,0x69,0x8D,0x81,0x18,0x09,0xC1,0x92,0x1C,0x19,0x88,0x90,0x93,0x5B,0x2D,
    0x2A,0x9C,0x60,0x0B,0x1A,0x12,0x2A,0xE1,0x48,0x2D,0x08,0x08,0x10,0xC4,0x11,0x18,
    0x10,0x1F,0x90,0x6A,0x89,0x12,0x19,0x20,0xE2,0x68,0x2B,0x99,0x33,0x9A,0x20,0x19,
    0x1D,0x29,0xB1,0x79,0x4A,0xA1,0x84,0x8A,0xC4,0x51,0x1C,0x00,0x18,0x89,0x29,0x29,
    0x88,0xF2,0x82,0x2B,0x5D,0xA1,0x81,0xD1,0xA1,0x01,0x09,0x5B,0xA1,0x00,0xA8,0x2A,
    0xF2,0xD2,0x08,0x18,0x08,0x12,0xAC,0x80,0xC0,0xC6,0x91,0x80,0xB2,0x89,0xB7,0xC3,
    0x80,0xD1,0x93,0x89,0x01,0x82,0x5B,0x0B,0x88,0xF1,0x93,0x90,0x40,0x09,0xE9,0x22,
    0x2D,0xA0,0x91,0x11,0xC2,0x52,0x3B,0x0C,0x39,0xA0,0xC3,0x79,0x08,0x89,0x00,0x10,
    0x2C,0xA0,0xC1,0x22,0x7A,0x38,0x2F,0xC1,0x00,0x81,0xC0,0x13,0x90,0x00,0x08,0xF3,
    0x80,0x91,0xB1,0x83,0x19,0x44,0xA8,0x8F,0x96,0x29,0xC0,0x22,0x9C,0x33,0x0D,0x92,
    0xB8,0x05,0x8B,0xA3,0x25,0x9A,0x02,0xC9,0x95,0x08,0x8A,0x95,0x39,0x89,0x81,0xE8,
    0xB4,0x82,0x08,0x90,0x59,0xC0,0xA2,0x1A,0xC2,0x88,0x91,0x2A,0x78,0x1F,0xA2,0x89,
    0xA1,0xC5,0x09,0x81,0x10,0x91,0xB0,0x2B,0x90,0x0D,0x5A,0x93,0x1B,0x40,0x0F,0x98,
    0x93,0x39,0x9A,0x82,0x81,0x97,0xC3,0xA6,0x20,0xAA,0x61,0x0C,0x82,0x0A,0x11,0xA8,
    0xA0,0xA2,0x6F,0x1A,0x02,0x89,0xC2,0x58,0x1D,0x08,0x00,0x29,0x99,0x92,0x89,0xA5,
    0x48,0x99,0x08,0x79,0x98,0x11,0x4D,0xA8,0x91,0x18,0x81,0x01,0x18,0x50,0x3A,0x8F,
    0xD2,0xB2,0x58,0x28,0x4A,0x09,0x0A,0x18,0x88,0x21,0x5D,0x88,0x28,0x1D,0x80,0x3D,
    0x92,0xCA,0x04,0x4C,0x18,0xB8,0x92,0x4A,0x9A,0xC4,0x11,0x9A,0x01,0xF2,0x03,0x0D,
    0xB1,0xA1,0x48,0xA8,0xA7,0xB1,0xA3,0x3A,0x3C,0x0B,0x31,0x0C,0x82,0x1D,0x08,0x30,
    0x2F,0x99,0x18,0x39,0xC5,0xA0,0x87,0x3B,0x0A,0xB1,0x04,0x2C,0x88,0x01,0x98,0x39,
    0x8C,0x00,0x79,0x80,0xB3,0x89,0x7A,0x2B,0x0A,0x91,0x33,0x9F,0x03,0x80,0x98,0x91,
    0x1B,0x12,0xD9,0x71,0xD3,0x30,0x3C,0x3E,0x88,0x29,0xC1,0x49,0xA1,0x21,0x0C,0xD1,
    0xA3,0x7B,0x88,0x83,0x80,0x2A,0x89,0xA0,0x96,0x48,0x99,0x01,0x29,0xE3,0x81,0xE3,
    0x01,0x09,0x29,0x19,0xA2,0x9A,0x14,0x8E,0x18,0xA2,0xC9,0x84,0x88,0xC6,0x08,0xB1,
    0x8A,0x48,0xA0,0x96,0xB0,0x80,0x28,0x8D,0xB2,0x21,0xAA,0x7F,0x0A,0xA1,0x92,0x1A,
    0x09,0x08,0x58,0x19,0x89,0x4C,0xB8,0xA5,0x90,0x92,0x5C,0x5B,0x88,0xE1,0x93,0x19,
    0x0B,0xA6,0x11,0x90,0x09,0x18,0x18,0x98,0x4D,0xA8,0xC6,0x83,0x19,0x98,0xD2,0x92,
    0x29,0xA9,0x05,0x81,0x2B,0x08,0x31,0x1C,0x9A,0x14,0x99,0x84,0x04,0x2F,0xC8,0xE3,
    0x01,0x81,0x31,0x3B,0x0B,0xE1,0x02,0xA2,0x5C,0xB0,0x81,0x11,0x19,0x00,0xBA,0xD6,
    0x12,0xA9,0x87,0xA1,0x09,0x91,0xB3,0x01,0x4C,0xC8,0x04,0x4B,0x28,0x0F,0xB1,0x90,
    0x11,0x38,0xA0,0x00,0x1D,0x6B,0x0A,0xC8,0x53,0x1D,0x3A,0x2A,0x90,0x08,0x0A,0xA9,
    0x16,0x2E,0xA1,0xB3,0x39,0x7A,0x9A,0x93,0x80,0x4A,0x2A,0x4A,0xD2,0x92,0x2D,0x1A,
    0x92,0x03,0xA2,0x0B,0x91,0xC2,0xC3,0x40,0x2C,0xA9,0x80,0x72,0x1C,0xC1,0x28,0x9B,
    0xB7,0x81,0x82,0xA8,0x30,0xA9,0x21,0x9F,0x11,0xB0,0x19,0x54,0x8D,0x80,0x3D,0x1C,
    0x00,0xB4,0xA2,0xB3,0x4D,0xA1,0x80,0x20,0x1A,0x99,0x10,0x79,0x4B,0xAA,0xA5,0x3A,
    0x80,0x30,0xB0,0x39,0x18,0xE3,0x50,0x0D,0x90,0x93,0x58,0x39,0x3B,0xBF,0x94,0x29,
    0x28,0x39,0xE8,0xA4,0x59,0x0A,0x80,0x18,0x80,0x09,0x20,0xD6,0x82,0x2B,0x1A,0x1A,
    0x01,0x4A,0x20,0x8E,0x82,0x88,0x19,0x00,0xE1,0x12,0x39,0x92,0xE7,0x2A,0x2A,0x90,
    0x20,0x84,0x3D,0x89,0x40,0x2E,0x09,0x19,0x09,0xA1,0x31,0x48,0xF0,0x29,0x2A,0x1D,
    0x01,0x80,0x28,0xCA,0x30,0x9A,0x9A,0x78,0xD8,0xA0,0x17,0x2B,0x3C,0x8B,0x08,0x01,
    0x4B,0x00,0xA9,0x28,0x24,0x0F,0x49,0xA9,0x91,0x85,0x20,0x2A,0x0E,0x90,0x82,0x08,
    0x84,0x39,0xC8,0x83,0x91,0xA6,0x08,0x81,0x78,0x3F,0x90,0x80,0x89,0xAA,0x06,0x1B,
    0x00,0xA1,0x11,0xB8,0x04,0x8C,0x90,0x6B,0x5B,0x89,0x28,0xF1,0x5A,0x99,0x82,0x19,
    0x2A,0x0A,0xB0,0x31,0xE8,0xB4,0x89,0x31,0xE9,0x51,0xB8,0xC3,0x91,0x7A,0x1A,0x09,
    0x01,0x09,0x50,0x9A,0xC3,0x10,0xA0,0x39,0xA7,0x90,0x92,0x19,0x29,0xA1,0x79,0x9B,
    0x97,0x89,0x49,0x09,0x08,0xF4,0x02,0x19,0x98,0xB3,0x19,0x81,0x09,0x00,0xB6,0x21,
    0x1A,0x1C,0xB7,0x91,0x29,0x48,0xF8,0x01,0x91,0x98,0xA3,0x28,0x18,0xD1,0x10,0x88,
    0xF0,0xC1,0x84,0x83,0x29,0xA9,0x92,0x3A,0x68,0x0C,0x00,0x28,0x1F,0x00,0x88,0x89,
    0x01,0x21,0x4B,0xB0,0x5B,0x9C,0x11,0x3A,0x20,0x0E,0xD2,0x08,0x21,0x8F,0x81,0x2A,
    0x88,0x7D,0x89,0x81,0x29,0xE1,0x81,0x90,0x91,0x10,0x20,0xAE,0xA5,0xA3,0x21,0x0A,
    0xD5,0x12,0x09,0x3A,0x98,0xF2,0x21,0x1A,0x98,0x22,0xC0,0x20,0x12,0x0C,0xA6,0xA9,
    0x30,0x29,0x90,0x82,0x2F,0x19,0xF3,0x89,0x92,0x1B,0x35,0x8A,0x3A,0xB9,0xF2,0x02,
    0xAB,0x02,0xF5,0x91,0x00,0x09,0x08,0x11,0x0C,0x5A,0xB8,0x82,0x0A,0x08,0x86,0x9A,
    0x9F,0x97,0x80,0x88,0x02,0x0A,0x84,0x92,0x1C,0xE2,0x30,0x99,0xA3,0x29,0x08,0x0A,
    0x7A,0xB2,0x11,0x89,0x7C,0x19,0x88,0x48,0x8A,0xA0,0x48,0xC1,0xB3,0x59,0xB9,0x93,
    0x18,0x20,0x7B,0x2B,0x99,0x96,0x1A,0x29,0x0A,0xF3,0x83,0x89,0x92,0x98,0x32,0x1C,
    0x2C,0x28,0x5B,0x1D,0xA6,0xA0,0xE3,0x11,0x1A,0xA0,0x81,0x51,0x8A,0x31,0xF0,0x20,
    0x0C,0x21,0x4B,0x1D,0x90,0x92,0xD5,0x10,0x19,0x89,0x01,0x91,0xB1,0x10,0xAA,0xB3,
    0x61,0xFA,0x00,0x00,0x80,0xC0,0x93,0x2C,0x88,0x81,0x02,0xF3,0x39,0x4A,0xF8,0x80,
    0xA0,0x84,0x90,0x3A,0x21,0x48,0xEA,0x06,0x2A,0x89,0x91,0x29,0x00,0xF1,0x50,0x9B,
    0x12,0x8A,0x23,0x6C,0x99,0x03,0xAB,0x84,0x89,0x92,0xB7,0xA0,0x11,0x89,0xE1,0x14,
    0x2F,0x19,0x90,0x29,0xB2,0x2A,0x08,0x99,0xA9,0xA0,0x72,0x2B,0x8E,0x31,0x0B,0x8A,
    0x71,0x1C,0x10,0x1A,0x39,0xCA,0x68,0xB9,0x93,0x80,0xC1,0x95,0x92,0x12,0x2F,0x08,
    0x19,0x48,0x9B,0x92,0x90,0x5B,0x59,0x69,0x8D,0x82,0x11,0x1B,0x99,0x93,0xC2,0x38,
    0xA1,0xB0,0x02,0x1F,0xC1,0x83,0x08,0x5B,0x69,0xC0,0x92,0x81,0x1A,0x98,0x13,0xF4,
    0x91,0x18,0xA8,0x82,0x38,0x8F,0x21,0x92,0x28,0x88,0x39,0xBD,0x13,0x29,0xF1,0xA8,
    0x7A,0x18,0x8A,0xA6,0x18,0x91,0x18,0x88,0xE1,0x6A,0x08,0xB0,0x82,0xF2,0x01,0x38,
    0x8A,0xE3,0x20,0x08,0x89,0x92,0x0B,0x20,0x1A,0x4C,0x9A,0x9B,0x07,0x1B,0xD2,0xA0,
    0x32,0x10,0x0F,0x80,0x89,0x58,0x08,0x91,0xA0,0xA8,0x83,0x50,0x0C,0x7B,0x08,0xA3,
    0xC8,0xA4,0xC6,0x01,0x80,0x81,0x28,0xBD,0x31,0x3A,0x91,0x08,0x8B,0x17,0x1E,0x92,
    0x39,0xB2,0xB8,0x29,0xFA,0x0C,0x70,0x18,0x88,0x33,0x82,0x99,0x9A,0xDA,0xAC,0x0A,
    0x87,0x39,0xF1,0x09,0x00,0x08,0x21,0x1A,0x02,0x01,0x90,0xB7,0x3C,0xB3,0x11,0xA5,
    0x98,0x1A,0xE9,0x81,0xA3,0x3A,0x85,0x01,0xC3,0x00,0x0F,0x0B,0x92,0x71,0x19,0x1A,
    0x2A,0xB4,0xA0,0x98,0x09,0x05,0x04,0xBB,0x96,0xCB,0x80,0xA3,0x95,0x33,0x08,0x9D,
    0xA8,0x0C,0x70,0x19,0x81,0xA1,0x38,0xAA,0xFB,0x81,0x8B,0x03,0x00,0xA3,0xC3,0x94,
    0x8D,0x01,0x87,0x20,0x6A,0x09,0xC8,0x90,0x00,0x21,0x0E,0x01,0x10,0xAB,0x91,0xB5,
    0x90,0x83,0xA3,0x87,0x92,0xB0,0x97,0x2B,0x08,0xB2,0x85,0xA0,0x48,0x2E,0x9B,0xA2,
    0x81,0x99,0x94,0xB7,0x88,0x00,0x3B,0x3A,0x43,0x2F,0x89,0x09,0x24,0x8B,0x38,0x40,
    0x0E,0x91,0xCA,0x82,0xA0,0x2D,0x90,0x29,0x39,0x80,0x21,0x83,0x72,0xD8,0x18,0x48,
    0xF1,0xA0,0xA3,0x69,0x99,0x82,0x08,0x3B,0xA2,0xCA,0x07,0x90,0xA1,0x08,0x23,0x94,
    0xFA,0x00,0x89,0x04,0xC3,0x00,0x80,0x8A,0x91,0x7A,0x98,0x29,0x08,0x9E,0xC1,0xB4,
    0x82,0x83,0xB3,0xC5,0x02,0x88,0x01,0x09,0x02,0xE9,0x82,0xB8,0xF3,0xB2,0x3B,0x4D,
    0x2A,0x7B,0x08,0x98,0x94,0xB1,0x82,0x3B,0xA0,0x28,0x29,0xB0,0x8A,0x79,0x7C,0x29,
    0xA9,0x83,0xA8,0x95,0x5B,0xA9,0x94,0x91,0x9A,0x01,0xA6,0x01,0x00,0xB0,0x95,0x5C,
    0x8A,0xC0,0x12,0xAA,0x31,0xCA,0x11,0x10,0x2C,0x48,0x00,0x6D,0x2B,0x4B,0xA9,0x11,
    0x81,0xBA,0xE5,0x92,0x2C,0x81,0x91,0x83,0x3A,0x2D,0x00,0x01,0x09,0xF3,0x81,0x3F,
    0x3A,0x89,0x88,0x6B,0x29,0x08,0x91,0xA4,0x09,0x19,0xD9,0x14,0x2C,0x2B,0x80,0x2B,
    0xA4,0x87,0x9A,0x00,0x68,0x29,0x0B,0x0D,0x28,0x1C,0x90,0xF2,0x84,0x09,0x09,0x91,
    0x02,0x0A,0x83,0xA2,0xBA,0x07,0x08,0x99,0xA5,0x91,0x0B,0x89,0x69,0x89,0x7C,0x90,
    0xAA,0x02,0x38,0x39,0xF9,0xA3,0xC2,0x02,0xB3,0x11,0xF6,0x11,0x98,0x08,0x11,0x0C,
    0x28,0x0B,0xC0,0x22,0x2B,0x80,0x58,0x12,0x48,0x3D,0x0F,0x08,0xC3,0x01,0x1A,0x19,
    0x81,0x0A,0xC6,0x88,0x93,0xB7,0x00,0x0B,0x41,0x1B,0xA9,0x6A,0x98,0x32,0x9B,0x22,
    0x2A,0x08,0xB7,0x39,0xBA,0xD6,0x10,0xB1,0x10,0x2C,0x08,0x1B,0x82,0x92,0x2F,0x83,
    0x19,0x99,0x95,0x03,0xD5,0x3A,0x0A,0xA4,0xB3,0x18,0x90,0xF3,0xB5,0xC4,0x10,0x91,
    0x08,0xA0,0xA2,0x3D,0xE2,0x82,0x80,0xB1,0xA2,0x39,0x8A,0xB2,0x7E,0x88,0x90,0x28,
    0x9B,0x31,0x0B,0x7B,0x39,0x89,0x0A,0x2E,0x38,0x4E,0x09,0x98,0x5A,0x2A,0xA0,0x21,
    0x49,0x0A,0x2A,0xB0,0x99,0x87,0xB0,0x83,0xA6,0xA0,0x49,0x0B,0x5A,0x5B,0x99,0x83,
    0x3C,0xA1,0x30,0x0D,0x82,0x82,0x8A,0xA0,0x80,0x32,0xDA,0x9D,0x5D,0x00,0x99,0x99,
    0x02,0x7A,0x89,0x1C,0x20,0x09,0x99,0xA1,0x87,0x18,0x5C,0x4B,0x99,0x94,0xA9,0x01,
    0x21,0x1A,0x9D,0xA4,0x09,0x31,0x1F,0xC1,0x84,0x3B,0xAA,0x93,0xB3,0x7C,0x19,0x29,
    0x3A,0x0B,0x38,0xE5,0x92,0x5B,0x18,0xC0,0x18,0xA1,0x18,0x98,0xA8,0x54,0x2A,0xD2,
    0x49,0x89,0x40,0x0A,0x09,0x29,0xB8,0xF4,0x01,0x00,0xA8,0x13,0x09,0x40,0xCA,0x68,
    0x0A,0x92,0x1E,0x08,0x98,0x95,0x3B,0x29,0x71,0x8C,0x12,0x89,0x00,0x00,0x0D,0x00,
    0x1B,0xAB,0x04,0x2A,0x88,0xD5,0x20,0x12,0xCA,0x33,0x99,0x4A,0x8A,0x98,0x87,0x39,
    0xC1,0x93,0x23,0x01,0xB9,0xB7,0x7A,0xAA,0x98,0x09,0xB7,0x18,0x10,0xC9,0x22,0x98,
    0x28,0xA0,0xF5,0x88,0x82,0x6C,0x99,0x00,0x29,0x10,0x1F,0x00,0x09,0x82,0xCA,0x91,
    0x01,0x88,0x22,0x1F,0x01,0x48,0x2B,0x02,0x3E,0x80,0x1C,0xB9,0x84,0x18,0x89,0x15,
    0xE0,0x68,0x2A,0x89,0x01,0x0B,0x00,0xB3,0x1F,0x91,0x82,0x09,0x83,0x49,0x20,0xF1,
    0x90,0xA3,0x29,0x3B,0xBF,0x68,0x98,0x89,0x02,0x89,0x94,0x89,0x4A,0x93,0x0E,0x5A,
    0x2A,0x89,0xD0,0x94,0x11,0x98,0x08,0xC2,0x03,0x81,0xBB,0x84,0xC1,0xA9,0x31,0x2F,
    0x92,0xAB,0xA5,0x20,0x3A,0x80,0x3C,0xB7,0x7B,0x09,0xA1,0x19,0xC1,0x10,0x6A,0x98,
    0x6A,0x88,0x00,0x18,0x1C,0x10,0x09,0xF3,0x18,0x19,0x83,0x3C,0x3B,0x20,0x3D,0x29,
    0x0B,0xA5,0x99,0x3E,0xA0,0xA2,0x81,0x42,0x49,0xF2,0x80,0x5B,0xA8,0xA4,0x0B,0x82,
    0x90,0xA6,0x30,0x0C,0x12,0xA8,0x4A,0xB4,0xA8,0xB2,0x1D,0x09,0xD5,0x10,0xE2,0x03,
    0x80,0xB0,0x93,0x31,0x8F,0x81,0x98,0x00,0x50,0x1C,0x32,0xAA,0x01,0x97,0x29,0x99,
    0x89,0x00,0xA8,0xAA,0x7A,0x2A,0x00,0xA0,0x92,0x3F,0xF3,0x10,0x1A,0xA9,0x79,0x0A,
    0x81,0x20,0x8C,0x12,0x08,0x9B,0x09,0x0D,0x02,0x2D,0x1A,0x19,0x85,0x31,0x2F,0x10,
    0x90,0x1F,0x92,0x18,0x3A,0xB0,0x4A,0xA3,0x34,0x9B,0x94,0x63,0x9D,0xB3,0x29,0x8A,
    0x98,0xA3,0x97,0x80,0xB5,0x02,0x1A,0xE1,0xB2,0x99,0xA4,0x39,0x99,0x92,0x59,0xE3,
    0x21,0x1D,0xB1,0x98,0x18,0xAB,0x4A,0x99,0x21,0xB7,0x93,0x6D,0x19,0xA0,0x88,0x19,
    0x80,0x4B,0x39,0x2C,0x04,0x7B,0x8A,0x18,0x90,0x1C,0xD1,0x20,0xA8,0x94,0x10,0x21,
    0x7C,0x88,0x8A,0x22,0x0D,0xA0,0x02,0x9A,0x15,0x39,0xE0,0x51,0x98,0x98,0x5B,0x99,
    0xB1,0x3A,0x90,0x84,0x18,0x82,0x70,0xD0,0xC3,0x40,0x9B,0xA2,0x38,0x99,0x04,0xC2,
    0x41,0x28,0xCB,0xB6,0x38,0x0E,0xC1,0xA2,0xA4,0x59,0x90,0x29,0x80,0x98,0x83,0xBA,
    0x6A,0xC2,0xA1,0x81,0x6C,0x90,0x08,0x02,0x0B,0x21,0xCC,0x02,0x81,0x8A,0x7A,0x89,
    0x04,0x98,0xD3,0x01,0x81,0xBB,0x81,0xB3,0xB7,0x38,0xCA,0x87,0x3A,0x9A,0x80,0x31,
    0xBD,0xD2,0x04,0xB1,0x39,0xD0,0x13,0x08,0x89,0xF1,0x03,0x0A,0xB0,0x21,0xA9,0xE1,
    0xA4,0x58,0x19,0x1A,0x08,0xC8,0x87,0x2C,0x18,0x4A,0xE1,0x82,0x28,0x18,0xA9,0xA3,
    0x02,0x90,0x10,0xF1,0x02,0xC2,0x1B,0x28,0x21,0x9D,0xF4,0x12,0x09,0x09,0x80,0x1A,
    0x87,0x8C,0x11,0x08,0xB9,0xC5,0x11,0x80,0xA8,0x92,0x2A,0x00,0xF9,0x20,0x1E,0x91,
    0xB3,0x59,0x88,0x29,0xD2,0x90,0x21,0x9F,0x94,0x81,0xA1,0x91,0x7B,0x91,0x01,0x9A,
    0x1A,0xA2,0xA7,0x8C,0x01,0x60,0x89,0x00,0x20,0x3C,0xB1,0x10,0x09,0xB5,0x0E,0x91,
    0x11,0x38,0xF1,0x92,0x00,0xC1,0x88,0x2B,0xC1,0x19,0x5B,0x00,0xD2,0x28,0x83,0xA7,
    0x91,0x01,0x89,0x62,0xAC,0x13,0x18,0xA2,0xA5,0x12,0x09,0x2C,0x2D,0xD9,0xA3,0x99,
    0x18,0xC5,0x81,0xD3,0x82,0x88,0x2A,0x8B,0x8D,0x59,0x1B,0x08,0xD3,0x12,0xA3,0x18,
    0x60,0x8C,0xB4,0x91,0x29,0x31,0x2C,0x91,0x52,0x31,0x1C,0x01,0xBB,0xB3,0xE7,0x08,
    0x80,0xA0,0x01,0x99,0xA7,0x19,0x1A,0xDA,0x82,0x1E,0x91,0x81,0x2C,0x80,0x82,0x12,
    0xD0,0x69,0x89,0x38,0x2C,0x1A,0x38,0x3C,0x80,0x98,0x78,0x28,0x3A,0xA2,0x4F,0x18,
    0x2B,0x28,0xB8,0x15,0xBA,0x31,0x08,0x0A,0x0A,0x5F,0x88,0x1D,0x1A,0x08,0x2B,0xDA,
    0x08,0x03,0xCC,0x82,0x94,0x88,0x1C,0x99,0x07,0xB8,0x91,0x7A,0x98,0x82,0x88,0xB4,
    0x85,0x1A,0xB1,0xA5,0x01,0x98,0x10,0x5A,0x1A,0xA5,0x11,0x3A,0xF3,0x11,0xA9,0xA2,
    0x91,0x1B,0xC7,0x21,0x2B,0x89,0x11,0x0D,0xA9,0xB9,0x31,0x8F,0x8A,0x01,0x68,0xB8,
    0x10,0x7B,0x98,0xA1,0x0C,0x38,0xB9,0x29,0x83,0x6B,0x38,0x2C,0x20,0xD0,0x11,0xFB,
    0x84,0x90,0xA0,0x87,0x28,0x00,0x81,0x42,0xB8,0x93,0x29,0x29,0xD3,0x7A,0x00,0x19,
    0x30,0x8C,0xA3,0x08,0x2C,0xF0,0x00,0x1B,0x00,0x10,0x8F,0xA3,0x82,0x9B,0xD2,0x00,
    0xA9,0x9B,0x3A,0xBC,0xB7,0x81,0x22,0x98,0x1A,0xE0,0x20,0x2D,0x8E,0x12,0x98,0x10,
    0xB2,0x35,0x99,0x21,0x4C,0x4A,0x29,0x1F,0xA2,0xB3,0x7A,0xA0,0x21,0x19,0x18,0x81,
    0x3C,0x11,0x0A,0xB5,0x10,0x50,0xF3,0x10,0x80,0x28,0x1A,0x4C,0x29,0xEA,0x82,0x2C,
    0x29,0xE1,0x89,0x92,0x08,0x89,0x9A,0x12,0xF8,0x19,0x2C,0x19,0xF3,0x09,0xB5,0xA2,
    0x28,0x88,0x91,0xF3,0x39,0x19,0x0B,0x18,0x89,0x81,0x69,0x1B,0xE3,0x94,0xB2,0x48,
    0x90,0xA0,0x12,0xC9,0x06,0x38,0x2A,0x50,0x0A,0x30,0x2F,0x90,0xD3,0x02,0xB8,0x33,
    0x29,0x8A,0x26,0x1D,0x02,0x9A,0xA3,0x81,0x98,0xD4,0x30,0xA2,0xC0,0x96,0x08,0x91,
    0xDC,0x21,0x0A,0x19,0x0B,0x78,0x98,0x00,0x08,0x02,0xC2,0xAF,0xA3,0x81,0x9A,0x91,
    0x7D,0xB0,0xA1,0x10,0xA2,0x0B,0x8F,0x88,0x88,0x5B,0x8B,0x08,0x97,0x98,0x11,0x92,
    0x4A,0xC9,0x81,0x30,0x1B,0x01,0x5E,0x00,0x39,0xA0,0x00,0xA1,0xCC,0x71,0x1B,0x80,
    0x91,0x50,0xA1,0x48,0x90,0x31,0xB9,0xF0,0x85,0x88,0xA2,0x02,0x40,0x81,0x50,0x89,
    0x4A,0xA2,0xD1,0x4A,0x98,0x03,0x28,0x3B,0x06,0x39,0x98,0x38,0xD0,0xE4,0x49,0xA8,
    0x10,0x89,0x2A,0x04,0x2E,0x8A,0x00,0xD2,0xC0,0xB1,0xA2,0x12,0xFA,0x04,0x18,0x8B,
    0xA3,0x8A,0xB7,0x09,0xB8,0x22,0x3E,0xAB,0x22,0x3D,0x0C,0xD2,0x08,0x11,0x8D,0xA1,
    0x18,0x01,0xC3,0x79,0x3A,0x88,0x82,0x3B,0xA3,0x98,0xD0,0xA1,0x23,0x89,0x02,0x3F,
    0x28,0x80,0x2F,0x21,0x8F,0x81,0x2A,0xA1,0x93,0x6B,0x89,0x95,0x08,0x98,0x97,0x1A,
    0x88,0xB1,0x04,0x89,0x2A,0x48,0x88,0xB9,0xC4,0x05,0x0A,0xD1,0x20,0x3A,0xE2,0x59,
    0x0A,0x81,0x00,0xA9,0x85,0x09,0xC1,0x94,0x9A,0xA7,0x80,0x82,0x29,0x29,0xC5,0x58,
    0x0A,0x81,0x6A,0xA9,0x21,0x2A,0xD1,0x03,0x98,0x83,0x00,0x0B,0x81,0xCB,0xF4,0x91,
    0xE3,0x91,0x90,0x84,0x80,0x99,0x22,0xD1,0x88,0x91,0x70,0xAA,0x81,0x30,0x0E,0x01,
    0xAB,0x97,0x28,0x0E,0x91,0x19,0x91,0xA0,0x39,0xAB,0x92,0xC5,0x13,0x1C,0x4B,0x29,
    0x8E,0x04,0x09,0x08,0x09,0x19,0x21,0x2E,0x00,0x91,0xB9,0xF1,0x21,0xA8,0x82,0x49,
    0x7B,0x08,0x1A,0x05,0x3A,0x3C,0x8B,0x01,0x18,0x1C,0xA4,0x81,0xD3,0x3C,0x02,0x3B,
    0x3B,0xE2,0x21,0xA1,0xCC,0x47,0x0B,0x80,0xA1,0x31,0xF2,0x00,0xA2,0xB2,0xB0,0xC4,
    0x30,0x0D,0x02,0x9A,0x91,0xA1,0x94,0xB0,0x13,0x7A,0x38,0x0B,0x4D,0x93,0xA1,0x20,
    0xE1,0x81,0xA1,0x40,0xF0,0x93,0x09,0x9B,0x02,0x2C,0x4A,0xA2,0x3B,0x88,0x8F,0xA5,
    0x88,0x21,0x0E,0x19,0xA1,0x98,0x97,0xA8,0x23,0xBC,0x00,0x18,0x9A,0x41,0x1E,0x99,
    0x98,0xC1,0x84,0x59,0xBA,0x93,0x1A,0xA1,0xC0,0x6D,0x98,0x13,0xC9,0x01,0x3A,0xC8,
    0x13,0x98,0xA8,0x87,0x1A,0x98,0x27,0xB9,0x93,0x3E,0x39,0x88,0x48,0x20,0x4C,0xF1,
    0x91,0x11,0xAA,0x85,0x90,0x11,0x8C,0x21,0x79,0x1C,0x90,0x10,0x2A,0x21,0x0C,0x11,
    0x2C,0xA3,0xF2,0xA2,0xA3,0xD1,0x33,0xD8,0x02,0x1B,0xA0,0x12,0x93,0x8E,0xA0,0x6B,
    0xA3,0x6A,0x2A,0x2A,0x29,0xA8,0xA4,0xA9,0x3A,0x41,0x0E,0xD2,0x01,0x80,0x08,0xC3,
    0x28,0x1E,0x1A,0x84,0x1D,0x18,0x19,0x4C,0x08,0x3B,0xAA,0x61,0x38,0x0A,0xB8,0x49,
    0x1B,0x92,0x8A,0x90,0xF2,0x18,0x61,0x9C,0x89,0xA5,0x00,0x90,0x99,0x09,0xF0,0x30,
    0xA3,0xDB,0x04,0xB9,0x07,0x39,0x1F,0x80,0x29,0x98,0xB1,0x00,0x80,0x78,0x09,0x88,
    0xA8,0xA2,0x96,0x81,0x91,0x84,0x48,0xA9,0xA1,0x3D,0xA9,0xB7,0x03,0x89,0x88,0x15,
    0xA0,0xD2,0x10,0x29,0x99,0xA4,0x08,0xA3,0x7C,0x88,0x18,0x39,0xCB,0x11,0x9A,0xC5,
    0x33,0x3C,0x1E,0x08,0x2C,0xA1,0x7B,0x0A,0x11,0x0A,0x28,0x8B,0x3B,0x10,0xF1,0x02,
    0x3B,0x6C,0x9A,0xB1,0x84,0x2A,0x02,0x9B,0xC3,0x96,0x2C,0x02,0x89,0x11,0xC0,0x11,
    0x2C,0x98,0x92,0xF3,0x05,0xA9,0x82,0xB8,0xD4,0x68,0xA8,0x82,0x92,0x18,0x9B,0x94,
    0x80,0x8A,0x87,0x98,0x10,0xD0,0x88,0xB3,0x82,0xC3,0x42,0xBB,0x4D,0x08,0x7B,0x8A,
    0x01,0x3A,0x98,0x30,0x9E,0x49,0x18,0x6B,0x98,0x19,0x89,0x97,0x0A,0x01,0x00,0x1C,
    0xC5,0x00,0x89,0xA1,0x50,0x08,0xA2,0xB8,0x91,0xA7,0xA0,0x85,0x19,0xA0,0x84,0x3C,
    0xA8,0x90,0x28,0x22,0xA4,0x3C,0xF0,0x81,0x91,0x93,0xB9,0xB7,0x94,0xB0,0x48,0xA8,
    0x19,0x33,0x5C,0xBA,0x3A,0x1C,0xA0,0x43,0x8B,0x8A,0x31,0xF8,0x3A,0x19,0x98,0x78,
    0x49,0x0A,0x91,0x0D,0x81,0x43,0x8C,0x90,0x48,0x2C,0x88,0x58,0xC9,0x12,0x01,0xAB,
    0x23,0xF2,0x29,0x80,0x15,0x9E,0xB1,0x14,0xC8,0x20,0x61,0x99,0x98,0x3A,0xB8,0x9D,
    0x18,0xA6,0x34,0x00,0x88,0x80,0xE2,0x08,0x8B,0x9A,0x00,0x6A,0x9A,0x1C,0x29,0x78,
    0x10,0x10,0x2D,0x1A,0x0A,0x89,0xA8,0x07,0x02,0x91,0x81,0x0A,0xA8,0xA1,0x84,0x2F,
    0x0A,0x24,0xC3,0x48,0xBB,0x32,0x0F,0xC2,0x83,0xB0,0x10,0xB8,0xF4,0x80,0x11,0x31,
    0x81,0xF1,0x08,0xAB,0x88,0x41,0x7A,0x80,0x91,0x80,0xC9,0x08,0x70,0x08,0x1D,0x18,
    0x82,0x0B,0x9A,0x80,0x83,0x1F,0x00,0xC1,0xA1,0x8A,0x83,0x93,0xC6,0x31,0x00,0x33,
    0xAF,0x19,0x4A,0xB8,0x19,0x61,0x28,0x10,0xBA,0x8E,0x80,0x21,0x82,0x19,0x34,0x99,
    0x91,0xA7,0x2C,0x85,0x98,0x4C,0x19,0x8A,0xC1,0x8A,0x30,0x79,0x2A,0x39,0xAB,0x09,
    0x5B,0x4A,0x92,0xE1,0x20,0xC9,0xB4,0x52,0x02,0x0C,0x1A,0x8A,0xD0,0x83,0x1A,0x2A,
    0x8C,0xA4,0x85,0x1A,0x28,0x3A,0x1C,0x93,0x10,0x30,0x8F,0x92,0x3A,0xB4,0x00,0x7A,
    0x89,0x0C,0x02,0x9D,0x78,0x88,0x29,0x08,0x82,0x18,0xF8,0x81,0x4A,0x59,0x19,0x8A,
    0x98,0x89,0xD2,0xA1,0x04,0x02,0x9D,0x90,0x88,0x90,0x00,0x95,0x10,0x03,0x2E,0x01,
    0x1E,0x30,0x10,0x4A,0x29,0x8C,0x98,0xF3,0x39,0x8A,0x2B,0x78,0x19,0x0A,0x84,0xB2,
    0x39,0xAA,0x97,0x80,0xA2,0x01,0xD9,0xA2,0x84,0xAA,0x82,0xC4,0x08,0xE4,0x93,0x92,
    0x81,0xA9,0x4A,0x38,0x3E,0x90,0x5A,0x1A,0x39,0x80,0x8F,0x12,0x9D,0x90,0x86,0x80,
    0x4B,0xA0,0xA1,0x39,0x28,0xA1,0xD9,0x24,0x0B,0x48,0x81,0xF1,0x00,0x00,0x3B,0x1D,
    0x01,0x2A,0x3E,0x3A,0x4A,0x8B,0xF3,0x82,0xC2,0x28,0x5B,0x90,0x81,0x1A,0x1B,0x19,
    0xB6,0x20,0xB1,0xAB,0x27,0x8A,0xA0,0xC3,0x4C,0x49,0xA8,0x84,0xC0,0x28,0x02,0x9A,
    0x40,0x2E,0x0B,0x18,0x01,0x7B,0x20,0x0C,0x90,0x91,0x01,0xC0,0x18,0x11,0xA8,0xD9,
    0x7D,0xA0,0x82,0x88,0x82,0x12,0x0D,0x20,0xD0,0x89,0xC8,0x84,0xC1,0x02,0x18,0x9D,
    0x82,0x6B,0x29,0x4A,0x1A,0x2B,0x88,0xB3,0x12,0xBD,0x85,0x2C,0xA0,0x10,0xDA,0xA7,
    0x81,0x94,0x19,0xB1,0xA1,0x07,0x89,0x39,0x2A,0xB9,0x94,0x6B,0x99,0x01,0x92,0x2B,
    0x30,0x5A,0x09,0xB9,0x3D,0xDB,0x96,0xA3,0x98,0xB2,0x10,0xA2,0x6A,0x90,0x6A,0x1B,
    0x88,0xA2,0x30,0xD0,0xA1,0x85,0x08,0x8A,0xAD,0x21,0xE3,0x3B,0xD3,0x01,0x01,0x4A,
    0x1D,0x20,0x92,0xD8,0x38,0xD3,0x02,0xDA,0x12,0x1A,0x81,0xA1,0xA5,0x1B,0x19,0x14,
    0x89,0x10,0x2D,0x7A,0x98,0x11,0xB8,0xC1,0x01,0xF9,0xA4,0xB2,0x18,0x02,0x38,0x28,
    0x0F,0x49,0x98,0x39,0xB5,0x00,0x69,0x0A,0xA0,0xB4,0x18,0x38,0x1F,0x91,0x28,0x9B,
    0xB3,0x97,0x98,0x85,0x39,0x9A,0xA6,0x80,0x88,0x0A,0xA2,0xA4,0x18,0x58,0x0D,0x19,
    0x6B,0x88,0x3A,0x2C,0xA2,0x2A,0xE0,0xA6,0x08,0x09,0x88,0xB0,0x96,0x29,0x9A,0x14,
    0x19,0x9A,0x11,0xB0,0xD5,0x94,0x98,0x0A,0xB1,0x31,0x5A,0x1B,0x11,0xCA,0x17,0x2A,
    0x80,0xC1,0x51,0x1B,0x09,0x4B,0x19,0x88,0x82,0x89,0x86,0xFB,0x01,0x32,0x0D,0xA3,
    0x09,0x33,0xEA,0x3A,0xB1,0xF1,0x93,0x89,0xE2,0x21,0x19,0x3B,0x2C,0x88,0xB5,0x49,
    0x89,0xA2,0x40,0xB8,0xC0,0x11,0x1F,0x98,0xB3,0x30,0x3F,0xB9,0x93,0xA5,0x19,0x97,
    0x19,0x88,0x08,0x18,0x80,0x88,0x3A,0x1F,0x49,0x98,0x00,0x7A,0x99,0x01,0xA2,0x02,
    0x1F,0x10,0xB2,0xD1,0x41,0x1D,0x18,0xB9,0x97,0x80,0x08,0x91,0x81,0x01,0xC4,0x18,
    0x08,0x10,0x0D,0x92,0x20,0xF0,0x92,0x91,0x39,0x99,0x31,0xE2,0x00,0x78,0x0B,0xA2,
    0x10,0x1F,0x08,0x00,0xB8,0x48,0x92,0x0B,0x7B,0xB8,0x01,0x20,0x02,0xB0,0x8C,0xB5,
    0x19,0x4B,0x4C,0xE9,0x02,0x90,0x29,0x2F,0x88,0x82,0xA0,0x33,0x0E,0x08,0xA1,0x99,
    0x84,0x99,0xB5,0x80,0xE4,0x83,0x3C,0xA1,0x11,0x18,0x02,0x1C,0x20,0xCA,0x97,0x1A,
    0x29,0x88,0x39,0xF3,0x20,0x91,0x8B,0x23,0x68,0x9C,0x79,0xA0,0x91,0x39,0xF9,0x11,
    0xB0,0x20,0x8B,0x7B,0x90,0x09,0x01,0x09,0xB8,0x85,0x31,0x9F,0x82,0x88,0x18,0xB0,
    0x82,0x1F,0x88,0x52,0x0D,0x00,0x88,0x18,0x28,0x09,0x1D,0xA2,0xD8,0x51,0x8A,0x91,
    0xA8,0x79,0x90,0xA1,0x13,0x0B,0x6A,0x08,0x11,0x8C,0x95,0x1B,0x41,0xC9,0x92,0x08,
    0x11,0x7B,0x5D,0x90,0x08,0x80,0xA0,0x82,0x80,0xA9,0xD1,0x34,0x8C,0x80,0xC8,0x95,
    0x41,0x2C,0x18,0x1A,0xB0,0x85,0x29,0x99,0x99,0x79,0x99,0xB1,0xA2,0x20,0x29,0x60,
    0x2F,0x2A,0x80,0x18,0x09,0x10,0xF0,0x88,0x10,0x13,0x1F,0x90,0x2B,0xB9,0x07,0x29,
    0x0B,0x08,0xA2,0xD1,0xA4,0xB2,0x3F,0x88,0x92,0xB1,0x0A,0x40,0xF4,0x11,0x19,0x0B,
    0xB3,0xA3,0xA7,0x00,0x18,0x8C,0x02,0x98,0x82,0x81,0x1A,0xD4,0x51,0x3C,0xA0,0x02,
    0xA0,0x20,0x79,0xC9,0x81,0x39,0x00,0x0A,0x90,0xB2,0xF3,0x35,0x4D,0x8B,0x81,0x98,
    0x01,0x2D,0x28,0x8E,0x00,0x29,0x1B,0xE0,0x82,0xB2,0x78,0x0A,0xA1,0x81,0x7A,0x0A,
    0x39,0x8A,0xB0,0x5B,0x09,0x00,0x0A,0xC1,0x91,0x50,0x7C,0xB8,0x83,0x09,0x91,0x69,
    0x89,0x9A,0x41,0x8A,0x10,0x89,0x10,0x3A,0x78,0x39,0xF0,0x02,0x98,0x11,0x21,0x1E,
    0xA8,0x18,0x6C,0x09,0x3A,0x18,0x2C,0x10,0x89,0xB7,0x10,0x28,0x09,0x1B,0xD2,0xA8,
    0x01,0x20,0x70,0x1F,0x08,0x18,0x91,0x39,0x92,0x3F,0x2B,0x88,0x92,0xC8,0xB2,0x12,
    0x4A,0x6A,0x8E,0xA3,0x11,0x09,0x31,0xF3,0x88,0x80,0x91,0xA1,0xC8,0xB2,0x19,0x40,
    0x0A,0x0E,0xB3,0x08,0x79,0xA0,0xE5,0x91,0x01,0x08,0x1A,0xA0,0xA2,0x2A,0x20,0x6A,
    0xF8,0x82,0x28,0xA8,0x97,0x91,0x18,0x80,0x09,0x96,0x89,0x18,0x89,0x10,0xB6,0x08,
    0x10,0x3E,0x92,0x05,0xE9,0x12,0x08,0x89,0x29,0x28,0xAC,0x92,0x93,0x4B,0x1F,0x98,
    0x21,0x28,0x6D,0xD9,0x93,0x80,0x19,0x20,0x9C,0xC0,0x13,0x29,0x1C,0xB0,0x91,0x6C,
    0xB4,0x38,0xAC,0x03,0xA1,0x89,0x11,0xF1,0x09,0x20,0x80,0x98,0x89,0xA6,0x2A,0x83,
    0x45,0x1F,0x80,0x88,0x18,0xB2,0xD1,0x88,0x05,0x91,0x3B,0x99,0xB4,0x21,0x4B,0x70,
    0x1E,0x81,0x03,0x0E,0x3A,0x90,0x90,0x81,0xA5,0x8A,0x10,0x92,0x43,0x9C,0x62,0x0A,
    0x00,0xA0,0x21,0xEB,0x81,0x02,0xC8,0x86,0x1F,0x88,0x89,0x70,0x1A,0x89,0x81,0x90,
    0xB1,0x31,0x1E,0x90,0x08,0xE4,0x00,0x29,0x93,0x90,0xA5,0x38,0x10,0x1B,0x7B,0xB0,
    0x94,0x09,0x00,0x99,0x28,0x01,0x8D,0xC2,0xAA,0x84,0xB3,0x89,0x00,0x2F,0xE1,0x18,
    0xA0,0x28,0x3E,0x1A,0x10,0x8C,0x38,0x6B,0x18,0x18,0xA9,0xB5,0x32,0xB8,0x94,0x95,
    0x2A,0xA9,0x13,0xF1,0xC5,0x30,0x9A,0x83,0x8A,0xD3,0xB8,0x12,0xB0,0x4B,0x19,0xCC,
    0x00,0x81,0x80,0x8D,0xA0,0xA7,0xA5,0x91,0xA4,0x28,0x80,0xB1,0x14,0x5A,0x2F,0x08,
    0x10,0x08,0xC2,0x30,0x0B,0x95,0x30,0x29,0x8B,0x21,0xD3,0x79,0x0C,0x09,0x99,0xB4,
    0x92,0xF9,0x82,0xA8,0xB3,0x49,0x88,0xF8,0x81,0x82,0x1B,0x09,0xA8,0xA1,0x82,0x30,
    0xF0,0xA1,0xB5,0x93,0x32,0xD0,0x94,0x02,0x41,0x88,0x93,0x08,0x68,0x18,0x8B,0xE7,
    0x94,0x91,0x00,0x30,0xA8,0x00,0x5A,0x90,0xC1,0x82,0xB0,0xA0,0x95,0x0B,0xE2,0x29,
    0x1B,0xF1,0x10,0xD0,0x38,0x2C,0x09,0x8B,0x08,0x09,0xCB,0xA5,0xD0,0x92,0x00,0x5B,
    0x0B,0x40,0x2C,0x19,0xA2,0x83,0x01,0x1B,0x04,0x3D,0x18,0x83,0x20,0x2B,0x15,0x07,
    0x82,0x59,0x08,0x95,0x11,0x98,0x02,0x91,0x79,0x19,0x39,0x1F,0xD2,0x83,0x99,0x92,
    0x91,0x99,0x81,0x51,0xF8,0xC2,0x88,0xA0,0xB3,0xB8,0x29,0xFA,0x01,0x4C,0x8A,0x88,
    0x28,0x39,0x19,0x2D,0x88,0x80,0xC3,0x52,0x8F,0x10,0x5A,0xB8,0xA3,0x10,0x00,0xF2,
    0x82,0xA6,0x49,0x19,0x8A,0x83,0x81,0x48,0xC1,0x01,0x93,0x09,0xC4,0xB6,0x11,0x09,
    0x22,0xAC,0xA6,0x92,0xB0,0x93,0x0A,0xC1,0xE8,0x13,0x0B,0x08,0x3B,0x0F,0x28,0x5C,
    0x8A,0x09,0xC1,0x91,0x91,0xB9,0xB6,0xC2,0x48,0x3A,0x0D,0xA1,0x09,0x98,0xA4,0x82,
    0xC0,0xA3,0x50,0xD0,0x11,0x1A,0xC2,0x01,0x18,0x88,0xD6,0x00,0x92,0xA2,0x40,0x78,
    0x2B,0x28,0x28,0x89,0x38,0x2B,0x42,0x8E,0x03,0x29,0x2B,0x28,0x11,0x09,0x16,0xB4,
    0x3A,0x10,0xF2,0x02,0x4A,0xF2,0x93,0x2B,0xB2,0x18,0xA0,0x4A,0x0D,0xD6,0x01,0x18,
    0xA0,0x1A,0xA2,0xA0,0x59,0x0E,0x89,0xA0,0xA0,0x28,0x0D,0x80,0x4B,0x3E,0x99,0xB5,
    0x19,0x3A,0xB9,0xB3,0x11,0x8D,0xC4,0x09,0x01,0x2B,0xB8,0xA4,0xF0,0x14,0x09,0xD3,
    0x01,0x02,0x88,0x20,0xC2,0x7A,0xA9,0x21,0x80,0x88,0x79,0x88,0x58,0xA8,0x15,0x98,
    0xA3,0x83,0xC8,0x04,0xA0,0xB4,0x18,0x82,0x82,0x4F,0x29,0x99,0xB4,0x81,0x14,0x3F,
    0x2A,0xB0,0x12,0x18,0x9A,0x20,0x0D,0x80,0x49,0x1A,0xD8,0x28,0xD2,0x87,0xD1,0x11,
    0x19,0x9A,0x01,0x4A,0x2E,0xA9,0x30,0x1C,0x08,0x91,0x2A,0x1A,0x49,0x3B,0x3E,0xB0,
    0xF1,0xA4,0x88,0xA2,0xC8,0x81,0x92,0x2C,0x98,0x98,0xF4,0x01,0x48,0x0C,0x00,0x1A,
    0x00,0xA9,0x00,0x6B,0x2F,0x09,0x89,0x00,0x90,0x28,0x0C,0x04,0x2C,0x18,0x2A,0xE8,
    0xB7,0x01,0x08,0x09,0x81,0xB1,0x85,0x80,0x10,0x49,0xA1,0x96,0x4A,0xD3,0x10,0x18,
    0x89,0x32,0x0E,0xC3,0x91,0xA2,0xA7,0xA1,0x81,0x32,0x8A,0x85,0xA1,0x5B,0x10,0x3D,
    0x98,0x81,0x3B,0x90,0x7A,0xA8,0x01,0x20,0x39,0x7C,0xB0,0x92,0x7A,0x98,0xA0,0x00,
    0xE3,0x18,0x08,0x91,0xA1,0xC1,0x11,0x39,0xA3,0xF0,0x1A,0x03,0x2D,0x0C,0x19,0x0B,
    0x2C,0x4D,0x98,0x2C,0xB0,0x31,0x2C,0xC2,0x9A,0x30,0xF2,0xF3,0x11,0x9A,0x91,0x88,
    0x90,0x82,0x99,0x32,0x5D,0x90,0xD5,0x80,0x93,0x29,0x0B,0xC2,0x21,0x2D,0x00,0x18,
    0x00,0x81,0x3E,0x87,0x99,0x92,0x08,0x7A,0xB0,0x48,0x1A,0x88,0x30,0x1A,0x11,0x2F,
    0xA1,0x04,0xA2,0x4D,0x3A,0xD0,0x22,0x0D,0x92,0x09,0x88,0x83,0x1D,0x91,0x98,0x53,
    0xB0,0x6B,0xB8,0x01,0x88,0xF2,0x01,0x1B,0xA8,0x14,0x0B,0xB4,0x59,0x2C,0x82,0xC9,
    0xA6,0x08,0x19,0x82,0x2F,0xB1,0x00,0x5A,0xA8,0x11,0x0A,0x88,0x15,0x99,0x39,0x1C,
    0xD9,0x73,0x9B,0x02,0x98,0x29,0x91,0x2C,0xC1,0x80,0x78,0x2A,0xA2,0x99,0x03,0x3F,
    0xAA,0xC5,0x10,0xB1,0x49,0x98,0xC3,0x20,0x2B,0x90,0x40,0xE9,0xA2,0x82,0x2A,0x89,
    0xB8,0x25,0x2F,0x08,0x91,0x3B,0xC5,0x28,0x08,0xF2,0x10,0xC8,0x60,0x09,0x09,0x18,
    0xB8,0x87,0x1A,0x08,0x81,0x28,0xB0,0x71,0x9B,0x00,0x1A,0xB3,0x2A,0x00,0xF6,0x12,
    0x98,0x09,0x21,0x88,0xA2,0x7B,0x8A,0x11,0x2C,0xD3,0xC5,0x02,0xA0,0x20,0x09,0xA1,
    0x28,0x12,0x00,0x5E,0xC8,0x81,0x92,0x88,0x91,0x79,0x29,0x3D,0xA2,0x3C,0x89,0x00,
    0x6A,0xC9,0x82,0xB1,0xB4,0x38,0xB9,0x21,0x09,0x1F,0x10,0x1F,0x80,0x90,0x00,0x48,
    0xAC,0xB1,0x83,0xBC,0x24,0x98,0x91,0xD1,0xA1,0xA7,0x3A,0xA8,0x28,0x4B,0xE2,0x48,
    0x1B,0xA8,0x92,0xA7,0x88,0x2A,0xA2,0x60,0x1B,0xC2,0x29,0x08,0xD5,0x18,0x88,0x08,
    0x82,0x29,0xC5,0x90,0x93,0xA5,0x80,0xB1,0x4A,0x83,0x39,0x29,0x3A,0x8F,0x02,0x90,
    0xD5,0x28,0x18,0x88,0x11,0xF5,0x28,0x08,0x81,0xC8,0x81,0x21,0x1F,0xA4,0x08,0x88,
    0xE0,0x50,0xA9,0x11,0x10,0x8A,0x22,0xAB,0x10,0x29,0xF3,0x33,0x0F,0x18,0x1A,0xA3,
    0xC5,0x91,0x90,0x10,0x91,0xA0,0x01,0xA2,0xC9,0xA7,0x2D,0xA3,0x98,0x38,0xD1,0x4C,
    0x3B,0x91,0x38,0x98,0x1A,0x8B,0xA0,0xA7,0xA1,0xA8,0xC7,0x48,0x88,0xA1,0x79,0xB0,
    0x02,0x19,0x19,0x29,0x0C,0xA7,0x90,0x19,0x10,0x2E,0x02,0x0B,0x31,0x0C,0x19,0xB5,
    0x88,0x90,0xB5,0x39,0x4E,0xD1,0xB2,0x02,0xA1,0x91,0x7C,0x8A,0x01,0x88,0x18,0x1C,
    0x08,0x00,0x1B,0x09,0xFA,0x43,0xA9,0x38,0x39,0xF2,0x10,0xC2,0xD2,0x00,0x08,0xD3,
    0x92,0x08,0x29,0x0B,0x04,0x1C,0x4A,0x21,0x2C,0xC8,0x82,0x80,0x99,0xA7,0x01,0x80,
    0x4B,0x88,0x97,0xA8,0xA3,0x49,0x0B,0x96,0x89,0x80,0x84,0x88,0x88,0xA3,0x4E,0xC2,
    0x30,0x99,0x10,0x29,0x3B,0x7C,0xB9,0x10,0x50,0x1F,0x80,0xA1,0x88,0xA5,0x92,0x0A,
    0xA2,0xA2,0xA0,0x7A,0xB9,0x84,0xB0,0x31,0xD2,0xB9,0x29,0xB5,0x30,0x19,0x08,0x06,
    0xAA,0x07,0xB2,0xAF,0xA0,0x01,0x02,0x23,0x82,0x33,0xC2,0x3F,0xC9,0x96,0x88,0x9A,
    0x8A,0x8A,0x29,0x24,0x23,0x41,0x11,0x89,0xF4,0x2A,0x10,0xE8,0x0B,0x32,0x95,0x98,
    0x30,0x49,0x0C,0x9A,0x21,0x82,0x29,0xBE,0x42,0x8C,0xA5,0x84,0xB1,0x8A,0x68,0xAA,
    0x22,0x1F,0x0A,0x01,0x01,0x12,0xC1,0xC0,0x89,0x81,0xB2,0x23,0x0A,0xB3,0xAB,0xA0,
    0x67,0x2A,0xA0,0xC3,0x86,0xEA,0x01,0x09,0xC0,0x82,0x32,0xD1,0x02,0xAC,0x1A,0x11,
    0x91,0x15,0x28,0x8F,0x98,0x20,0xC9,0x02,0x30,0xC8,0x83,0xE1,0x82,0xC9,0xA1,0x85,
    0x42,0x38,0xBA,0x81,0x8B,0xB4,0xE6,0x03,0x49,0xA9,0xC1,0xA2,0x09,0x13,0xC0,0x11,
    0x52,0x8F,0x90,0x09,0x21,0x91,0x01,0x97,0x90,0x90,0x8A,0x32,0x5C,0xD2,0x92,0x81,
    0xA1,0x2F,0x0A,0x98,0x88,0x29,0x00,0xC4,0x01,0x91,0xC0,0x28,0xA5,0x87,0x1A,0x19,
    0x0B,0xA0,0xA0,0x10,0x85,0x5A,0x2A,0x0A,0xB1,0x09,0x1C,0x9B,0x57,0x49,0x9B,0xE2,
    0x82,0x10,0x39,0x99,0xF2,0x00,0x48,0x1A,0x10,0xC1,0xD3,0x91,0x80,0x01,0x8A,0x89,
    0x11,0x2C,0x6A,0x6A,0x90,0x28,0x8A,0x49,0x28,0xE9,0x91,0x19,0xC8,0x12,0x81,0x99,
    0x21,0xAA,0xE4,0xA4,0x42,0x0C,0x10,0x2C,0x01,0x2C,0xA9,0x30,0x0D,0x22,0xF4,0x82,
    0x1A,0x3A,0xCA,0x02,0x02,0x2E,0x1C,0x82,0x39,0x90,0x83,0x7B,0x10,0x18,0xCA,0x11,
    0x0A,0xD1,0xC7,0x00,0x90,0x09,0x82,0xA1,0x48,0x11,0xDA,0x82,0x80,0x02,0x0F,0x80,
    0x11,0x1F,0x29,0x28,0x00,0x09,0x1D,0x01,0x78,0x4C,0x8B,0x08,0xD2,0x11,0x2A,0x29,
    0x09,0x2E,0x80,0xB3,0x29,0x1A,0xB1,0xB0,0x97,0x04,0xF2,0x81,0x88,0x92,0x51,0x9B,
    0x81,0x38,0x2C,0x99,0x82,0xC8,0xD2,0x93,0x02,0x2C,0x1E,0x82,0x0D,0x29,0xE4,0x92,
    0x80,0xA3,0x88,0xB1,0x33,0x2F,0x89,0x92,0x80,0x39,0xD2,0x10,0xF2,0x02,0xE1,0x01,
    0x2A,0x8B,0xD8,0x85,0x81,0x88,0x03,0x12,0x8E,0x39,0x29,0x09,0x88,0x3A,0x2F,0x30,
    0x89,0x91,0xF2,0x7A,0x88,0xA1,0x02,0x9A,0x12,0xCA,0x91,0x33,0xBC,0x42,0xBC,0x24,
    0xB8,0x8A,0x25,0x0B,0xA4,0x02,0x8B,0xB3,0xE4,0x3B,0x09,0x1A,0xD0,0xA4,0x83,0xB2,
    0x78,0x98,0x81,0x09,0x6B,0x1C,0xA8,0x01,0x1B,0x97,0xA8,0x94,0x31,0x2B,0x81,0x88,
    0x1F,0xA1,0x92,0x28,0x08,0x33,0x41,0x7D,0x1E,0x88,0x29,0x90,0xB4,0x80,0x88,0x5B,
    0x89,0xB3,0x84,0xF1,0x11,0x90,0xE1,0x30,0x2A,0x19,0x99,0xC4,0x11,0x19,0x08,0x18,
    0x1B,0x5A,0x1D,0x28,0x3B,0x09,0x21,0x0F,0x81,0x1A,0xF0,0xB4,0x01,0xA1,0x82,0x00,
    0x4B,0x08,0xC7,0x01,0xA1,0x7A,0x09,0xA1,0x4C,0x81,0x19,0xA9,0xD2,0x11,0x0B,0xE1,
    0x90,0x13,0xF8,0x02,0x08,0x08,0x83,0x2B,0x11,0x0F,0x08,0xA1,0x98,0x81,0x1D,0x14,
    0xD1,0x20,0x6A,0x2B,0x99,0x08,0x80,0x9A,0x4D,0xA8,0x03,0xAB,0x05,0x11,0x09,0x62,
    0x8C,0x04,0x2D,0x49,0x08,0x88,0x28,0x1F,0x80,0xB2,0xA0,0x84,0x49,0xD8,0x80,0x91,
    0x30,0x9D,0xA5,0x38,0x98,0x91,0xB1,0x31,0x6C,0x9A,0x82,0x3C,0x29,0xD0,0xA2,0xE3,
    0x80,0x10,0x30,0x9F,0x82,0xA4,0x88,0x2B,0x01,0x8A,0xB3,0xD3,0x79,0x0A,0x3B,0xA3,
    0x5C,0x19,0x08,0xA1,0xB2,0x04,0x80,0xA0,0x87,0x1C,0x21,0x28,0x0F,0x82,0x39,0x2C,
    0xAA,0x82,0xB2,0x5B,0x99,0x98,0x86,0x81,0x98,0x24,0x08,0x1C,0xC2,0x19,0xC7,0x28,
    0x09,0xB8,0x11,0x92,0x78,0x19,0x2B,0x50,0x0E,0x29,0xB8,0x58,0x0B,0x98,0x49,0xA1,
    0x03,0x58,0x3E,0x80,0xA0,0x1B,0x83,0xA8,0x98,0x91,0x03,0x87,0x38,0x2D,0x92,0x3B,
    0x8C,0x1F,0x08,0xB8,0x00,0xA2,0x29,0xA5,0x48,0x3C,0x8A,0xC1,0xB0,0x6A,0x88,0x8A,
    0x02,0x02,0x2C,0x03,0xC4,0x11,0x2C,0x0F,0x90,0xB2,0x00,0x19,0xE4,0x94,0x88,0x80,
    0x28,0x09,0xE8,0x21,0x10,0x8A,0x22,0xB0,0x67,0x09,0x09,0x83,0x1B,0x22,0xAD,0x87,
    0x98,0x28,0x98,0xC1,0x51,0x0C,0x0A,0x0A,0xB6,0x11,0x09,0x91,0xA1,0x96,0x1B,0x10,
    0x19,0x0D,0x80,0xA2,0x81,0x29,0xA7,0xC4,0x81,0x3A,0x1F,0x1B,0x1C,0x18,0x2B,0xC3,
    0x10,0x31,0x39,0xF8,0x20,0x0A,0xF0,0xC3,0x80,0x40,0x98,0x83,0x10,0x95,0x30,0x9C,
    0x58,0x1B,0xB9,0x60,0x9C,0x33,0xAA,0x85,0xA2,0x88,0x92,0xCB,0x82,0xC0,0x49,0x90,
    0x5C,0x11,0x10,0x58,0xBA,0x85,0xA8,0x99,0x38,0xF0,0x94,0xA2,0x48,0x08,0x5A,0xB8,
    0x81,0x3B,0xF8,0x00,0x98,0x80,0x61,0xC8,0x82,0x02,0x98,0x00,0x0A,0x32,0x9B,0x0B,
    0x71,0x0A,0x87,0x99,0x01,0xC5,0x3B,0x8B,0xA1,0xB2,0xF1,0x48,0x09,0x08,0xA3,0x3D,
    0x21,0x0E,0xA0,0x20,0x6B,0x0B,0x3A,0x08,0x01,0x89,0x80,0x7D,0x0A,0x80,0x19,0x08,
    0xC3,0x8B,0xA7,0x82,0x88,0x9A,0x6A,0x0A,0x91,0xA4,0x48,0x09,0x88,0x13,0x88,0xC5,
    0x58,0x9A,0x06,0x0A,0x21,0x09,0xB4,0xD2,0x18,0x3A,0xB9,0xB0,0x89,0x31,0xE0,0x30,
    0x86,0x1A,0xA1,0xF6,0x81,0x80,0x19,0xAA,0x23,0x79,0x89,0x02,0x0A,0xF3,0x91,0x2E,
    0x80,0x99,0x81,0x90,0x12,0xD2,0x14,0x1D,0xC3,0x19,0x8B,0x95,0x18,0x09,0x1A,0x04,
    0x93,0x18,0xA4,0xA0,0x89,0xF1,0x6A,0x98,0x00,0x88,0x84,0x05,0x2E,0x91,0x89,0x08,
    0xC8,0x02,0x89,0x09,0x52,0x2F,0x01,0x18,0x1A,0x0B,0x81,0x9B,0x92,0x87,0x5B,0x0A,
    0x96,0x01,0x08,0x2B,0x19,0x8B,0xD0,0x6A,0xBA,0x84,0x49,0x08,0x10,0xD3,0x19,0x80,
    0xAA,0xA7,0x09,0x58,0x09,0x93,0x98,0x23,0xA8,0x7B,0x1A,0xBB,0x94,0xCB,0x86,0x3A,
    0x1C,0xA2,0x81,0xA1,0x19,0xC0,0x09,0x03,0x0F,0xA2,0xA6,0x5A,0x19,0x98,0xA1,0x39,
    0x18,0x8E,0xB2,0xB3,0x7C,0x29,0x98,0x30,0x9C,0x83,0xA9,0xB7,0x82,0x0A,0x49,0x69,
    0x1C,0x80,0x20,0x1C,0x92,0x18,0x90,0x93,0x1D,0xC2,0x97,0x19,0x88,0x93,0x09,0x81,
    0x3B,0x6A,0xC9,0x11,0x18,0x1D,0x4D,0x88,0x88,0x88,0xA7,0x00,0x88,0xA1,0x02,0x0D,
    0x20,0x0B,0xA7,0x0B,0x59,0xA1,0x81,0x2A,0x98,0x52,0xAC,0xA1,0x03,0xAB,0xC3,0x24,
    0x48,0xCA,0x48,0x91,0x91,0x48,0xAA,0x42,0x9F,0xC3,0x94,0x82,0x0A,0x97,0x81,0x1A,
    0x8C,0x41,0x98,0x19,0x0C,0x10,0x93,0xAB,0x53,0x99,0x2C,0x80,0xA9,0xB6,0x90,0x18,
    0xB2,0x42,0xD9,0x83,0x00,0x92,0xAD,0xF9,0x95,0x88,0x22,0x89,0x90,0x42,0x2C,0x81,
    0x18,0x84,0x3F,0x02,0x99,0xD4,0x19,0x33,0x90,0x80,0xC3,0x49,0xD8,0x3A,0xA1,0xD1,
    0xA1,0xC4,0x82,0x0A,0x8A,0xC4,0x91,0xAD,0x82,0x89,0xC5,0x48,0x0A,0x03,0x1B,0xB2,
    0x14,0xB0,0x11,0xB0,0x79,0xB2,0x00,0x61,0x4A,0x8A,0x00,0xA3,0xAB,0x53,0x9F,0xA3,
    0x08,0x3E,0x19,0x99,0xA4,0x98,0x92,0x2B,0x9B,0x9B,0xB7,0x88,0x12,0x2A,0x38,0x49,
    0x73,0x0A,0xA0,0x96,0x08,0x18,0x49,0x10,0x3A,0xB6,0x95,0x83,0x3B,0x49,0x8C,0x10,
    0xC9,0x82,0xA5,0x88,0x48,0x1A,0xD5,0x88,0x99,0xD2,0x00,0x0E,0x00,0x2A,0x09,0xB0,
    0x10,0xC0,0x10,0x1E,0xE0,0xA3,0x19,0x01,0x29,0x38,0x0A,0x74,0x1D,0x81,0x98,0x93,
    0xA2,0x30,0x02,0xC5,0x78,0x89,0x03,0x89,0x91,0xA3,0xD2,0x11,0x39,0x09,0xAA,0x87,
    0x29,0xC0,0x81,0x2C,0x3D,0x8C,0xA0,0xC3,0x50,0x1B,0x89,0xD2,0x08,0x89,0xE0,0xA4,
    0xA8,0x12,0x1D,0x90,0x59,0x3A,0x9B,0x10,0x90,0x39,0x0D,0x00,0xC4,0x21,0x88,0x44,
    0x59,0x4B,0x3A,0x2B,0x38,0x8B,0x17,0x89,0x84,0x4A,0x82,0xA0,0x31,0x10,0x2F,0xA8,
    0x08,0x83,0x3F,0xA1,0x00,0x18,0xF0,0x00,0xB8,0xA1,0xB8,0x01,0xBB,0x3E,0x1B,0x10,
    0x29,0x8F,0x00,0x8E,0x98,0xF1,0x12,0xA8,0x10,0x91,0x49,0xE2,0x20,0x99,0x20,0x49,
    0x0F,0x92,0x28,0xA0,0x11,0x33,0x8C,0x40,0xA9,0x04,0xE0,0x12,0x2A,0x58,0x18,0x21,
    0xD5,0x01,0x10,0x3A,0x10,0x1F,0x91,0x08,0x80,0xB2,0x04,0xC0,0x82,0x90,0x2D,0xF2,
    0x19,0xA0,0xA1,0x89,0x2B,0xF3,0x19,0x8A,0xE3,0x08,0x8C,0xC2,0x08,0xA8,0xA8,0x44,
    0x1C,0x0A,0x08,0x1C,0xA1,0x4C,0x98,0xB1,0x81,0x59,0x83,0x1D,0x91,0x60,0x1A,0xAA,
    0x85,0x19,0x80,0xB8,0x17,0x92,0x01,0x22,0x68,0x88,0x3D,0x00,0x18,0x19,0x20,0x87,
    0x08,0xA5,0x01,0x11,0xB9,0x38,0x11,0x1F,0xC2,0x85,0x90,0x09,0x22,0xF8,0x94,0x09,
    0x80,0xA0,0x0B,0xA5,0xD3,0x38,0xE9,0x03,0x99,0x8A,0x19,0x19,0x0C,0x4F,0x2B,0xB8,
    0xA3,0x30,0x8A,0xF2,0x91,0x88,0x98,0x8C,0x84,0x01,0x5C,0x1C,0x83,0x9A,0x90,0x18,
    0xA1,0xC1,0x01,0x87,0x99,0xA5,0x41,0x1B,0x88,0x0A,0x03,0x2B,0x3F,0xA0,0x04,0x00,
    0x7A,0x3B,0xA8,0xC3,0x80,0x03,0x0A,0x61,0x2B,0x90,0x82,0x97,0x39,0x1A,0xE3,0x92,
    0x92,0x79,0xA0,0x92,0x82,0x21,0x0B,0xBA,0x71,0x98,0x93,0x6B,0x98,0xC5,0x29,0xA2,
    0x81,0x4D,0x0A,0x91,0xA8,0xD3,0xA4,0x00,0x99,0x32,0x1F,0x0A,0x99,0x92,0x30,0x8F,
    0x93,0xA1,0x2A,0x39,0xE8,0xC4,0x3A,0x09,0x88,0xCA,0x13,0x28,0xF8,0x81,0x01,0x9C,
    0x80,0x1E,0x81,0x09,0x2B,0x97,0xA1,0x29,0x80,0x20,0x8F,0x91,0x10,0xC8,0x00,0x24,
    0x2B,0xA1,0x85,0xD1,0x80,0x3C,0x08,0x5C,0x9A,0x31,0x91,0x01,0x58,0x89,0x83,0x2F,
    0x90,0x91,0x7B,0x99,0x95,0x82,0xA1,0x70,0x8B,0xA2,0x08,0xA0,0xA4,0x19,0x03,0x39,
    0x5E,0x09,0x10,0xE8,0x01,0x88,0xA1,0x90,0x48,0x11,0x99,0x94,0x61,0x2B,0xAD,0x94,
    0x90,0xC3,0x18,0x82,0x93,0x3C,0x58,0x39,0x9C,0xB0,0x95,0xA1,0x0A,0x20,0xB5,0x31,
    0x0A,0x11,0x91,0xEF,0x94,0x08,0xB1,0x08,0x71,0x1B,0x29,0x19,0xA1,0xA2,0x0F,0xC2,
    0x81,0x0B,0x7B,0x88,0xA0,0x92,0x18,0xD1,0xA9,0x82,0xB1,0x2A,0x1F,0x10,0xA0,0x30,
    0x2A,0x7A,0xBA,0x18,0xD4,0xA2,0xA0,0x41,0x93,0x1C,0x02,0x2C,0x51,0xBD,0x82,0xC5,
    0x01,0x89,0xA3,0x85,0x2A,0x4A,0x19,0xC3,0xA9,0x05,0xB8,0x93,0x28,0x71,0x8A,0x21,
    0x3D,0x29,0xDA,0x02,0x10,0x8A,0xA2,0x29,0x07,0x08,0x2B,0xB5,0xA3,0xAA,0x14,0x2E,
    0xA0,0x81,0x94,0x2A,0x93,0x0D,0xA4,0xB8,0x7B,0x99,0x81,0x80,0x2A,0x32,0x1C,0xB9,
    0x05,0x2B,0xAC,0x80,0xF3,0x28,0x0B,0xA3,0x32,0x38,0x8F,0xF1,0x81,0x3C,0x8A,0x93,
    0x08,0x2B,0x58,0xA3,0xF3,0x18,0xD4,0xA1,0x20,0x0C,0x82,0x2C,0x08,0x18,0x29,0xA9,
    0x6C,0xC0,0xE2,0x01,0x29,0x19,0xAA,0x62,0x19,0x29,0x98,0x30,0xD9,0xC8,0x95,0x91,
    0x49,0x9A,0x14,0x19,0x4A,0x3C,0x8A,0x80,0xD9,0x95,0x18,0x20,0xE8,0x13,0x90,0x28,
    0x20,0x1B,0x11,0xCF,0x85,0x00,0x90,0x20,0x49,0xE3,0x20,0x11,0x3B,0x90,0xC9,0x82,
    0xB3,0xA7,0x08,0x42,0xA9,0x22,0xF0,0x30,0xC9,0x90,0x83,0x8C,0x02,0x5B,0x2B,0xC5,
    0x18,0x09,0x80,0x89,0xE5,0x10,0x2A,0x99,0x10,0x2E,0x08,0x10,0x1C,0xE3,0x80,0xB1,
    0xA2,0x48,0x9B,0xE2,0x20,0x4A,0x99,0x41,0xBA,0x95,0x89,0xB0,0x35,0xDB,0xA4,0x02,
    0x88,0x39,0x90,0x39,0x08,0xA8,0x0F,0x10,0x0A,0x49,0x4B,0x78,0xCA,0x00,0xA2,0x29,
    0xA0,0x81,0x1D,0x08,0xD1,0x41,0x8D,0x95,0x20,0x0A,0x98,0x30,0x8B,0x59,0x9C,0x81,
    0x1A,0xB7,0x81,0x93,0xF2,0x91,0x92,0x0B,0x12,0xCB,0x94,0x82,0x59,0x08,0x98,0x86,
    0x3A,0xE1,0x19,0x21,0x3D,0x81,0x28,0x0E,0x91,0xA4,0x30,0xC2,0x80,0xB0,0x30,0xB9,
    0x71,0x0D,0x83,0x93,0x9B,0x83,0x7A,0xA8,0x32,0xAA,0xF0,0x41,0x98,0x11,0x89,0xC3,
    0x02,0x80,0x0F,0x91,0x92,0x4C,0xA8,0x30,0x2A,0xD0,0xA7,0x6B,0x8A,0x00,0x88,0x28,
    0x1A,0x1A,0xE4,0x41,0x0B,0x98,0x02,0xD0,0x91,0x5B,0x19,0x38,0xF8,0x92,0x20,0x1A,
    0x10,0x19,0x9A,0x4B,0xD4,0x01,0xA0,0x48,0x29,0x0A,0x40,0xAE,0x83,0x68,0x1D,0xB1,
    0x81,0x28,0xA8,0x11,0x1D,0xA1,0x8A,0x93,0xB0,0x7A,0x19,0x88,0x38,0xF1,0x82,0x18,
    0xD2,0x49,0xBB,0xB4,0x12,0x6B,0x10,0x5B,0xA8,0xD1,0x22,0x0C,0x30,0x89,0xBA,0x85,
    0xC2,0x85,0x08,0x28,0x98,0x28,0xB0,0x12,0x4F,0x09,0xA2,0xAA,0x14,0x7B,0x18,0x98,
    0x89,0xB8,0x82,0x97,0x18,0x20,0x0E,0x88,0xB1,0x83,0x19,0x09,0xB4,0xAB,0x93,0x7A,
    0x3C,0xA3,0xA8,0x01,0xA0,0xDB,0x84,0x28,0xF4,0x2A,0x88,0x94,0xB4,0x31,0x2D,0x1E,
    0x80,0x89,0x90,0x51,0x10,0xF8,0x48,0xC0,0x00,0x18,0xC0,0x50,0x19,0xAA,0x02,0x82,
    0x00,0x2B,0x8F,0x39,0x09,0x50,0x3A,0x07,0xAA,0x92,0xA2,0xF1,0x10,0x08,0x8C,0x00,
    0x9C,0x00,0xA6,0x95,0x18,0x80,0x11,0x80,0x2A,0x2B,0x94,0x80,0x5B,0x0A,0x8D,0x81,
    0x83,0xF3,0x91,0x04,0x18,0x1B,0xC0,0xB9,0xC2,0x11,0x13,0x68,0x8B,0xA1,0xC2,0xD2,
    0x11,0x3C,0x6B,0x91,0xB8,0x93,0xB8,0xA0,0x21,0x87,0x81,0x61,0x8B,0xBA,0x2B,0x8C,
    0x07,0x21,0x88,0xA4,0xAC,0xB1,0x0B,0x80,0xD4,0x92,0x09,0x93,0x30,0x2C,0x79,0x39,
    0x88,0x70,0xA8,0xB9,0x0A,0xA3,0x40,0x1E,0xA3,0xB2,0x14,0x0B,0x2F,0x29,0x3B,0x13,
    0x10,0xF9,0x92,0x90,0x81,0xC1,0x03,0x05,0x1A,0xCB,0xB5,0x49,0x08,0x1B,0xA4,0x49,
    0x8B,0x8A,0x08,0x21,0x97,0x60,0x3D,0x88,0x1A,0x20,0xB9,0x89,0x13,0xB9,0xA8,0x8F,
    0x83,0x99,0x03,0x80,0xF3,0x59,0x7A,0x8B,0x21,0xA1,0xB4,0x1A,0x89,0x3B,0x2A,0x09,
    0x1D,0x12,0x23,0x3E,0x0C,0x82,0x5B,0xA2,0x91,0x8C,0xA5,0x03,0x20,0xA9,0x2F,0x2A,
    0x20,0x20,0xE4,0x00,0x0D,0x98,0xD0,0x23,0x49,0x99,0x88,0x1D,0x84,0x90,0x02,0x80,
    0x98,0xC3,0x09,0xB8,0xB7,0x13,0x8C,0xA2,0xB1,0xD0,0x33,0x1E,0x29,0x2A,0x86,0x9A,
    0x21,0xA3,0x3D,0x3C,0x80,0xC4,0x20,0xC0,0x2A,0xF3,0xA3,0x38,0x9B,0x80,0xA7,0x91,
    0xB2,0x81,0xC2,0x15,0xB2,0x3A,0x0A,0x1D,0x10,0x0B,0xA3,0x94,0x0B,0x7C,0x89,0x1A,
    0xD2,0x42,0x8A,0x0D,0x40,0x98,0x01,0x09,0x84,0xB8,0x4A,0x6B,0x3C,0x08,0x9A,0xB1,
    0x98,0x19,0xB4,0x86,0xA8,0xA5,0x18,0x89,0x39,0x02,0x97,0x98,0x2E,0x88,0x59,0x08,
    0xB8,0x12,0xEA,0x94,0x81,0xB1,0x38,0x0B,0x85,0x82,0x9A,0x98,0x28,0x2C,0x70,0x89,
    0x39,0x99,0x99,0x05,0xE3,0x94,0xA0,0xC2,0xD4,0x80,0x01,0x0A,0x88,0x41,0x29,0xD1,
    0x91,0x7A,0xA1,0x10,0xC8,0xB2,0x29,0x0A,0x81,0x0F,0x20,0x90,0x38,0xB0,0x3F,0x83,
    0x3A,0x4D,0xA1,0xCA,0x00,0xE3,0x81,0x18,0x38,0xB0,0xA6,0x91,0x20,0xC0,0x59,0x90,
    0x82,0x4E,0x90,0x2B,0xA0,0x11,0x11,0xB3,0xCB,0x3B,0x7B,0x83,0x1C,0x11,0xF2,0x18,
    0x5B,0x0A,0x99,0x3A,0x00,0xB1,0xA7,0xC2,0x04,0x91,0x82,0xDA,0x82,0x89,0x02,0x99,
    0x29,0x99,0x64,0x2B,0xF0,0x01,0x19,0xA1,0xA3,0x1A,0xB6,0xA2,0x5B,0x39,0x10,0xA8,
    0x21,0x24,0x8F,0x3B,0x99,0xA7,0x81,0x99,0xA4,0x00,0xD0,0x31,0x3B,0xA0,0x95,0x98,
    0x96,0x39,0x2A,0x8C,0x21,0x0F,0xC3,0xA0,0x19,0xB3,0x83,0x1C,0x68,0x2C,0x09,0x91,
    0x93,0xD2,0xB2,0x3B,0x01,0xA8,0x5B,0x4B,0x6A,0x2B,0x92,0xA9,0xF1,0x93,0x3B,0x01,
    0xB8,0x1A,0x2D,0x79,0x39,0xA8,0x29,0x68,0x3B,0x4D,0x00,0x1D,0x19,0xA3,0x88,0x00,
    0xC0,0xE2,0x82,0xB3,0xB2,0x80,0xB2,0x10,0x62,0x1D,0x91,0xC1,0x32,0x1B,0x6B,0xA9,
    0x7B,0x99,0x01,0x18,0xCA,0x85,0x88,0x10,0xB0,0xA3,0x40,0x1B,0xBA,0xB6,0x15,0xBD,
    0x03,0xA1,0x39,0x88,0xD8,0x38,0x21,0x8D,0x2B,0x07,0xB1,0xAA,0x85,0x95,0x3F,0xB8,
    0x20,0x91,0xA9,0x15,0x0A,0x19,0x98,0x10,0x96,0xD2,0x04,0x09,0x28,0xAA,0x61,0x1E,
    0x88,0x00,0x98,0x99,0x32,0xE0,0x2A,0xB8,0xA4,0x83,0x3B,0x90,0x68,0x1D,0x80,0x3B,
    0x85,0x82,0x28,0xA0,0xB3,0xB3,0x95,0x84,0xA0,0x72,0xEA,0x93,0xB1,0x88,0x08,0x69,
    0x29,0x9B,0x80,0x09,0x21,0x0D,0x83,0x1B,0x99,0xF3,0x28,0x91,0xF2,0x10,0x18,0x03,
    0x5F,0x3A,0x2A,0x98,0x93,0x5A,0x80,0x81,0x5A,0x98,0x00,0x00,0xCA,0xA4,0x38,0x3E,
    0x9B,0xA1,0xAA,0x58,0xDA,0xA1,0x91,0x2B,0xCB,0x03,0xC8,0x21,0x1D,0x11,0x29,0x18,
    0x10,0x89,0x97,0x39,0x38,0x79,0x3C,0x02,0x04,0x4F,0x19,0xC0,0x11,0xC3,0x93,0x3A,
    0xC1,0x92,0x80,0x09,0x22,0xFB,0x09,0x80,0xA0,0xE9,0x88,0xF2,0x29,0x9A,0x03,0x1C,
    0xF1,0x00,0x08,0x89,0x01,0xA9,0xA4,0x78,0x0A,0x91,0x08,0xB1,0x07,0x08,0xA3,0x22,
    0x0B,0x52,0x4A,0x49,0x00,0x99,0xB4,0x02,0xA5,0x80,0x68,0x0C,0x21,0x3B,0x29,0x29,
    0x0B,0x83,0x2E,0xAB,0x03,0x0F,0xC0,0x01,0x8D,0xC1,0xC1,0x49,0x9A,0x12,0x0B,0x0C,
    0x2A,0x08,0xF0,0x81,0xA1,0x08,0x29,0xA8,0x53,0x0D,0x80,0xA3,0x68,0x81,0x59,0x29,
    0x39,0x28,0x80,0x06,0x12,0x2C,0x95,0xA2,0x39,0x3A,0x7A,0xC8,0x86,0x90,0x11,0x99,
    0x39,0x49,0x0B,0xB0,0xA8,0x92,0xC9,0xB2,0xF6,0x08,0xC8,0x58,0x1A,0x88,0x80,0xA8,
    0x81,0x8C,0xB3,0x92,0x09,0xF0,0x03,0x3C,0xCA,0x61,0x1B,0x81,0x7B,0x88,0xA2,0x08,
    0xA2,0x41,0x8A,0xC4,0x10,0x80,0x11,0x92,0x1C,0x14,0x3D,0x19,0x94,0x92,0x20,0x3D,
    0xA8,0x21,0x78,0x1A,0x90,0xA1,0xA4,0x28,0x2E,0x91,0x4C,0x89,0xB2,0x91,0x9D,0x92,
    0x89,0xF2,0x1A,0x90,0xC9,0xD2,0xD3,0x00,0x0C,0xA0,0x01,0x19,0x5C,0x3D,0xB9,0x01,
    0x2B,0x0A,0x84,0x8D,0x02,0x0A,0x01,0x9A,0x05,0x0E,0x94,0x28,0x19,0xC1,0x02,0x01,
    0x10,0x0B,0xA7,0x01,0x21,0x7C,0x81,0x8B,0x14,0xC3,0x43,0x2B,0x83,0x29,0x0D,0x05,
    0x08,0x18,0xC3,0x81,0xB3,0x7B,0x88,0x90,0x4C,0x30,0x8B,0x7A,0x99,0x80,0x38,0x0C,
    0x5B,0x89,0xB0,0x92,0xB1,0xA8,0x29,0x8F,0xB2,0x92,0xC3,0x8A,0x32,0xBF,0x03,0xBC,
    0x30,0xE8,0x19,0x2D,0x89,0xC3,0xC1,0x93,0x90,0x00,0xF3,0x91,0x18,0xA8,0x18,0xD1,
    0x28,0x28,0x0A,0xA3,0x7B,0xD2,0x82,0x5A,0x28,0x7B,0x99,0x10,0xE2,0x10,0x30,0x4B,
    0x88,0x8A,0x96,0xB1,0x22,0xC0,0x80,0x05,0x09,0x32,0x0C,0x21,0x20,0x99,0x18,0x33,
    0xE6,0x82,0x58,0x99,0x01,0x2C,0x11,0xB1,0x4A,0xC5,0x18,0x89,0x20,0x0C,0xB3,0x92,
    0xB8,0xF1,0xC4,0x01,0xA8,0x4B,0x2E,0xD3,0xA3,0xA0,0xA1,0x49,0x9A,0x92,0xC0,0xA2,
    0x81,0x0B,0xF3,0x10,0x98,0x5D,0x88,0x91,0x98,0x08,0xC3,0x49,0x1E,0xA2,0x81,0x1A,
    0x30,0x2A,0xAF,0x41,0x9B,0x13,0x0F,0x11,0xB1,0x58,0xA0,0xA1,0xB1,0x84,0x09,0x2D,
    0x08,0x30,0xC9,0x78,0x2C,0x98,0x49,0x08,0xB1,0x7B,0xA0,0x28,0x2A,0x90,0xC2,0xE2,
    0x83,0x18,0x39,0x4B,0x0D,0xA3,0x03,0x6A,0x1B,0xA1,0xB2,0x97,0x19,0x48,0x1B,0x80,
    0x83,0x3A,0x0F,0x12,0x2E,0xA1,0x02,0x19,0xE4,0x00,0x88,0x81,0x00,0x5A,0x98,0x11,
    0x99,0x9A,0x78,0xD1,0x91,0x79,0x98,0x38,0x0B,0xC3,0x10,0xC9,0x42,0x1C,0xA8,0x10,
    0x49,0xA9,0x98,0xA5,0x99,0x01,0x38,0xC4,0xD5,0x10,0xA0,0x18,0x99,0xC4,0x11,0x09,
    0x2D,0x31,0x1F,0x89,0x90,0x83,0x1D,0x33,0x0D,0x89,0x30,0x8A,0x90,0xC2,0xB2,0xC2,
    0x81,0x94,0x2F,0x29,0x4A,0x1D,0x91,0x49,0x1C,0x2A,0x10,0xA9,0x20,0x93,0x2B,0xF4,
    0x28,0x98,0x5E,0x88,0x08,0x80,0xD3,0x84,0x2A,0x3A,0xA1,0x38,0x3A,0x8D,0x79,0xB0,
    0x10,0x28,0xE3,0x21,0x0B,0x82,0x10,0x90,0x81,0x4B,0x5E,0x1B,0xA0,0x96,0x10,0x08,
    0x98,0xA8,0x83,0x3E,0x38,0x1C,0x01,0x0C,0x19,0x68,0xCB,0x85,0x1B,0x10,0x0C,0x11,
    0x9A,0x30,0xBA,0x97,0x99,0x28,0xA2,0xA0,0xF2,0xA3,0x89,0xD7,0x01,0x29,0xC9,0x95,
    0x89,0x00,0x29,0x0A,0xA3,0x7A,0xA8,0xA1,0x10,0xA1,0x4C,0x9A,0x32,0xC9,0x92,0xE3,
    0x11,0x8B,0x69,0x1C,0x92,0x68,0x8A,0xA0,0x02,0xD8,0x84,0x89,0xA5,0xA1,0x20,0xA0,
    0x3A,0x59,0x1B,0x38,0xF9,0x87,0x3A,0x8A,0x01,0x18,0x89,0x11,0x3C,0x0A,0xC1,0x87,
    0x09,0x90,0xC1,0x15,0x8A,0x94,0x4A,0x3C,0x88,0x1A,0x20,0x3A,0x18,0xF8,0x93,0x08,
    0x3A,0x1B,0x22,0x9B,0x22,0xE7,0x80,0x38,0x1B,0xB9,0x95,0xA1,0xC3,0x28,0x19,0x49,
    0x8E,0xC5,0x20,0x1A,0x6A,0x2A,0x0A,0xD0,0x11,0x2A,0xAB,0x86,0x00,0xF2,0x01,0x89,
    0x81,0xB1,0x12,0x08,0x59,0x6B,0x9A,0xA1,0xA3,0x31,0x0F,0x49,0x09,0xA8,0xB2,0x81,
    0x9A,0xB7,0x83,0x91,0x22,0x1E,0x1A,0x4C,0xB8,0x92,0x99,0x61,0x0A,0x3B,0xC9,0x84,
    0x19,0x1D,0x10,0xA8,0x71,0x0A,0xC0,0x11,0x1D,0xB4,0x80,0x29,0x2B,0x49,0x09,0xF2,
    0x28,0x29,0xA0,0x11,0x81,0x20,0x1F,0x10,0x5B,0x0B,0xE2,0x82,0x92,0x29,0x2B,0x08,
    0xD2,0x50,0x39,0x0C,0xA7,0x90,0x91,0xA4,0x3A,0x99,0x93,0x49,0x8C,0x05,0x4B,0x2B,
    0xA8,0xA4,0x97,0x80,0x18,0xE3,0x00,0x00,0x1B,0x93,0x4B,0x00,0x1C,0x28,0x99,0x21,
    0x1E,0x8B,0xB7,0x11,0x8A,0x80,0x81,0x01,0x2F,0x91,0xB3,0x19,0x48,0xB9,0x88,0xA6,
    0x58,0x1D,0x01,0x18,0x0E,0xA2,0x82,0xB8,0x93,0x3C,0x88,0xE8,0x23,0x2F,0x1C,0x00,
    0x09,0x38,0x1B,0xA5,0xA0,0x49,0x0A,0xA0,0xA7,0x18,0x08,0x99,0x0A,0xB1,0x04,0xB0,
    0xC1,0x17,0x08,0x49,0x8A,0xA6,0xB3,0x4A,0xA9,0xB6,0x84,0x09,0xC1,0x91,0x22,0xA9,
    0x4B,0x91,0x88,0x90,0xF1,0x41,0x0A,0x20,0x1C,0xC3,0xA8,0x51,0x1C,0x98,0xB4,0x79,
    0x2B,0x80,0x29,0x0A,0x2C,0x90,0xC2,0xA0,0x60,0x99,0xC2,0x03,0xEA,0xA4,0x00,0x39,
    0x2B,0x81,0xC4,0x20,0x0D,0x88,0xB5,0x81,0x01,0x89,0x5A,0xC0,0x02,0x00,0x0D,0xA2,
    0xC7,0x83,0x80,0x80,0x08,0x0A,0x03,0x0F,0x11,0x09,0x38,0x9C,0x38,0x18,0x8B,0x70,
    0x3A,0x01,0x5A,0x89,0x10,0xAB,0x71,0x2B,0x0C,0xD4,0x02,0x0A,0x39,0x1B,0x29,0x8D,
    0x85,0x91,0x29,0x89,0x03,0x0F,0x81,0x08,0x5B,0xC0,0x82,0x3B,0x2F,0x20,0xE9,0x02,
    0x20,0x2A,0x0A,0x7A,0x1A,0x98,0xA2,0x11,0x3B,0x9D,0x87,0x09,0x39,0x9A,0x28,0xB9,
    0x21,0x2E,0xB8,0x08,0x7E,0xA8,0x88,0x11,0x09,0x38,0x2A,0xE8,0x84,0x8A,0x43,0xBA,
    0x02,0x0A,0x20,0xF2,0x81,0xA9,0xF3,0x01,0x11,0x29,0x9B,0x72,0x0B,0x98,0x15,0x3A,
    0x29,0xB8,0x97,0x2A,0x2B,0xD2,0x92,0x29,0x91,0xB1,0x52,0x7C,0xA9,0x01,0xC8,0x04,
    0xA8,0x31,0xAB,0xD4,0x02,0x2A,0xCA,0x84,0x88,0xF2,0x08,0x80,0x8A,0x95,0x18,0x18,
    0x6A,0x1B,0x18,0x0A,0x88,0xD7,0x11,0xA8,0x94,0x8A,0x13,0x3E,0x1B,0x99,0x01,0x00,
    0xC4,0x38,0xB0,0x91,0xA1,0x79,0xA0,0x13,0x0E,0x88,0xA2,0x10,0x2B,0x72,0xA9,0xA2,
    0x14,0x1D,0x91,0xA8,0x11,0xD5,0x38,0x08,0x19,0x90,0xA4,0x39,0x3F,0x18,0x91,0x0B,
    0x97,0x8A,0x09,0x39,0xA8,0xA1,0x53,0x1E,0xC3,0x81,0x30,0x99,0x7A,0x98,0xA6,0x00,
    0x2A,0x00,0x2E,0x8A,0x31,0x0F,0x00,0x08,0x91,0xD2,0x90,0x94,0x39,0x39,0x09,0x59,
    0x0A,0x8A,0xE2,0xB1,0x70,0x89,0x2A,0x89,0x80,0xD4,0x20,0x4B,0x89,0xC1,0x31,0x09,
    0x29,0x0C,0x10,0x4B,0x6C,0x2B,0xA8,0xD2,0xB3,0x49,0x8B,0x12,0x20,0xBA,0x17,0x2C,
    0xC0,0x83,0x08,0x91,0x60,0x08,0x98,0x28,0xD9,0x87,0x1A,0x08,0x49,0x0C,0xC3,0x01,
    0x19,0xC0,0x49,0x2B,0x00,0x08,0x91,0xE4,0x90,0x10,0x2B,0x10,0x0A,0x04,0xF8,0x80,
    0xA2,0x3D,0x08,0x99,0x21,0x1B,0x7A,0xA0,0xB9,0xB5,0x31,0x1C,0x20,0x39,0xA9,0x08,
    0xB6,0xAA,0x3B,0xF6,0x82,0x4C,0x09,0x00,0x88,0x10,0x29,0xA1,0x84,0xD5,0x81,0x81,
    0x94,0x1B,0xD2,0x10,0x98,0x39,0x6A,0xA9,0xB1,0x14,0x2D,0x01,0x88,0x82,0xC8,0xA7,
    0x81,0x98,0x12,0x1A,0x1F,0xA2,0x18,0x19,0x81,0x9A,0x52,0x2F,0x00,0x9A,0x14,0x0A,
    0x89,0xC0,0x87,0x93,0x09,0x88,0xB9,0xB2,0x28,0x88,0x3F,0x01,0xA1,0xD9,0x43,0xC8,
    0x92,0x58,0x88,0x84,0x6B,0xA8,0x91,0x18,0x0B,0x1E,0x3A,0x1A,0x08,0x3E,0x92,0x9D,
    0x82,0x99,0x58,0x28,0x81,0x1F,0x89,0x00,0x28,0xAF,0x13,0x0A,0x90,0x23,0xAA,0xA4,
    0xCB,0x62,0x11,0xFA,0x25,0x0B,0xC2,0x81,0x2A,0x01,0x4B,0x50,0xE8,0x11,0x98,0x11,
    0xA0,0xB8,0x14,0xA2,0x2D,0x28,0xE0,0x30,0x1C,0x80,0x99,0xB1,0x46,0xE8,0x01,0x18,
    0xA0,0x98,0x48,0xB8,0x01,0x98,0xA2,0xA9,0xD0,0x81,0xA5,0x39,0x79,0xAB,0x83,0x4B,
    0x0A,0x80,0x08,0xF2,0x42,0xAA,0x83,0x3D,0xA1,0x8B,0x13,0xB2,0xB7,0x80,0x2C,0x04,
    0x2C,0x22,0x2E,0x19,0x89,0x29,0x39,0x9A,0x84,0xA4,0x1A,0x3B,0x18,0xBB,0xC5,0xA7,
    0x89,0x48,0xC2,0x97,0x00,0x88,0xB1,0x81,0x91,0x38,0x2A,0x1F,0xA0,0x00,0x10,0x1C,
    0x4B,0x4D,0x80,0xA0,0x02,0x99,0x18,0xE2,0xB2,0x18,0x6A,0xB4,0x89,0x90,0x7B,0x1F,
    0x00,0x39,0x6B,0x88,0x18,0x0A,0x98,0x12,0xB0,0x22,0x2C,0x8C,0x98,0x14,0x81,0xE0,
    0xD2,0x38,0x09,0x00,0xA2,0xC8,0xF5,0x20,0x49,0x2A,0xA8,0xA0,0xA8,0xC0,0x0B,0x78,
    0xC5,0x50,0x80,0xA1,0xA1,0x00,0x88,0xA8,0xCA,0x00,0x8A,0x00,0xFA,0x92,0x34,0x00,
    0x11,0x88,0x90,0x07,0x0B,0x03,0x39,0x20,0x2F,0xA1,0x01,0xFB,0xA2,0x00,0x12,0x59,
    0x42,0x8B,0x1D,0x99,0x6A,0x88,0x1D,0x81,0x20,0x90,0x0C,0x1E,0x21,0x38,0xAA,0x97,
    0x98,0x0A,0x9B,0x8B,0x14,0x17,0x93,0xA9,0x98,0x89,0x2A,0xC1,0x18,0x26,0x4A,0xA8,
    0xB8,0x0D,0xA8,0xA4,0xC8,0xA5,0xA4,0xC2,0x88,0xA2,0x72,0x10,0xA0,0xC3,0x18,0x2A,
    0x8E,0xC2,0x91,0x03,0xB1,0x92,0x97,0x8A,0x29,0x3A,0x49,0x30,0x02,0x99,0xD8,0x09,
    0x20,0xD0,0x13,0x0D,0xA1,0xA7,0xA2,0x81,0xBB,0xD6,0x28,0x00,0x98,0x39,0x7A,0x0A,
    0x91,0x83,0x04,0x99,0x49,0x81,0x0B,0xA9,0xB0,0xBC,0x2F,0x20,0x0B,0x10,0xFA,0x41,
    0x8B,0x38,0x85,0x28,0x28,0x2A,0xAF,0xA4,0x09,0xA0,0x01,0x88,0xF5,0x82,0x21,0x0D,
    0x11,0x0A,0xB0,0xA5,0x7A,0x81,0x91,0x99,0x11,0x2F,0x08,0x92,0x29,0xC0,0x09,0x0A,
    0x4A,0x4A,0xB2,0xB1,0xE5,0x92,0x91,0x88,0x93,0x0A,0x92,0x06,0x69,0x8B,0xB2,0x3A,
    0x93,0x49,0x29,0xC8,0x2B,0x2F,0xC9,0x20,0x02,0xA5,0x19,0x4F,0x00,0x18,0x99,0x91,
    0xC4,0x82,0x90,0xB1,0xB5,0x8A,0x38,0xB0,0x31,0x04,0x8F,0x12,0x91,0x12,0x8E,0x00,
    0x1C,0x21,0x09,0x69,0x3A,0x8B,0x08,0xF1,0x93,0xB0,0xF2,0x82,0x89,0x81,0xD0,0x21,
    0x10,0x28,0xC6,0x38,0x80,0x99,0xA0,0x12,0x1E,0x8A,0xE3,0x01,0xB2,0x92,0x3B,0xC2,
    0x92,0x44,0x9A,0x04,0x0F,0x90,0xA1,0x21,0x59,0xB9,0xE2,0xA4,0x18,0xA1,0x04,0x9B,
    0x8B,0x53,0x09,0x88,0x09,0xD3,0x38,0x59,0x1D,0x48,0x8A,0x00,0x18,0x98,0x8C,0xB5,
    0xB4,0xD4,0x94,0x81,0x1A,0xA2,0x98,0x01,0xD0,0x82,0xB5,0x18,0x2B,0x82,0x82,0x69,
    0x20,0xAF,0x22,0xD0,0x29,0x89,0x09,0x99,0x38,0x7B,0x91,0xB2,0x92,0xD8,0x14,0xE0,
    0x93,0x09,0x93,0x88,0x2B,0xB6,0x0C,0x10,0x3B,0x28,0x04,0x2F,0x5B,0x1A,0x83,0x0A,
    0x11,0x3E,0x99,0x11,0x2E,0x1B,0x84,0xB1,0xC2,0x50,0x9A,0xA2,0x11,0xAC,0x81,0xB2,
    0x5A,0xB9,0x04,0x33,0x1C,0x82,0xD4,0x00,0x99,0x02,0x23,0xEA,0x59,0xC1,0x19,0x2B,
    0xB3,0xC3,0x20,0x3C,0x89,0x58,0x83,0x3B,0xBB,0x17,0xB2,0xC8,0xA1,0xC2,0x21,0x32,
    0xB0,0x2E,0x10,0x7B,0xA9,0x08,0x80,0xF1,0xA0,0x08,0x22,0x19,0x89,0x07,0x1A,0xEA,
    0xA5,0x02,0x9A,0x08,0x01,0xD9,0x02,0x89,0x03,0x1B,0x5A,0x28,0x2E,0x4B,0xD0,0xB1,
    0x50,0x90,0xC4,0x01,0x2A,0xA2,0x84,0x88,0x39,0x00,0xBA,0x09,0x89,0xE7,0x10,0xE1,
    0x00,0x28,0x09,0x20,0x1A,0x82,0xE0,0x82,0x20,0x3D,0xB1,0x08,0x41,0xF8,0x00,0x08,
    0x48,0x2F,0x09,0x1B,0x38,0x3C,0xA2,0x1A,0xE3,0x11,0x80,0xD1,0x84,0xF2,0x82,0x20,
    0x9C,0x10,0x80,0x80,0x2C,0x88,0x91,0x12,0x9E,0x03,0x49,0x2F,0x18,0x1B,0x91,0x12,
    0xBA,0xF2,0xA5,0x18,0x2A,0x0A,0x2A,0x0A,0x13,0x89,0x4A,0x83,0x01,0x0F,0x21,0x8F,
    0x8B,0xD8,0x04,0x38,0x42,0x49,0x22,0xD2,0xB0,0x2B,0x19,0x83,0xCF,0x30,0x89,0x9D,
    0x19,0x1B,0x12,0x53,0x49,0x9B,0x53,0x1A,0x30,0x99,0xA4,0x32,0xBA,0xE9,0xBA,0x7B,
    0x59,0x09,0x39,0x11,0x11,0x09,0xFC,0xC1,0x03,0x09,0x01,0xA8,0x95,0x20,0xE0,0xC1,
    0x83,0x49,0x28,0xA8,0x1B,0x2C,0x8B,0xC0,0x35,0x94,0x01,0xA9,0xDA,0xA0,0xB4,0x81,
    0x06,0x08,0xB2,0xA9,0xAB,0x1B,0x0E,0x01,0x97,0x10,0x90,0xCB,0x83,0x20,0x30,0xD9,
    0x07,0xA0,0x98,0xA0,0xD2,0x29,0x98,0x21,0x97,0x91,0x1D,0x88,0x10,0x82,0x87,0x10,
    0x2A,0x89,0x9A,0x09,0x43,0xA0,0x7C,0xB2,0x2A,0xD0,0x91,0xB1,0x2B,0xC1,0xB2,0x63,
    0x9A,0x09,0x87,0x38,0x80,0xB3,0x20,0x8C,0x98,0x07,0x89,0x2B,0xE4,0x90,0x90,0x4B,
    0xA0,0xC0,0x22,0xCA,0x04,0xA4,0x80,0x02,0x01,0x90,0xCA,0x91,0x78,0x1B,0xD0,0x00,
    0x18,0x2F,0x88,0x1B,0x19,0xA2,0x92,0x26,0x1C,0x31,0xF3,0x21,0x8A,0x1E,0x18,0x01,
    0x88,0xB9,0x02,0xAC,0x01,0xD7,0x82,0x82,0xA0,0xA9,0xA2,0x32,0xF5,0x11,0x10,0x19,
    0xA2,0xBA,0x58,0xA0,0xA4,0xB0,0x11,0x8A,0x03,0xD8,0xBB,0xF4,0x81,0x00,0x96,0x88,
    0x83,0x12,0x2A,0x5B,0xA2,0x2E,0x91,0xE1,0x09,0x00,0xB8,0x86,0x18,0x08,0xA0,0x38,
    0x29,0x92,0x21,0xF4,0x89,0x81,0x50,0x91,0xE8,0x34,0x1B,0x08,0x09,0xAA,0xA9,0x3A,
    0x4C,0xD2,0x0A,0x7B,0x80,0xB4,0x83,0xD3,0x80,0xA1,0x09,0xD1,0x82,0x18,0xE8,0x28,
    0x99,0x10,0xA1,0x31,0x92,0x3E,0xA8,0x81,0x64,0x98,0xAA,0xF5,0x80,0x18,0x90,0x30,
    0x2F,0x01,0x90,0x28,0xE1,0x02,0x89,0xD3,0x10,0xA0,0x92,0x0A,0x4F,0x91,0x0A,0xA4,
    0x10,0x7B,0x18,0xAA,0x1A,0x29,0x24,0xAC,0xD1,0x03,0xA1,0x81,0x00,0xF9,0x24,0x09,
    0x89,0x11,0xA8,0xC3,0x68,0x99,0xF3,0x88,0x38,0x80,0x3D,0xA9,0x81,0xA0,0x60,0x08,
    0x8A,0xA5,0x98,0xA2,0x86,0x1A,0xA8,0x93,0x44,0x0D,0xC1,0x90,0xA1,0x28,0x69,0x0C,
    0x19,0x08,0x58,0x3A,0x00,0x1B,0x7B,0x00,0x81,0x0D,0x8A,0x92,0x08,0x82,0x48,0x1D,
    0xA3,0x60,0xAB,0x02,0x03,0x0C,0x89,0x5A,0xAA,0x95,0x81,0x0A,0x81,0x40,0x8A,0x37,
    0x1D,0x0B,0x20,0xB9,0x18,0xB0,0xA1,0x94,0x30,0x2D,0x40,0x9C,0x4D,0x10,0xB1,0x96,
    0x81,0x2C,0x88,0xB4,0x10,0x4D,0xC1,0x81,0x08,0x98,0x2A,0x93,0xC3,0x95,0xE1,0x12,
    0x2A,0x18,0x1D,0x88,0x00,0x83,0xF2,0x1A,0xA2,0x80,0x90,0xA1,0xF4,0x82,0x2A,0x82,
    0xA8,0xE1,0xA2,0x48,0x18,0x80,0x8C,0x82,0x0C,0xD0,0xB0,0x17,0x39,0x0C,0x00,0x09,
    0x01,0xAB,0x28,0xA7,0x02,0xD2,0x08,0xA2,0x00,0x04,0x1D,0x98,0x16,0xE8,0x83,0x19,
    0x2C,0x08,0x48,0x89,0x28,0xF1,0x81,0x91,0x98,0x30,0xF0,0x30,0x2A,0x98,0xAA,0xD2,
    0x07,0x08,0x2A,0x90,0x88,0xD1,0x60,0x88,0xA9,0xA3,0x01,0x88,0x69,0x2D,0x2A,0x91,
    0x09,0x90,0x88,0xC6,0x38,0x1B,0x08,0x18,0x2E,0x2B,0x3A,0x53,0xAD,0x94,0x81,0x99,
    0x01,0xE1,0xA3,0x00,0x69,0x09,0x00,0xD2,0x80,0x8B,0x8A,0xE8,0x03,0x78,0x40,0x0A,
    0x13,0x38,0xE1,0xBA,0xE2,0xB2,0x39,0x8B,0x19,0xC1,0xC3,0x70,0x01,0x92,0x20,0x0D,
    0x88,0x81,0xC2,0x02,0x6A,0x92,0x89,0xB8,0xA3,0x83,0xC0,0xA3,0x01,0x0A,0x72,0xEA,
    0xC1,0x00,0x14,0x08,0x00,0x08,0xCD,0x90,0x23,0x8F,0x10,0x87,0x81,0xA9,0x8A,0x04,
    0x99,0x11,0x49,0x91,0x10,0x9F,0xB0,0x03,0x29,0x94,0x21,0xB8,0x8A,0xEA,0xAB,0x98,
    0x80,0x17,0xA3,0x8B,0x18,0xC5,0x11,0x29,0x79,0x98,0x02,0xC2,0xAB,0x1D,0x91,0x97,
    0x30,0x99,0x80,0x80,0xBD,0x30,0x02,0x44,0x89,0xA0,0xB5,0xB2,0x05,0xAA,0x84,0xA9,
    0x04,0x80,0xBC,0x48,0x4B,0x80,0x0A,0x3C,0xA4,0xA1,0xE0,0x10,0x38,0x80,0x99,0x07,
    0x08,0xC8,0x05,0xD1,0x80,0x21,0x1D,0xAA,0xB9,0x02,0xA2,0x28,0x79,0x00,0x80,0xA7,
    0x18,0x08,0x28,0x1F,0x08,0xC1,0x09,0x18,0x01,0xA3,0x2A,0x23,0xC6,0xD2,0x89,0x12,
    0xF3,0x90,0x85,0xB2,0x01,0x09,0x2C,0x10,0x38,0x8B,0xBB,0xD8,0xC5,0x82,0xB2,0x13,
    0x4B,0xF8,0x10,0x01,0x1B,0x3D,0x00,0x91,0x7B,0x09,0x08,0xD2,0x80,0x01,0x08,0xD4,
    0x11,0x89,0x1C,0x10,0xAA,0x13,0x2A,0xC7,0x11,0xA0,0x41,0x39,0x5C,0x99,0xC0,0x10,
    0xC2,0xF1,0x03,0x89,0x91,0x80,0x81,0x21,0x6B,0xD1,0xA2,0x09,0x39,0x6A,0x19,0xA9,
    0x83,0x8A,0x71,0xA0,0x0A,0x4A,0x0E,0x00,0x49,0x08,0xC9,0x13,0x20,0x09,0xA9,0x11,
    0x1C,0x5E,0x1A,0x81,0xB8,0x33,0x8F,0xB8,0x21,0x08,0x80,0x1C,0x01,0x89,0x7B,0x02,
    0x90,0x7A,0x1B,0x29,0x4A,0x0B,0xDB,0x80,0x02,0x6A,0x81,0xE2,0x03,0x2B,0x2B,0xD2,
    0xA3,0xB5,0xE1,0x12,0x0A,0xA4,0x98,0x01,0x10,0xB4,0xF3,0x08,0x69,0x89,0xA1,0xA0,
    0x19,0x85,0x08,0x1A,0x0D,0xB1,0x93,0x70,0x0A,0x18,0x13,0x1C,0x5A,0xBA,0x91,0x09,
    0x80,0xA4,0x2A,0xD8,0x83,0x18,0x48,0x89,0x5E,0x2B,0x91,0x88,0xC3,0xA4,0x00,0x08,
    0xA6,0x19,0x81,0xF8,0x91,0x93,0x1B,0x5A,0x90,0x32,0x4C,0x1A,0xB9,0xA7,0x91,0xB3,
    0x1B,0x7B,0x98,0x38,0xB2,0x80,0xAE,0x96,0x92,0x88,0x39,0x0A,0x92,0xA7,0x00,0xA1,
    0x1C,0x20,0x3B,0x1B,0x4E,0x2B,0x2A,0x00,0x23,0x5B,0xC9,0xA4,0xA2,0x1B,0x21,0xB0,
    0x8C,0x25,0x3D,0x01,0xA0,0xB2,0xF1,0x82,0x29,0xA0,0x90,0x7B,0x50,0x99,0x28,0xC8,
    0x81,0x3A,0x9B,0x00,0xA4,0x78,0x01,0x9F,0x04,0x82,0x1C,0xB1,0x90,0x2C,0x30,0x9C,
    0xB2,0x43,0x3A,0xE0,0xB2,0x19,0xC1,0x94,0x29,0x3B,0x92,0x1B,0x53,0x3F,0x80,0xC8,
    0x29,0x1C,0x3C,0xA8,0x03,0xA2,0xB4,0x85,0xA8,0xC3,0x02,0xA4,0x8E,0x01,0x2A,0x0A,
    0x73,0x3B,0xC2,0x18,0x2C,0x10,0x0E,0xB1,0x82,0x30,0x98,0x13,0x93,0x1F,0x29,0xC1,
    0x1A,0x89,0xA1,0xB3,0x3B,0x07,0x11,0x99,0xC8,0x2D,0x48,0xFB,0x83,0x09,0x88,0x03,
    0xA8,0xA1,0x17,0x1B,0x1B,0xD3,0x28,0xD1,0xA0,0x32,0x95,0x1E,0x11,0xB0,0x3B,0x2D,
    0x09,0x1B,0x3B,0xA5,0x03,0x60,0x99,0x39,0xBA,0x87,0x82,0xB8,0x05,0xCC,0xC2,0x0A,
    0x83,0xA1,0x70,0x95,0x83,0x98,0xC0,0xA1,0x3A,0xBB,0x19,0x82,0x90,0xCE,0x98,0x03,
    0x26,0x00,0x18,0x4F,0x10,0x08,0x0C,0x82,0x28,0xA2,0xD3,0xD3,0x9A,0x18,0x82,0x2A,
    0x24,0x60,0x09,0xA2,0xC9,0x8F,0x28,0x01,0x00,0x51,0x09,0x9B,0xA8,0x1A,0x11,0x71,
    0x98,0x12,0xAA,0xBD,0x00,0xB4,0x97,0x05,0x2A,0xC1,0xB0,0xA9,0x2A,0x7A,0x13,0x1B,
    0x90,0x9A,0x08,0xFA,0x29,0x20,0x88,0x18,0xE1,0x94,0x18,0x2B,0x81,0x41,0xC4,0x21,
    0x2B,0xCF,0x90,0xB2,0x24,0x89,0x00,0xB3,0x2C,0x5A,0x2A,0x4C,0x39,0x1B,0x82,0x82,
    0xB5,0xC1,0xA0,0x01,0x97,0x5A,0x09,0xB8,0x91,0xE3,0x38,0x3A,0xF8,0x80,0xA0,0x84,
    0x82,0x38,0xA0,0x82,0x3A,0xB2,0x87,0x01,0x2A,0x9C,0xCA,0x91,0xF2,0xA8,0x78,0x98,
    0x81,0x09,0xD9,0x14,0x91,0x48,0x2A,0x09,0x99,0xC4,0xC8,0x95,0x81,0x08,0x08,0xB8,
    0x82,0xD5,0x89,0x83,0xA8,0x52,0x20,0x1B,0x4A,0x6C,0x99,0xA1,0x00,0x1B,0x87,0xB0,
    0xA3,0x1B,0x40,0x1B,0xE1,0x81,0x31,0xC1,0x0D,0x1A,0x41,0x29,0x28,0x0D,0x80,0xA9,
    0x94,0x08,0x58,0x4B,0x1C,0x39,0x1A,0xA9,0xB6,0x0A,0x29,0x7D,0x08,0x91,0xD2,0x84,
    0x08,0x29,0x4A,0x0B,0x19,0x1A,0x09,0x80,0xC6,0x98,0x30,0x4A,0x30,0x29,0x1F,0x18,
    0x91,0xC0,0x02,0x3A,0x2A,0xC9,0xB4,0x17,0x1B,0x09,0x29,0x09,0xD8,0xA9,0xB5,0xA0,
    0x78,0xA8,0x81,0x05,0x11,0xAB,0xB5,0x29,0x80,0xC0,0x82,0xF3,0x19,0xB1,0x88,0x50,
    0xB8,0xA2,0x43,0x98,0x3D,0xB9,0x04,0xB7,0x20,0x80,0x1E,0x1A,0x19,0x91,0x82,0x0D,
    0x18,0xD4,0x81,0x90,0x38,0x2D,0x29,0x18,0x28,0xF3,0x3B,0xA1,0x94,0x95,0x8A,0x91,
    0x06,0x1B,0xD8,0x84,0x0A,0x08,0xC1,0x39,0x2A,0xB0,0x19,0x7D,0xA2,0x00,0x08,0xB2,
    0x02,0x90,0x1E,0x39,0x29,0x1B,0x1A,0x8C,0x33,0x8F,0x82,0xDA,0x83,0x51,0xE9,0x82,
    0xAB,0x72,0x88,0x88,0x21,0x2D,0xA1,0x10,0x0A,0x1F,0x48,0x0A,0x08,0x09,0x88,0x93,
    0x86,0xC1,0x18,0x5B,0x91,0x99,0x86,0x18,0x0A,0xC2,0x48,0x98,0x90,0x20,0x8C,0x12,
    0x0A,0x2B,0xDB,0x18,0x80,0xB7,0xA7,0x0B,0x00,0x82,0x22,0x0B,0x0D,0x78,0x08,0x00,
    0x89,0xB8,0xD4,0xA5,0x91,0x08,0x91,0xD2,0x83,0xB2,0xB2,0x11,0x92,0x99,0x40,0x5D,
    0x6A,0x09,0x88,0x4A,0x0B,0x42,0xAB,0xA1,0xD3,0x3A,0x18,0xA8,0xA5,0x39,0x20,0x0B,
    0x28,0x5E,0xAB,0xD4,0x11,0x09,0x13,0x0D,0xC0,0x18,0xA3,0x89,0x84,0xCB,0x85,0x98,
    0x48,0xB1,0xC1,0x21,0xE1,0xC3,0x03,0x99,0x48,0xA2,0xB1,0x97,0x88,0xA1,0x10,0xA3,
    0x20,0x4B,0x3F,0xC0,0xD2,0x30,0x18,0x9A,0x00,0x99,0x8A,0x86,0x1D,0x08,0x08,0x92,
    0x58,0x2A,0x10,0xA9,0x4D,0x29,0x2C,0x94,0xE1,0x02,0xA8,0x80,0xA0,0x90,0x40,0xB2,
    0x8B,0xA4,0x97,0xB2,0x78,0x1B,0x28,0x88,0x28,0x8C,0x4A,0x0A,0x3D,0xC8,0x31,0x09,
    0x2A,0x1A,0xD6,0xA2,0x39,0xB0,0x07,0x1C,0x60,0xA9,0xB4,0x01,0x89,0x69,0x1C,0x00,
    0x0A,0x3A,0x39,0x09,0x4D,0xE2,0x29,0xC3,0x10,0x1C,0x08,0x12,0x29,0x8A,0x2B,0xF2,
    0x18,0x11,0x39,0x8C,0x89,0x93,0x08,0x09,0x82,0x7C,0xA1,0xC2,0xE4,0x98,0x30,0x28,
    0x09,0x82,0x90,0x07,0x19,0x13,0x0F,0x11,0x18,0x02,0xBA,0x11,0xA4,0xA4,0x8B,0x51,
    0xC9,0xD2,0x83,0x80,0x1E,0x89,0x88,0x18,0x0B,0x0C,0x9A,0xA0,0x79,0xB9,0xA0,0xB3,
    0x95,0x42,0x98,0x99,0xA3,0xA2,0x07,0x2C,0x99,0x92,0x79,0x08,0x09,0xD5,0x91,0x92,
    0x20,0xE0,0x91,0x59,0x9A,0xA1,0xA1,0xA2,0x19,0x8D,0x03,0x1B,0x0E,0xA3,0x09,0xA7,
    0x83,0xA8,0x52,0xC3,0x91,0x93,0x19,0x7A,0x18,0x94,0x91,0x2A,0x6B,0x89,0x92,0x19,
    0x09,0x40,0xA9,0xA4,0xE3,0x98,0x48,0xA0,0xA0,0x10,0xF0,0x1A,0x0A,0xD3,0xA1,0x80,
    0x1A,0x8B,0x87,0x2E,0x1A,0xB1,0xA4,0x12,0x0F,0x28,0x0A,0x80,0x31,0x2B,0xA9,0x40,
    0x7B,0xB3,0x6B,0x89,0x32,0x2F,0x88,0x81,0x20,0x18,0x3B,0xC9,0x87,0x18,0x2A,0x89,
    0xB3,0xE1,0xB3,0x60,0x8A,0x81,0x2B,0x19,0xB0,0x98,0x1E,0x99,0xF4,0xA2,0x02,0x0B,
    0x00,0xC9,0x81,0xC1,0x92,0x3C,0x7A,0x0A,0x1B,0x2B,0x29,0x3B,0x01,0xA6,0x29,0x00,
    0x21,0x7C,0x2B,0xB0,0xA7,0x28,0x10,0x29,0x91,0x10,0x41,0x8A,0x3A,0xC7,0x93,0x04,
    0x5B,0x3B,0x19,0x2C,0x21,0x2D,0xC1,0x92,0x0A,0xB8,0x97,0x88,0xC2,0x21,0xA9,0x90,
    0x0B,0x80,0x09,0x3F,0xCB,0xA5,0x19,0x39,0x9C,0xD2,0xA4,0x28,0x1A,0xA6,0x18,0xA9,
    0x68,0x2B,0x91,0x91,0x3C,0x32,0x1F,0x91,0x98,0x19,0x04,0x99,0xC4,0x81,0xA2,0x84,
    0x4C,0xD3,0x08,0x11,0x98,0x05,0x28,0x8A,0x49,0x3F,0x81,0xA1,0x92,0x98,0x30,0x4C,
    0x8A,0xC9,0x84,0x5B,0x19,0xC9,0xA3,0xAB,0x69,0x80,0x08,0xF3,0x89,0x81,0x08,0xD0,
    0x83,0x3E,0xB9,0x02,0x91,0x3B,0xB9,0x3B,0x5C,0x80,0x00,0x0F,0x80,0x02,0x80,0x19,
    0xD9,0x96,0x82,0x48,0x08,0x8A,0x20,0x3C,0x28,0xA5,0xC5,0x28,0x82,0x39,0xA1,0xC5,
    0x21,0x3D,0x00,0x10,0x10,0xA8,0x88,0x81,0x7D,0x28,0xB8,0x50,0x98,0xA8,0x33,0xDC,
    0xB4,0xA2,0x11,0x29,0x98,0x8E,0x91,0xB0,0xA7,0xC2,0x18,0x89,0xC1,0x00,0x92,0x1F,
    0x90,0x19,0x18,0x88,0xB0,0xAA,0xF1,0xB4,0x03,0xB8,0x82,0x11,0x9E,0x93,0xB9,0x29,
    0x12,0x6B,0x1E,0x08,0xA0,0x48,0x89,0x12,0xD4,0x18,0x06,0x1C,0x81,0x98,0x80,0x23,
    0x3D,0x28,0x10,0x29,0xF1,0x58,0xB0,0xB5,0x01,0x08,0x02,0xF1,0x00,0x81,0xA0,0xA6,
    0xA1,0x78,0x29,0x99,0x03,0x1B,0x00,0x68,0x8B,0x82,0xA4,0x2A,0x39,0x81,0xB8,0x18,
    0x4E,0x03,0xA8,0x80,0xA9,0x6F,0xB0,0xA1,0x93,0x00,0x2E,0x0D,0x23,0x8E,0xA1,0x81,
    0x00,0x80,0xC2,0x1B,0x81,0x1B,0x04,0x1F,0x91,0xBA,0xB2,0x08,0x88,0x2A,0xC7,0xF3,
    0x01,0x20,0x9A,0x1A,0x89,0x71,0x99,0x10,0xA1,0x28,0x99,0x91,0x97,0x84,0x1D,0x90,
    0x84,0x82,0x1E,0x00,0xB8,0x13,0x18,0xA9,0x87,0x0C,0x10,0x3A,0x98,0xE1,0x03,0x09,
    0x81,0x5F,0x99,0x92,0x0C,0x32,0xC0,0x78,0x0C,0x08,0x00,0x09,0x03,0xB0,0x8F,0x32,
    0x1A,0xC1,0x81,0x4B,0xA8,0xA4,0x11,0xAE,0x04,0x09,0x91,0x92,0x89,0x2A,0x81,0x07,
    0x28,0x9F,0x01,0x01,0x31,0x0A,0x01,0xD8,0x24,0x02,0x02,0x3D,0x8E,0x23,0x18,0xA8,
    0x10,0x1D,0x92,0x29,0xC9,0x4B,0x9B,0xA0,0x82,0x9F,0x98,0xB9,0x94,0xB7,0x39,0xE1,
    0xA1,0x20,0x1A,0x81,0xC2,0x91,0x95,0x08,0xE2,0x95,0xA8,0xA5,0x02,0x3A,0x8B,0x18,
    0x31,0x2F,0x98,0x09,0x01,0x2D,0xA0,0x8A,0xC2,0xE3,0xB1,0x31,0x18,0x8D,0xB8,0x34,
    0x0D,0x18,0x08,0x18,0x5A,0x5C,0x1B,0x12,0x2B,0x09,0x79,0x90,0x28,0x39,0x3A,0x83,
    0x08,0x31,0x51,0x3D,0x28,0xC1,0x69,0xA8,0x92,0x29,0x81,0x5D,0x8C,0xB2,0x48,0xAA,
    0x98,0x10,0xF3,0x08,0x4B,0x0D,0x81,0x8A,0x01,0x1B,0x5B,0xB0,0x92,0x3E,0x82,0xB0,
    0x60,0x90,0x39,0x1A,0xF5,0x02,0x98,0xA2,0x18,0xA4,0x10,0x88,0xC1,0x42,0x98,0x20,
    0x5C,0xF2,0x94,0xA8,0x81,0x38,0x0D,0xA0,0x01,0xC1,0xD3,0x20,0x2D,0x90,0x98,0x28,
    0x98,0x2E,0x1A,0x09,0x09,0x1E,0xA1,0x49,0x1A,0x5A,0x1D,0x08,0xA3,0x18,0x01,0x88,
    0x0B,0x70,0x3A,0x1D,0xB2,0x52,0x8A,0x84,0x39,0xA9,0x33,0x50,0xB4,0x83,0x95,0xB1,
    0x21,0x8A,0x87,0x2B,0x90,0x31,0x3F,0x98,0x02,0x0C,0x91,0x58,0x0B,0x3B,0xE8,0xB2,
    0x01,0x2F,0x99,0x28,0x5B,0x9B,0x80,0xC2,0xB0,0x31,0x5C,0x99,0x4A,0x2A,0x8A,0xB1,
    0x11,0x9B,0xA0,0xF4,0x03,0x3C,0x9A,0x85,0xA8,0x04,0x40,0x0C,0x10,0xB2,0x21,0x1F,
    0xE3,0x02,0x29,0x10,0x1A,0x91,0x15,0x39,0xAA,0x87,0xC3,0x10,0x19,0x18,0xA8,0xE3,
    0x01,0xB1,0x20,0x7C,0xAA,0x82,0x1A,0xF2,0x81,0x28,0xBA,0x20,0xE8,0xC3,0x91,0x1B,
    0x2A,0x80,0x0F,0xA1,0x00,0x1C,0xB1,0x6A,0x0B,0xA3,0x3C,0xF1,0x01,0x90,0x1A,0x39,
    0x99,0x02,0x08,0xA1,0x13,0x1C,0x14,0x5B,0x79,0xA8,0x86,0x38,0xA9,0x22,0x2F,0x18,
    0x49,0x3C,0x90,0x20,0x18,0x59,0x81,0xB9,0x87,0x10,0x80,0xA4,0x3A,0xD0,0x02,0x4A,
    0x98,0x11,0x4C,0x88,0x88,0x31,0x9C,0x90,0x81,0x19,0x42,0xF3,0xAC,0xA6,0x88,0x88,
    0x19,0xA8,0xC4,0x59,0x0D,0x81,0xA9,0x12,0x1E,0x88,0xA3,0x08,0x8A,0x1F,0x38,0x9C,
    0xA3,0x28,0x9C,0xE3,0x94,0x90,0x91,0xA1,0x80,0xA5,0x3A,0x3B,0xC8,0x91,0x52,0x2C,
    0x09,0xA8,0x61,0x1D,0x01,0x31,0x3E,0xD1,0x01,0x80,0x81,0x09,0xB1,0x13,0xD3,0x50,
    0x98,0x83,0x88,0x91,0x16,0xC1,0x01,0x91,0x83,0x23,0x3F,0x91,0x2E,0x31,0x2A,0x4B,
    0x80,0x92,0xC0,0x00,0x3B,0xF1,0xB6,0xA2,0x20,0x98,0x7B,0x9A,0xA1,0x22,0x98,0x2A,
    0xC4,0x00,0xBB,0x3C,0x29,0xBA,0x92,0x2D,0x23,0xFB,0x2A,0xC0,0x3A,0xC4,0x2A,0x90,
    0xD0,0x95,0xAA,0x83,0x4A,0x81,0x1F,0x3A,0x88,0xA8,0x3A,0x0F,0x29,0xE5,0x81,0x08,
    0x00,0x38,0x0E,0xB3,0x10,0xB1,0x81,0x40,0x8A,0x92,0x8D,0x81,0xB5,0x02,0xA8,0x08,
    0xA3,0xA7,0x79,0x9A,0xB4,0x82,0x58,0x1A,0x1B,0x93,0x3D,0x21,0x0B,0x28,0xA3,0x39,
    0xA6,0x82,0xF6,0x80,0x00,0x08,0x01,0x8A,0x03,0x3B,0x2F,0x11,0xA9,0x98,0x7A,0x5B,
    0x90,0x1A,0xD3,0x80,0x08,0x52,0xB8,0x10,0x1F,0x30,0x99,0x02,0xA9,0x07,0x1A,0x18,
    0xA0,0x94,0x2A,0x88,0x82,0xB5,0x90,0x29,0x82,0x3F,0x2B,0x0F,0x2A,0x1A,0x0E,0x11,
    0x0B,0x6C,0x0C,0x00,0x88,0x08,0x1A,0x1A,0xD3,0xA1,0x61,0x0D,0x93,0x00,0x92,0xB8,
    0x33,0x89,0xC5,0x09,0x41,0xA0,0xB2,0xC2,0x01,0x82,0xAC,0xA3,0x1E,0x01,0x1F,0x29,
    0x19,0x1D,0x80,0x8A,0x90,0x95,0x29,0x9B,0x96,0x82,0xA3,0x02,0x58,0xA9,0x93,0x28,
    0xB7,0x91,0x50,0x10,0x7A,0x39,0x1A,0x18,0x3A,0x9A,0x4A,0x0A,0x12,0x28,0xFA,0x05,
    0x1C,0xB2,0xD0,0xA2,0x81,0x8B,0xAC,0xA2,0x28,0xF1,0x08,0x80,0xDA,0x97,0x2A,0x99,
    0x0A,0x81,0x82,0x6A,0x18,0x81,0x90,0x70,0x90,0x88,0x21,0x2A,0x94,0x79,0x89,0x93,
    0xC1,0x84,0x3A,0xC0,0x03,0x2D,0x18,0x88,0x2B,0xA4,0x7A,0x0B,0x40,0x9C,0xD2,0x82,
    0xA0,0xB4,0xA0,0x02,0xC2,0xA0,0x81,0xF3,0x88,0x0B,0x81,0x8A,0x89,0x7D,0x98,0x18,
    0x0A,0x94,0x88,0x2D,0x99,0xB5,0x40,0x18,0x28,0xA2,0x40,0x48,0x8A,0xB3,0x90,0x27,
    0x8B,0x95,0x94,0x31,0xCA,0x43,0xCA,0x94,0x90,0x39,0xD1,0x92,0x30,0x3B,0x08,0xA0,
    0x7C,0x0A,0x3B,0x0D,0x80,0x90,0x3A,0x89,0x48,0x0E,0xA8,0x82,0x9C,0xF1,0xC4,0x91,
    0x20,0x89,0x89,0x82,0x69,0x0B,0xB2,0x10,0x28,0x8A,0x3C,0x72,0x8B,0x92,0x94,0x80,
    0x09,0x19,0xB7,0x01,0xB3,0xB3,0x7A,0x8A,0x87,0x08,0x69,0x99,0x18,0x91,0x81,0x48,
    0x2A,0xA0,0x94,0x29,0xC9,0xA3,0x29,0x4B,0x0C,0x02,0x91,0xCB,0x25,0x0F,0x98,0x09,
    0x1D,0xB3,0x2F,0xB1,0x11,0x98,0x1C,0x40,0x8C,0x99,0xA1,0x18,0xD1,0x98,0x94,0xA3,
    0x11,0x3D,0xB9,0x83,0xF9,0xB3,0x82,0x81,0xB8,0x85,0x13,0x90,0x74,0x1C,0x88,0x29,
    0xB1,0x21,0x59,0xA4,0x82,0x83,0x34,0x2C,0x82,0x2A,0x50,0x1D,0x11,0x6A,0xA0,0x12,
    0x00,0x09,0x40,0x9A,0x82,0x3D,0xA8,0xB3,0x05,0x8C,0x84,0x28,0x0F,0x8A,0x40,0x1C,
    0xBA,0x94,0x83,0xF2,0x80,0x09,0xA0,0xA8,0x3E,0x88,0xA9,0x2C,0x01,0xE8,0x91,0xB8,
    0x50,0xDB,0x80,0x02,0xC9,0xB3,0x20,0xB2,0x5A,0x18,0x8E,0xA7,0x18,0x8A,0xB3,0x30,
    0x80,0x99,0xA7,0x03,0xCA,0x15,0x1D,0x92,0x4B,0x88,0x02,0x00,0x5C,0x88,0xA0,0x13,
    0x98,0x90,0x87,0x2B,0xA5,0x08,0x94,0x92,0x5A,0x08,0x88,0x10,0x0A,0xA4,0x39,0xA8,
    0x7D,0x49,0x8A,0x82,0x39,0xA9,0x00,0x3A,0x3A,0x1C,0x58,0x89,0xC2,0x83,0xF9,0x93,
    0x9A,0x92,0x9D,0x93,0xB1,0x82,0xE7,0x10,0x08,0x9A,0x2A,0xAD,0x86,0x2B,0xB0,0x50,
    0x1C,0x90,0x92,0x8A,0x5D,0xB8,0x02,0xB8,0x21,0x19,0xD1,0xB3,0x80,0x18,0x2F,0x90,
    0x09,0xE2,0x59,0x19,0xC3,0x11,0x9A,0x32,0x3B,0xF1,0x81,0x82,0x09,0x08,0x13,0x2D,
    0x97,0x09,0x81,0xC2,0x02,0x91,0x7A,0x0D,0x02,0x2A,0x90,0xB1,0xC6,0x82,0xA2,0x38,
    0x80,0xCC,0x84,0x38,0x02,0x38,0x9F,0x21,0xA9,0x14,0xF1,0x00,0x3C,0x90,0x03,0x88,
    0xEB,0x03,0x3A,0xA3,0x0B,0xF0,0x82,0x88,0xA4,0x90,0xB2,0xF1,0x84,0xB2,0x30,0xD0,
    0x8B,0x15,0x39,0x8B,0x82,0x7A,0xB0,0x03,0x2D,0x4B,0x18,0x98,0x10,0x32,0x8F,0xB8,
    0x42,0x19,0x9C,0x81,0x88,0xC3,0xB9,0x83,0x1C,0xA0,0xAA,0x22,0x9B,0x9F,0xA8,0x7B,
    0x09,0x78,0x09,0x1A,0x92,0x81,0x98,0xA2,0x59,0x11,0xA3,0x3F,0x38,0x1B,0x4C,0x3B,
    0xC1,0x84,0x1B,0x0C,0x32,0x8E,0x02,0x4C,0x1B,0x88,0x09,0x1C,0x93,0x1B,0x4E,0x18,
    0x2D,0x08,0x18,0x3A,0xB1,0x24,0x2D,0xA4,0x01,0x8B,0x04,0x13,0x2C,0x11,0xAB,0x27,
    0x99,0x81,0x09,0x13,0x24,0x7B,0x4B,0xAA,0x18,0xA0,0xA2,0xD9,0xB8,0x52,0x8E,0x81,
    0xAB,0xD2,0xA4,0x39,0xA1,0x39,0x8D,0xE1,0x21,0x99,0x5B,0x98,0xD2,0x11,0x90,0x18,
    0xA1,0x60,0x09,0x97,0x18,0x2B,0x01,0x88,0xC4,0xA3,0x12,0xA8,0x79,0x80,0xA1,0xC2,
    0x95,0x21,0xB0,0x29,0x83,0x0C,0xB9,0x2A,0xF3,0x18,0x2F,0x19,0xA9,0x2B,0x98,0x81,
    0x09,0x0A,0x1E,0xAC,0x85,0x9A,0x00,0xC0,0xF0,0x11,0x89,0x01,0x2A,0x28,0x4A,0xB6,
    0x10,0x18,0x98,0x54,0x2A,0x01,0x2E,0x88,0xA6,0x01,0xB1,0xA3,0x07,0xB3,0x31,0x5E,
    0x0B,0x80,0x92,0xB2,0x01,0x0B,0x41,0x1F,0xA8,0x93,0x10,0xB8,0x85,0x99,0x0A,0x39,
    0x1F,0xC2,0xC1,0x81,0x0A,0x09,0xA3,0x1B,0x00,0x03,0x8D,0xB6,0x18,0x1A,0x0A,0x81,
    0xE3,0x5D,0x0A,0x90,0x92,0x2A,0xA0,0x10,0x07,0x69,0x0A,0x89,0x92,0x91,0x50,0x80,
    0x39,0xF2,0xA5,0x88,0x01,0x81,0x94,0x92,0xD8,0x85,0x90,0x81,0xA2,0x7B,0x89,0x90,
    0x92,0xE2,0x29,0x19,0x38,0xD1,0x08,0x2C,0x91,0xA1,0x09,0xD1,0x99,0xA6,0x19,0xC8,
    0x93,0x7B,0x0C,0xA0,0x80,0x80,0x0B,0x14,0x8E,0x01,0x18,0xA0,0x90,0xE3,0x20,0xE0,
    0x02,0x80,0x20,0x1B,0x50,0xE8,0x02,0x10,0x18,0x13,0x08,0x59,0x00,0xF3,0x51,0x8A,
    0xA3,0x00,0x18,0x24,0xDA,0x94,0x48,0x80,0x49,0x1C,0x93,0x81,0x39,0xD8,0x83,0x89,
    0xCA,0x95,0x40,0x0A,0xB8,0x30,0xF2,0x01,0x21,0x9D,0x01,0x18,0x0B,0xBC,0xB2,0xA7,
    0xAA,0x91,0x81,0xF8,0xB8,0x40,0x9A,0x19,0x15,0x8C,0xD0,0x81,0x49,0x0C,0x3A,0x09,
    0xF8,0x41,0x8A,0x81,0xBA,0x83,0x10,0xB3,0x6B,0xD1,0x02,0xA8,0x10,0x4A,0x9A,0x10,
    0x91,0x6A,0x8A,0x02,0x80,0x69,0x1A,0xB7,0x58,0x88,0x00,0x79,0x8A,0x11,0x29,0xB1,
    0x71,0x2B,0x90,0x91,0xB4,0x23,0x1C,0x48,0x11,0x0F,0x91,0x11,0x99,0xB3,0x60,0xC9,
    0x03,0x39,0x0C,0xA8,0x97,0x28,0x2C,0x92,0x2A,0x38,0x0F,0x91,0xB1,0xB2,0x03,0x59,
    0x3D,0x8D,0xA1,0x21,0xD2,0x18,0x0A,0x94,0x89,0x80,0x6C,0x0C,0x00,0x88,0x94,0x0B,
    0x80,0x1A,0x9A,0x87,0x98,0xA1,0xA4,0xA0,0x22,0xF1,0xA1,0x21,0x2F,0x00,0x1B,0x19,
    0x89,0x30,0x3F,0xAB,0x78,0x88,0x1A,0x01,0xA1,0x88,0xA1,0x90,0x16,0x0C,0x93,0xCA,
    0x78,0x09,0xA0,0x30,0x02,0x1E,0x39,0x6B,0x0A,0x28,0x29,0xC6,0x91,0x92,0x18,0x0B,
    0x2F,0x4C,0x29,0x59,0x10,0x09,0x08,0x80,0xB2,0xD9,0xB0,0x86,0xBA,0x96,0xB9,0x40,
    0x18,0x01,0x83,0xD2,0x01,0xB8,0x38,0x39,0x18,0xF2,0x11,0xA2,0xC8,0xC4,0xC2,0x82,
    0x29,0x19,0x3F,0x81,0x1B,0x1A,0x99,0x91,0x02,0x0F,0xD3,0x5B,0x81,0x98,0x0B,0x4A,
    0x32,0x82,0xB9,0xF9,0x2B,0x1F,0x10,0x10,0x22,0xB1,0x8B,0x0F,0x98,0x12,0x01,0xB1,
    0x10,0x1C,0xA4,0x19,0x8C,0xE0,0x29,0xC1,0x92,0xB5,0xB1,0x2B,0x02,0x16,0x23,0x3F,
    0x3B,0x8A,0xB9,0x18,0xA3,0x94,0x30,0xD3,0xB3,0x7C,0xC9,0x81,0xA1,0x97,0x92,0x81,
    0x90,0xA2,0xD1,0x82,0x53,0xE9,0x93,0x20,0x88,0xA8,0x80,0x0A,0x39,0xC1,0x19,0x01,
    0x5F,0x1B,0xA2,0x18,0x86,0x82,0x5B,0x08,0x8A,0xB1,0x30,0x1F,0x3B,0xF3,0x08,0x08,
    0xB2,0x2B,0x29,0x30,0x90,0x02,0x4D,0xA0,0xC4,0x0A,0xC2,0x82,0x32,0xA8,0xB8,0xF8,
    0x33,0x9A,0x40,0xCC,0xA7,0x18,0x00,0x1C,0x30,0xD3,0x81,0xA0,0x2F,0x91,0x83,0x21,
    0x8D,0x2A,0x2C,0x8A,0x18,0x01,0x08,0x0E,0x0D,0x12,0x19,0x9B,0xA1,0x87,0x82,0x0B,
    0x04,0xAB,0x85,0x89,0x09,0x00,0xF1,0xA1,0x8A,0x80,0xA0,0x12,0x04,0x78,0x4B,0x2C,
    0x84,0x8B,0x01,0xE1,0x82,0x31,0xAC,0x11,0x89,0xB0,0x71,0x2B,0x81,0x68,0x1A,0x0A,
    0xA7,0x88,0xB2,0x18,0x11,0xB5,0x04,0x09,0xA2,0x79,0xAA,0x82,0x09,0x98,0x83,0xF0,
    0x5A,0x3B,0xB1,0xD2,0x06,0x90,0x10,0x09,0xC9,0x83,0x24,0x0C,0xF0,0x81,0x90,0x01,
    0x08,0x08,0xF4,0x01,0x00,0x88,0x18,0x0A,0x08,0xC8,0x83,0xD4,0x30,0x29,0x9B,0x90,
    0xB2,0x78,0x9C,0x11,0x39,0x1E,0x10,0x99,0x7A,0x0C,0x48,0x89,0x29,0x49,0x0B,0xC4,
    0xB2,0x39,0xF2,0x81,0x91,0x18,0xA1,0x80,0x4B,0xA8,0x18,0xC9,0x38,0x2C,0xB5,0xA5,
    0x18,0x00,0x63,0xA8,0xE9,0x10,0x08,0x19,0xA3,0x98,0xB4,0x21,0x42,0xBC,0x96,0x92,
    0xF3,0x19,0x01,0xA1,0x90,0x94,0x19,0x7B,0x18,0x8A,0x4B,0x4C,0x91,0xB1,0xD2,0x00,
    0x09,0x11,0x28,0xD1,0x02,0x7C,0x98,0x81,0x89,0x99,0x22,0xE1,0x98,0x92,0x1B,0xB3,
    0x94,0xD1,0xA4,0x91,0x21,0x3B,0xD0,0x14,0x93,0x0F,0x2A,0x90,0x89,0x70,0x1C,0x89,
    0x11,0x02,0xB0,0x01,0x08,0x1F,0xA1,0x81,0x19,0xA1,0x80,0x07,0x0C,0x91,0xC3,0x09,
    0x03,0x89,0x60,0x0B,0x41,0x9D,0x83,0x8C,0x49,0x10,0x0E,0x92,0xA4,0x18,0xD9,0x87,
    0x29,0x98,0x01,0xC1,0x80,0x10,0x91,0xAA,0xB6,0xC2,0xF2,0x02,0x88,0x20,0xE1,0x84,
    0x1A,0x08,0x98,0x08,0x02,0x3D,0x08,0x1A,0x94,0x98,0x95,0x03,0xDC,0x30,0x4A,0x8A,
    0x91,0x90,0x4A,0x30,0x0F,0x90,0x19,0x58,0x89,0x00,0xC4,0x99,0x21,0xA2,0x0C,0x00,
    0x3F,0x02,0x09,0x99,0x81,0xB0,0x87,0x09,0x4B,0x59,0xB9,0x28,0x91,0x13,0xC0,0x92,
    0x3E,0xD3,0x19,0x98,0x79,0xA4,0x3B,0x02,0x9C,0x3C,0x2A,0xA2,0xC5,0x39,0x98,0xA7,
    0xA1,0x01,0xB8,0xA3,0xC4,0x92,0xD4,0x91,0x88,0xB3,0x12,0xB8,0x4C,0x08,0x4B,0x28,
    0x22,0x0E,0x8C,0x3A,0x1B,0x8F,0x82,0x01,0x29,0x17,0x09,0x00,0x12,0x8A,0xFB,0x8C,
    0x08,0x00,0x11,0x9A,0xA9,0x80,0x07,0x05,0xC1,0x39,0x82,0x88,0xC0,0x04,0x20,0xA0,
    0x60,0x8C,0x9B,0xA2,0x58,0x3A,0x58,0x4B,0xD8,0xA2,0x30,0x0A,0x0A,0x40,0xA1,0xC4,
    0x93,0xAC,0x10,0x2A,0x81,0x87,0x18,0x92,0xF6,0x91,0xA1,0x10,0x88,0x51,0x09,0xD0,
    0x09,0xA9,0x81,0x87,0x11,0x29,0x10,0x1B,0x8F,0x98,0x80,0x40,0x1A,0xAA,0x18,0x1B,
    0x87,0x3A,0x19,0x70,0x30,0x99,0xAC,0xC2,0xA0,0x21,0x29,0xA1,0xC0,0xD3,0x85,0x9B,
    0x30,0x68,0x0A,0x01,0x84,0x0A,0x3D,0x3C,0xA8,0x91,0x12,0x8A,0xA5,0xB0,0x9C,0x22,
    0xF2,0x00,0xA7,0x18,0x09,0x9C,0x28,0x58,0x11,0x28,0x0D,0x81,0x4B,0x08,0x12,0xB9,
    0x3E,0x99,0x48,0xDA,0x82,0xA6,0x89,0x81,0x2B,0xD2,0x23,0x09,0x0A,0xE4,0x81,0x18,
    0x00,0x3F,0x0A,0x18,0x90,0x5B,0x91,0xF2,0x28,0xB2,0x18,0x39,0xB9,0x93,0x97,0x81,
    0x1B,0xB0,0x52,0x1C,0x00,0xB0,0x1B,0x29,0xBA,0x6A,0x21,0x3E,0x8A,0x2C,0x98,0xA7,
    0x03,0x89,0xA7,0x00,0x98,0x81,0x0A,0x10,0x01,0x2B,0x8F,0xA7,0x90,0x28,0x89,0xC1,
    0x31,0xA8,0x04,0xB1,0x60,0x0C,0x50,0x88,0x81,0x8A,0x90,0x89,0x91,0x1F,0x84,0x38,
    0xE0,0x92,0x90,0x01,0x99,0xC2,0x87,0x90,0x92,0xB0,0x24,0x88,0xBA,0x95,0x00,0xE3,
    0x12,0x0A,0x3B,0x8F,0x81,0xD9,0x12,0x29,0x09,0xA3,0xBB,0x77,0x19,0x9B,0x94,0x80,
    0x01,0x8A,0xB8,0x5B,0x99,0x23,0x0C,0x38,0xF2,0x08,0x30,0x8B,0x03,0xF0,0xC3,0xF2,
    0x81,0x01,0x89,0xA3,0x81,0xB4,0x91,0x18,0x98,0x88,0x20,0x7C,0x02,0x98,0xC9,0x7A,
    0x2A,0x2B,0x39,0xDA,0x85,0x90,0x90,0x02,0x91,0x41,0x0E,0x88,0x00,0x09,0x0B,0x11,
    0x3E,0x1B,0xA6,0x31,0xA0,0xA0,0xB4,0xF3,0x81,0x90,0x8A,0x40,0x1A,0xB1,0x04,0x0C,
    0xA1,0x88,0xB3,0x0B,0xF2,0x7C,0x5A,0xAB,0x03,0x91,0x08,0x00,0x80,0x81,0x88,0xD8,
    0x10,0x7C,0x90,0x92,0xCB,0x48,0x82,0x1C,0x01,0x39,0x7B,0xA9,0x68,0xB8,0xB3,0x92,
    0xC1,0x11,0x1D,0x12,0x80,0x4C,0x88,0x02,0x91,0xD9,0x94,0xB2,0x14,0x9C,0x0B,0xA5,
    0xA4,0xB1,0x03,0x89,0x43,0xD0,0x18,0x09,0xC1,0x31,0xC5,0xA2,0x00,0xB8,0x87,0xA8,
    0x81,0x80,0x90,0xB1,0xC7,0x92,0x18,0x22,0x9A,0x50,0x9B,0x48,0x0D,0x0A,0x18,0x39,
    0x87,0xA8,0x90,0x12,0x12,0xFA,0xA2,0xA3,0x2C,0x1C,0xD5,0x80,0x18,0x4B,0x98,0x59,
    0xA9,0x12,0x9B,0x87,0x1A,0x88,0x03,0xD9,0x82,0xB0,0x40,0xA9,0x98,0x00,0x22,0xF2,
    0x93,0x52,0x0D,0x00,0x08,0xA2,0xD9,0x22,0x1C,0x98,0xB6,0xB5,0x92,0x01,0x98,0x86,
    0x89,0x0A,0x08,0x38,0x7A,0x18,0x0A,0x1A,0x11,0xF2,0x18,0x90,0x98,0x09,0x20,0x4B,
    0xA8,0x0B,0x37,0x0A,0xBC,0x94,0x0A,0x13,0x08,0xDF,0x95,0x91,0x28,0x88,0xAA,0x27,
    0xBB,0xA3,0xA2,0x03,0xB9,0xD4,0xB3,0x21,0x00,0x2E,0x81,0x1D,0xA3,0x1C,0x10,0x5C,
    0x2C,0x19,0xA2,0x93,0xA1,0x81,0x32,0xF6,0x80,0x90,0x18,0x18,0xA9,0xDB,0x09,0x73,
    0x13,0x11,0x22,0x9B,0xC3,0xF9,0xAB,0x08,0x38,0xC4,0xC8,0x99,0x06,0x01,0x80,0x86,
    0x80,0x09,0xC1,0x23,0x28,0x2E,0x80,0x82,0x0A,0xD8,0x89,0x6A,0x98,0x09,0x20,0x13,
    0x69,0xA8,0xA8,0x8B,0x85,0x18,0x0F,0xB8,0x22,0x00,0xF2,0x8A,0x05,0x81,0xA4,0x08,
    0x1C,0x1C,0x1B,0x22,0x30,0x12,0xC4,0xCC,0x98,0x2A,0x22,0xA0,0x02,0x97,0x48,0xAB,
    0xB8,0x39,0x2F,0x0A,0x92,0x81,0xB8,0x01,0x0D,0x28,0x47,0x11,0x80,0x9D,0xB1,0x98,
    0x39,0x88,0x21,0x03,0x33,0x3F,0x0F,0x39,0x0C,0x30,0x82,0x01,0x14,0xBD,0x90,0x1B,
    0xA5,0x32,0x08,0x00,0x3C,0xAF,0x02,0x98,0xC8,0x92,0x92,0x71,0xBC,0x00,0xB4,0x12,
    0x07,0x90,0x11,0xC0,0x09,0x92,0x1D,0x88,0x99,0x2E,0x98,0x20,0x0A,0xAB,0x84,0x30,
    0x7B,0x49,0x39,0x89,0xB2,0xD5,0x82,0x8C,0x05,0x0A,0x2B,0x80,0x98,0x11,0x1F,0x30,
    0x80,0x1A,0x90,0x48,0x7D,0x91,0x89,0x04,0x0C,0x9A,0x13,0xD2,0x20,0xC9,0x90,0x10,
    0x39,0x03,0x04,0x8B,0x9E,0xA2,0xB2,0x4A,0xF2,0x21,0x29,0x3E,0x81,0x89,0x01,0x28,
    0x09,0x91,0xE6,0x19,0x89,0xD4,0x28,0xA8,0x23,0x01,0x8D,0x84,0x19,0x08,0x11,0xF1,
    0x81,0x83,0x08,0x9A,0xEB,0x94,0x29,0xB1,0xC4,0x84,0x19,0xC2,0xA1,0x41,0xE1,0x81,
    0x01,0x01,0xD8,0xA3,0x18,0xC9,0x82,0xF1,0x92,0xA1,0xA0,0x01,0x84,0x10,0x90,0xB2,
    0x86,0xB7,0x19,0x08,0xC1,0x98,0xA2,0x32,0xB0,0x3E,0xDB,0x01,0x33,0x2A,0x9D,0x91,
    0x88,0x84,0x08,0x95,0x0F,0x10,0x92,0x00,0x3F,0x80,0x1E,0x09,0x22,0x1A,0xC1,0xB8,
    0x33,0x2A,0x91,0xF2,0x80,0xD2,0x58,0x1B,0x38,0x3C,0x2A,0x3B,0xF2,0x02,0xA0,0x31,
    0xF3,0x80,0x80,0xC8,0x20,0x28,0xE2,0xA9,0x04,0x80,0x91,0xF0,0x22,0x1B,0x02,0x01,
    0xAC,0xA8,0x02,0xC8,0x91,0x18,0x3C,0xA3,0x4D,0x38,0x48,0x3D,0x8C,0x7A,0x19,0x9A,
    0x40,0xD8,0x11,0xB3,0x94,0xA8,0x90,0xA2,0x21,0xB2,0x8D,0xA7,0x38,0x2C,0x88,0x95,
    0xB3,0x99,0x81,0x83,0x0D,0x00,0xC2,0xB9,0x68,0x7B,0x80,0xA9,0x13,0x3C,0x1D,0x80,
    0x02,0x2D,0x98,0x21,0x80,0xE1,0xB0,0x84,0x08,0xB2,0xA7,0x00,0x00,0xB2,0x2A,0xA1,
    0x00,0x2A,0x9D,0x80,0x72,0x1B,0x08,0x09,0x06,0xB1,0xA2,0x41,0x8F,0x91,0x01,0x28,
    0x99,0xA2,0x41,0xE9,0x91,0x3A,0x9A,0x7A,0x89,0xC4,0x20,0x82,0xAB,0x98,0x15,0x92,
    0xA0,0x2F,0x98,0x8B,0x93,0x15,0x5D,0x2D,0x08,0xA1,0x08,0x11,0x8C,0x18,0x92,0x31,
    0xF1,0x18,0x91,0xE8,0x80,0x81,0x02,0x3A,0x5B,0x90,0x88,0x5D,0x19,0x18,0x1A,0x80,
    0xF3,0x09,0x91,0x21,0x19,0x2B,0x1C,0x31,0x7A,0xC9,0x29,0x38,0xD0,0x59,0x3A,0x9A,
    0x86,0x88,0x29,0xD8,0x48,0x6A,0x1C,0x90,0xB2,0x29,0x41,0xC9,0xA2,0xA2,0x88,0xC2,
    0x32,0x0B,0x7B,0x0A,0x19,0x1B,0x79,0x4B,0x0A,0x90,0xA1,0x7B,0x98,0xA0,0x93,0x3A,
    0x81,0xD0,0x82,0xB2,0x96,0x2D,0x68,0x2C,0x1A,0x90,0x28,0x00,0x1F,0x12,0x88,0xF1,
    0x81,0x99,0xA1,0x88,0x35,0x88,0x43,0xC2,0x91,0x92,0xBD,0x01,0x88,0x2D,0x29,0x0D,
    0x1C,0x99,0x82,0x83,0x47,0x89,0x20,0xDB,0x02,0x84,0x98,0x01,0x88,0xA8,0x88,0x2A,
    0xDC,0x11,0x85,0x86,0x09,0x81,0x80,0xBB,0x99,0xAC,0x64,0x18,0x80,0xF2,0x82,0x92,
    0x1A,0x82,0x2C,0x6B,0x90,0x88,0x1F,0x08,0x80,0x11,0x11,0x28,0x8B,0xAE,0x2D,0x09,
    0x11,0x13,0x42,0x8D,0x90,0x00,0xE2,0x90,0xC9,0x49,0x88,0x0A,0x09,0x81,0x83,0x50,
    0x22,0x86,0x91,0xAC,0xF0,0x00,0x00,0x92,0xA0,0xB7,0x20,0x3B,0x3C,0x39,0x7A,0x0A,
    0x10,0xA0,0x9A,0xA3,0x01,0x29,0xB6,0x07,0x08,0x89,0xA3,0xBA,0x49,0x98,0x2A,0x8D,
    0x9B,0x00,0x95,0x99,0x16,0x42,0x28,0x0C,0xE2,0x81,0x23,0x80,0xF1,0xB0,0x81,0xAB,
    0xA3,0x4A,0x0C,0x88,0x10,0x6E,0x18,0x10,0x8B,0x20,0x38,0x1C,0xD1,0x1D,0x90,0x08,
    0x42,0xE9,0x12,0xA2,0x9A,0xB4,0x80,0xF1,0x21,0xA0,0x61,0xB8,0x82,0x40,0xAB,0x38,
    0xA0,0x48,0x28,0x3C,0x1B,0xCB,0x17,0x89,0x00,0x3D,0x1A,0x9C,0x02,0x79,0x2A,0x89,
    0xD1,0x12,0x80,0xC4,0x11,0x09,0x1D,0x39,0x90,0x8B,0x81,0xF1,0x90,0x82,0xB0,0x13,
    0x1D,0x72,0x09,0x88,0x50,0x89,0x2A,0x20,0x19,0x4C,0x0E,0x88,0x91,0xA8,0x95,0x09,
    0x7A,0x08,0x01,0x0A,0xA4,0x99,0x53,0x9B,0x28,0x68,0x2A,0xB1,0x81,0x1B,0x8A,0x2A,
    0x9F,0x78,0x8A,0x01,0x1E,0x39,0x92,0x00,0x19,0xA8,0xB2,0x84,0x93,0x1E,0xD0,0x88,
    0x02,0x1B,0x19,0x87,0xC2,0x48,0x0B,0xC2,0x81,0x4B,0x3A,0xAA,0x93,0xA3,0x85,0x93,
    0xF1,0x01,0x1A,0x4A,0xA7,0x08,0x19,0x9B,0xC3,0x25,0x8D,0x90,0x89,0x43,0x3C,0x1B,
    0x39,0x19,0x1B,0x08,0x87,0x08,0x3D,0x9A,0xA5,0x09,0x1A,0xB5,0x0A,0x01,0xB1,0x87,
    0x89,0x83,0xC0,0x84,0x81,0x09,0x9B,0x53,0x2D,0xAA,0x01,0x99,0xA4,0x1C,0xA9,0x17,
    0xB8,0x82,0x08,0x3F,0x01,0x1C,0x00,0xB0,0x13,0x7B,0x0A,0xB2,0xBC,0x35,0xA9,0xC0,
    0x93,0x2A,0x33,0xAB,0x73,0x6B,0xA9,0x92,0x10,0x2B,0x20,0x2A,0xD9,0x92,0xA4,0x2C,
    0xA2,0x90,0x30,0x1E,0x3A,0x90,0x95,0x01,0x2D,0xA9,0x82,0x94,0xD2,0x08,0x2E,0x23,
    0x90,0x01,0x0F,0x90,0x80,0x9A,0x05,0xC0,0x10,0x10,0x88,0x93,0xCC,0x92,0x38,0x53,
    0xF1,0x1A,0x00,0x08,0x2D,0x29,0x79,0x38,0x98,0x88,0x93,0xB6,0xC8,0x00,0xB3,0xC4,
    0x13,0x90,0x9A,0x85,0xE1,0xA8,0x92,0x80,0x91,0x00,0x2C,0x4B,0x91,0x7B,0x88,0x0C,
    0x81,0xC2,0x80,0x4A,0x11,0x0F,0x01,0x3B,0x18,0xB9,0xD4,0x79,0x09,0x91,0x91,0x31,
    0x0C,0x82,0xC0,0x00,0x4C,0x09,0x23,0x8D,0xD8,0x13,0xB9,0x11,0x20,0x05,0x0E,0x48,
    0x80,0x8A,0x28,0xB3,0x18,0x0C,0x79,0x0A,0x80,0x10,0xAC,0x00,0x04,0x92,0x9A,0x79,
    0x08,0xA0,0xA0,0x29,0xF2,0xA8,0xA4,0x5A,0x2B,0x18,0xA1,0x96,0x1D,0x29,0x90,0x84,
    0x90,0xA0,0x39,0x0D,0x89,0x92,0xB2,0xC4,0x30,0xA8,0x12,0xF4,0x91,0xF1,0x10,0x89,
    0x38,0x99,0x7A,0x2A,0x8A,0x95,0x19,0x6A,0x98,0xA9,0xC0,0x00,0x03,0xD5,0x54,0x09,
    0x80,0x00,0xB9,0x91,0xF2,0x90,0x00,0x0A,0xA9,0x30,0x5B,0x61,0xA1,0xA2,0x82,0x11,
    0xD0,0x00,0x80,0xA4,0x10,0x83,0x9C,0xEA,0x03,0x89,0xD5,0x82,0x08,0x82,0x89,0xFB,
    0x28,0x20,0x3A,0x0E,0x14,0x00,0xD9,0x89,0x81,0x80,0x63,0xB1,0x1A,0x0B,0x8B,0xA8,
    0x2B,0x70,0x17,0xC1,0x0A,0xA8,0x31,0x09,0x10,0x01,0x7B,0x80,0xCB,0x19,0x0F,0x09,
    0x90,0x83,0x84,0x2C,0x28,0x9B,0x2B,0x17,0x15,0x09,0xBA,0x21,0x8E,0xA0,0x1B,0x33,
    0x2A,0x35,0xD0,0x0C,0x88,0x5A,0xA2,0x95,0x48,0x88,0x80,0x0C,0x19,0x12,0x10,0x68,
    0x88,0x8D,0x28,0xCA,0x28,0x19,0x4C,0x3A,0xDA,0x91,0x92,0x18,0x85,0xA0,0x22,0x81,
    0x49,0x2E,0x9B,0x88,0x0B,0x21,0xAB,0x5B,0xB0,0x39,0x1F,0xBC,0x70,0x20,0xB0,0x21,
    0x4A,0x6B,0xB1,0x89,0x21,0xE3,0xA3,0x1A,0x08,0x3A,0xB7,0x90,0x80,0x48,0x0F,0x01,
    0x99,0x14,0x01,0x81,0xF9,0xA2,0x28,0x31,0xA9,0xA2,0xC8,0xC1,0xF9,0x84,0x82,0x99,
    0xB1,0xB1,0x29,0x7A,0x00,0x28,0x09,0x4A,0x72,0x1F,0x19,0x18,0x19,0x88,0x90,0xC3,
    0x0A,0x80,0xA8,0x1A,0x72,0x2B,0x38,0x2B,0xC4,0x82,0x42,0xB9,0x4B,0xC3,0x22,0x1F,
    0x89,0x08,0xA2,0xAA,0x7B,0x28,0xA2,0xA1,0x29,0xA9,0xB3,0x4A,0x2C,0x5C,0x28,0x12,
    0x3B,0xC0,0x79,0x09,0xAA,0xC2,0x1A,0x22,0x9A,0xF1,0x11,0xD5,0x40,0xB8,0x11,0xC2,
    0x10,0x98,0x92,0x23,0x49,0xB0,0x8F,0x6A,0x19,0x1A,0x28,0xC9,0x01,0xA2,0xD0,0x87,
    0x98,0xC2,0x82,0x90,0x01,0x19,0xBA,0x85,0x8A,0xD3,0x12,0x1A,0xF2,0xA0,0x13,0x19,
    0x8C,0x99,0x91,0xA6,0x90,0x80,0x70,0x2B,0x30,0xA8,0x81,0xC9,0x94,0x0A,0x21,0x4F,
    0x99,0x21,0x9C,0x59,0x3A,0xA2,0xC9,0x94,0x29,0x02,0xD8,0x34,0x1B,0xF2,0x20,0xA8,
    0x2C,0x00,0x02,0x1B,0x39,0xCC,0x97,0x92,0xA8,0xA2,0xD4,0x90,0x84,0x9A,0x00,0x85,
    0x1C,0x03,0xE9,0x94,0x80,0x09,0x38,0xB0,0xF1,0x38,0xB0,0x94,0x1A,0x93,0x5B,0x99,
    0x93,0x2A,0xA4,0x88,0x0A,0x40,0xC4,0x38,0x1E,0x91,0x01,0x48,0x8C,0x98,0xB5,0x28,
    0xC5,0x90,0x09,0x86,0x90,0x00,0x20,0x1C,0x59,0x8A,0xB1,0xD4,0x01,0xA8,0x96,0x1A,
    0x09,0x30,0x80,0xBB,0x85,0x01,0x99,0x00,0x61,0x0B,0xB1,0xA5,0x30,0xBB,0x98,0x05,
    0x49,0x2C,0x9A,0x6D,0x3A,0x1C,0x01,0x18,0x51,0x8B,0x2D,0xA1,0x00,0x28,0x80,0xDB,
    0x13,0x8C,0x30,0x83,0x89,0x0C,0x73,0x1D,0x81,0x0A,0x0B,0x59,0x80,0xAA,0x3A,0x38,
    0x93,0xC3,0xAD,0x7B,0x92,0xF0,0x82,0xA1,0xA2,0x95,0x09,0x0B,0x93,0x03,0xA9,0x88,
    0xBA,0x74,0x9A,0x91,0x22,0x3D,0x78,0x8A,0x89,0x01,0x89,0x20,0x82,0x21,0xC4,0x41,
    0xB4,0x9F,0xA1,0x02,0x3B,0x99,0x0B,0x17,0x80,0x3A,0x88,0xE8,0x38,0x9B,0x98,0x80,
    0x60,0x3A,0x98,0xA7,0x59,0x1A,0x18,0x8D,0x88,0x96,0x89,0x80,0x28,0x49,0xB9,0x12,
    0x11,0x9B,0xC8,0xA6,0xC1,0x19,0x48,0x91,0x02,0x03,0x91,0x2F,0x98,0x02,0xCF,0xA3,
    0x93,0x27,0x98,0x48,0x21,0xE0,0xC9,0xC3,0x80,0x00,0x98,0x3C,0x00,0xC8,0x91,0x20,
    0x02,0x35,0x90,0x80,0x3E,0x08,0x92,0x2B,0xB3,0x07,0x90,0xAD,0x49,0xB2,0x94,0x81,
    0xAA,0x4B,0x82,0x9B,0x8A,0xC5,0x36,0x10,0xE8,0x01,0xA2,0xA8,0xDB,0x00,0x04,0x92,
    0x08,0xB4,0xF3,0x92,0x90,0x1C,0x12,0x7B,0x89,0x1A,0xC8,0xB4,0x21,0x82,0x04,0x80,
    0xEA,0xA9,0xA8,0x89,0x93,0xB4,0x53,0x2F,0x88,0x80,0x18,0x20,0x80,0x97,0x81,0x19,
    0x2C,0x9B,0x09,0x7A,0x2A,0x29,0xA8,0xCB,0x97,0x90,0x30,0x01,0xA6,0x18,0x0A,0x4A,
    0xE3,0xB1,0x11,0x20,0x00,0x91,0xF2,0xA0,0xB1,0x00,0x59,0xA8,0x91,0xC0,0xC2,0x11,
    0x88,0x86,0xA5,0x81,0xA2,0x4B,0x91,0xA8,0x97,0x88,0xCA,0xC4,0x80,0x99,0x92,0x02,
    0xE4,0x90,0x12,0x80,0x00,0xB0,0x07,0x09,0x99,0x98,0xB0,0x72,0x2B,0x99,0x48,0x10,
    0x09,0xD0,0xD0,0xA4,0xA3,0x92,0x13,0x89,0x5A,0x7A,0xB9,0xB3,0x03,0xC4,0x92,0x00,
    0xA9,0xF2,0xA1,0x19,0x40,0x3D,0xA8,0xB2,0x88,0xA7,0x00,0x81,0x93,0x28,0x19,0x2F,
    0x29,0x8A,0xC5,0x91,0xB2,0xE2,0xA5,0xA1,0x19,0x01,0xBB,0x23,0x05,0x08,0xB1,0x09,
    0x30,0x62,0x80,0x1E,0x1A,0x32,0x08,0x2C,0x1D,0x9C,0x13,0xB1,0x98,0x49,0xD8,0x42,
    0x19,0x19,0x17,0xBA,0x40,0x0A,0x2D,0x08,0xC8,0x81,0xA2,0xB1,0x00,0x90,0x70,0xAB,
    0x6F,0x08,0x88,0x38,0xB9,0x85,0xB8,0x02,0x38,0x1A,0xA2,0x4A,0x0F,0x5A,0x00,0x0A,
    0x89,0x89,0xE3,0x12,0x8D,0x12,0x02,0xA1,0xF2,0xB4,0x81,0x38,0xA1,0x38,0x0C,0x9A,
    0x48,0xA0,0xDA,0x04,0x3F,0x18,0x08,0x1A,0xA9,0xB1,0xA5,0x91,0xC6,0xB2,0x22,0x3B,
    0xAA,0xA0,0x15,0x4E,0x99,0x80,0x08,0x89,0x92,0x79,0xE1,0x01,0xB2,0x28,0x18,0x09,
    0x2D,0x08,0x2B,0xB1,0x32,0x1E,0xE2,0x93,0x10,0x00,0x2B,0xD2,0x6A,0x69,0xA9,0xA4,
    0x89,0x90,0x13,0x99,0xD1,0x93,0x09,0x33,0xA9,0x10,0xC2,0xA8,0x74,0xC8,0xA2,0xC1,
    0x82,0x00,0x28,0x3C,0x9A,0x34,0x8F,0x21,0xB1,0x49,0x99,0x20,0x9C,0x24,0xAC,0x7B,
    0x8A,0xA4,0x80,0x11,0x99,0xA3,0xC5,0x94,0x90,0x04,0x8A,0x98,0x08,0x3C,0xA3,0xF1,
    0x1A,0x2A,0x84,0x18,0x08,0x03,0x1A,0x0F,0x10,0x0B,0x53,0xB0,0x4F,0x80,0x88,0xA9,
    0x11,0xE3,0xA2,0xC0,0x92,0xA2,0x02,0x49,0x0D,0xA4,0x92,0xB2,0x21,0x33,0x8F,0x39,
    0x2B,0x19,0x8E,0x19,0x81,0xB4,0xC2,0x82,0x2C,0x41,0x82,0x92,0x9C,0xAA,0x17,0x08,
    0xB2,0x1A,0x82,0x0C,0x28,0xC2,0xE8,0xB5,0x13,0x2C,0x5B,0x89,0x9A,0x08,0x39,0x82,
    0x1D,0xE0,0x92,0x3A,0x7A,0x0B,0x02,0x18,0xAB,0x80,0x82,0x8D,0x58,0x20,0xE1,0x80,
    0x20,0x3F,0x09,0xA8,0x00,0x95,0x19,0xA2,0xAA,0x02,0x70,0x4A,0xA9,0xE6,0x81,0x39,
    0x88,0x00,0x98,0x90,0xA2,0x86,0x88,0x00,0xA3,0xD6,0x80,0x81,0x00,0x5A,0x2B,0xB0,
    0x10,0x23,0x4C,0xBF,0x31,0xD2,0x80,0x08,0xD3,0x91,0x63,0xCB,0x84,0x99,0x01,0x88,
    0x80,0x91,0xD3,0x20,0x81,0x87,0xC8,0x90,0xB9,0xA2,0xA5,0x22,0x10,0x51,0x01,0x11,
    0x99,0x98,0xF0,0xAB,0x19,0xC4,0x9C,0x18,0x18,0x87,0x04,0x98,0x81,0xA0,0xE2,0x98,
    0x13,0x93,0x02,0x03,0x0A,0xF9,0x80,0x95,0x9A,0x49,0x82,0xAA,0x1C,0x90,0x8A,0x6E,
    0x18,0x00,0x92,0xD8,0xA0,0x82,0xC1,0xA4,0x01,0xA4,0xC2,0x03,0xFB,0xB8,0x33,0x02,
    0x50,0x4A,0x8A,0x91,0x0F,0x81,0x21,0x19,0x92,0xC9,0xE0,0x91,0x3A,0xD0,0x1A,0x00,
    0xB3,0xC5,0x49,0x8D,0x12,0xA3,0x02,0x59,0x00,0x8C,0x0F,0x88,0x81,0x11,0x00,0x20,
    0x0D,0x90,0xC8,0x48,0x88,0x01,0xC4,0x12,0x98,0xAB,0xA1,0x17,0x02,0x1A,0xB3,0xE4,
    0x10,0x8C,0xA1,0xA5,0x01,0xA3,0x9C,0x3A,0xF2,0x00,0x00,0x28,0x40,0xA2,0x90,0x91,
    0xA3,0x72,0x80,0x3B,0x2C,0xBB,0x8F,0x19,0x90,0x50,0x10,0xD8,0x80,0x81,0x17,0xB8,
    0x91,0x02,0x8D,0x98,0x92,0x18,0x14,0x0A,0xD3,0x85,0xA1,0xD2,0x1A,0x49,0x9A,0x40,
    0x20,0x3B,0xB9,0xD3,0x82,0x55,0x2C,0x98,0x0B,0x08,0xAA,0x69,0x82,0x7B,0x99,0xA1,
    0x1A,0x89,0x85,0x91,0x88,0x10,0xB4,0xA9,0x14,0xB3,0xC7,0xA1,0x11,0xB8,0x7A,0x98,
    0x2D,0x89,0x3B,0x10,0xB2,0x93,0x21,0xA8,0xC8,0x24,0x97,0x21,0xAA,0x8B,0x83,0x5F,
    0x1A,0x8B,0x07,0x18,0x0C,0x18,0xB8,0x82,0x09,0x71,0x19,0x2D,0x92,0x89,0x80,0x25,
    0x99,0x90,0xD0,0x00,0xA9,0x85,0xA8,0xB0,0x28,0x1A,0x34,0x2D,0x1F,0x28,0x08,0x4D,
    0x38,0x9C,0x82,0xB0,0x18,0x30,0x8E,0x00,0xF0,0x10,0x3B,0x91,0x92,0x21,0x2A,0xA8,
    0xC4,0x98,0x5B,0x10,0x90,0x1F,0x39,0xB3,0xB4,0x09,0x85,0x18,0x59,0xBC,0x4A,0x49,
    0x19,0x91,0x91,0xAB,0x56,0x1D,0x00,0x88,0x98,0x02,0x19,0x39,0xB9,0xD6,0x02,0x1B,
    0x80,0xC3,0x92,0xC8,0x6A,0x39,0xD3,0xC1,0x12,0x80,0x08,0x10,0xBC,0x70,0x98,0x08,
    0x18,0xA5,0x39,0x49,0x0D,0xA2,0x9A,0x48,0xC0,0xB4,0x20,0x3D,0x28,0x98,0x21,0x1B,
    0x2A,0x71,0x80,0x9D,0x00,0x08,0x08,0x11,0x1F,0x1A,0x03,0xBA,0xD6,0x28,0x89,0x05,
    0x9A,0x91,0xB1,0x05,0xC0,0x20,0x4A,0x0C,0xA9,0x01,0x19,0x11,0x00,0x6B,0x6B,0x09,
    0x99,0x11,0x59,0x99,0xC3,0x16,0x99,0x89,0x10,0x99,0x01,0x31,0x3C,0xC8,0xD2,0x02,
    0xD3,0x04,0x00,0xB0,0xC4,0xD1,0xB3,0x01,0x18,0x81,0x0F,0x30,0xF1,0x81,0x98,0x01,
    0xB8,0x11,0xA0,0x28,0x01,0xF5,0x89,0x82,0x19,0x2B,0x3A,0xC0,0xE2,0x08,0x80,0xF4,
    0x82,0xB2,0xB0,0x83,0xD5,0x38,0x5A,0xB0,0x18,0x89,0x92,0x40,0x1C,0x2A,0x0B,0xB2,
    0x64,0x98,0x2B,0x97,0xB0,0x08,0x78,0x29,0x89,0x91,0x99,0x50,0x4A,0x99,0x9B,0x20,
    0x8F,0x5A,0x48,0x82,0x01,0x2B,0xBC,0x31,0x0A,0xAD,0x98,0x43,0x9A,0x7C,0x40,0x08,
    0x18,0x98,0x91,0xB2,0xA9,0xCE,0xB1,0x92,0x11,0x44,0x30,0x39,0xA8,0xA2,0xFB,0x0A,
    0x40,0x28,0x31,0x1A,0x39,0x8C,0x0E,0xAB,0x31,0x3D,0xA9,0x8B,0x99,0x85,0x95,0x83,
    0x23,0x43,0xFA,0xA0,0x88,0xD2,0xB1,0x29,0x09,0x08,0x4D,0xB8,0x00,0x15,0xA8,0x96,
    0x09,0x8D,0xA7,0x91,0x89,0x20,0x31,0xA2,0x80,0xC0,0x83,0x09,0xD8,0x21,0x16,0x88,
    0x1A,0xFB,0xA8,0x73,0x91,0x1A,0x19,0xC1,0x94,0x89,0x0A,0x85,0x82,0x48,0xAB,0x2A,
    0x8B,0xA3,0xCA,0x7D,0x2A,0x11,0x1D,0xA9,0x38,0x70,0x19,0x0B,0x10,0x88,0xDA,0xA2,
    0xB9,0x93,0xA7,0x43,0x8C,0x99,0xA3,0xD2,0xA2,0x21,0x04,0xA1,0x1B,0x0D,0xB2,0x79,
    0x28,0x3B,0x3D,0x99,0x98,0x09,0xA1,0x03,0x78,0xA0,0x81,0x81,0x89,0x00,0x7C,0x69,
    0x88,0x08,0x3C,0x2A,0x8D,0x3A,0xC3,0x82,0xA0,0x11,0x31,0x9B,0xE1,0xA4,0x22,0x18,
    0x21,0x9F,0x86,0x18,0x1B,0x0A,0x08,0x00,0xEA,0x11,0xC1,0x21,0x58,0x1F,0x28,0x12,
    0x0B,0x19,0x08,0xF1,0x91,0xB8,0xB7,0x90,0x21,0xA1,0xA3,0x33,0xD2,0x29,0x1F,0x2A,
    0x91,0x5B,0x8A,0xA9,0x18,0x7B,0x39,0x1C,0x31,0x1C,0x89,0xC3,0x28,0x9B,0x09,0x18,
    0x80,0xF3,0x12,0x89,0x3D,0x9A,0x96,0x1A,0x21,0xE2,0x81,0x84,0x30,0xFA,0x10,0x20,
    0x9A,0x81,0x29,0x2A,0x8C,0x84,0x19,0x71,0x5B,0x89,0x5B,0xA8,0x04,0x1C,0x11,0xAA,
    0x01,0x18,0x98,0x91,0xBF,0xD4,0x30,0x00,0x98,0x93,0xAB,0x87,0x94,0x0A,0x11,0xF0,
    0x80,0x09,0x10,0xC0,0xA1,0xA8,0xA4,0x83,0x70,0x8A,0x9A,0x24,0xF0,0x81,0x18,0xA8,
    0xB4,0x91,0x39,0x8B,0x06,0xD2,0x21,0x0A,0x90,0x09,0x07,0xA8,0xB3,0x88,0x1E,0x10,
    0x19,0xF3,0x10,0x88,0x6B,0x10,0xA0,0x82,0x8C,0x84,0x3A,0x89,0x04,0x0E,0x18,0x20,
    0x9F,0x10,0x40,0x90,0x1B,0x48,0x1B,0x0A,0x96,0x3B,0xB3,0x6B,0x0B,0x31,0x2E,0xA8,
    0x89,0x48,0x94,0x19,0x19,0x5B,0x89,0x40,0x90,0x9B,0x12,0x0C,0x07,0x99,0x09,0xA9,
    0x6C,0x88,0x18,0x10,0xAC,0x02,0x95,0x03,0x92,0x0E,0xB1,0x93,0x1B,0x8F,0x12,0x2B,
    0x28,0x98,0x9A,0x99,0x71,0xD1,0x91,0x0A,0x80,0x22,0x71,0x0B,0x8C,0x40,0xA6,0xE1,
    0x08,0x18,0x10,0x10,0x90,0x83,0x1B,0x82,0x98,0x0F,0xD3,0x3A,0x10,0x38,0x19,0xA8,
    0x95,0x2B,0xA9,0x7B,0x30,0x1C,0x95,0x18,0xA9,0x21,0xF4,0xB9,0x41,0x98,0xA2,0xF0,
    0x92,0x93,0x89,0x83,0xA3,0x9B,0x73,0xA8,0xA0,0x2B,0x01,0x2F,0x88,0xA9,0x09,0x26,
    0x80,0x19,0x1F,0x1A,0xA1,0x00,0x31,0xEA,0x23,0x18,0xF1,0x90,0x68,0x8A,0x00,0x88,
    0xA3,0xA2,0xC3,0x96,0x80,0x09,0xA4,0x2A,0x8B,0x12,0x48,0x19,0x9F,0x39,0x08,0xC4,
    0x01,0xB3,0xC2,0xA8,0x97,0x01,
};

#endif
